period,trial,use_absolute_momentum,use_inverse_vol,use_vol_target,use_rank_buffer,use_correlation_guard,use_capacity,trading_days,total_return,annualized_return,maximum_drawdown,sharpe,sortino,calmar,annualized_volatility,turnover,annualized_turnover,transaction_cost,average_cash_ratio,average_risk_weight,longest_underwater_trading_days,worst_rolling_three_year_return,positive_day_ratio
full,factorial_000000,False,False,False,False,False,False,3053,0.14250541230354563,0.011057192983708664,0.6463945131126463,0.19296955812623193,0.30221229993267446,0.017105951179046813,0.3148597682071853,339.33956254419604,28.009685476952964,480677.8701553808,0.004224881928513484,0.9957751180714866,2707,-0.5767003614305717,0.508679986898133
full,factorial_000001,False,False,False,False,False,True,3053,-0.013051044337555107,-0.0010837599328721303,0.5996674163700673,0.14036204946234962,0.21858184228303948,-0.0018072683345585006,0.28733989807365345,340.24745857190527,28.084624814975474,440597.71459856327,0.006149834285222356,0.8763997445886742,2707,-0.5277897183396856,0.5132656403537504
full,factorial_000010,False,False,False,False,True,False,3053,0.35822102257292054,0.025594339284643164,0.600484127920405,0.2344176937498499,0.3686606244714489,0.04262284062907943,0.29896833422374225,352.5918545189098,29.103553009749515,534186.1131005074,0.00490173603596985,0.9950982639640301,1388,-0.5654513112805037,0.5168686537831642
full,factorial_000011,False,False,False,False,True,True,3053,0.2939483209085054,0.02149870580119373,0.5536728392551775,0.21368173463808504,0.3370061761847246,0.038829258502394,0.2687955489866051,350.58985181151695,28.938304178349906,480316.46695085976,0.006911976124803511,0.8731694811891986,1388,-0.5197989682289572,0.5188339338355715
full,factorial_000100,False,False,False,True,False,False,3053,-0.08033339581333976,-0.006888546835989606,0.7148549154946175,0.13421874954661522,0.2081703503330217,-0.009636286590018521,0.3113556628560487,187.18673395735468,15.450722881511096,252972.58538741892,0.004992242377136909,0.9950077576228632,1364,-0.6725564662179124,0.5139207337045529
full,factorial_000101,False,False,False,True,False,True,3053,-0.11623420292323228,-0.010147288503775886,0.6767726739954293,0.1102798523686785,0.17082915475890242,-0.014993643942314991,0.28982733474315614,196.1717200953105,16.192359470690548,250358.9716848203,0.006982807080538769,0.9067764824456281,1532,-0.6194968530476179,0.5139207337045529
full,factorial_000110,False,False,False,True,True,False,3053,0.3090906140749965,0.02248015084690347,0.6397162901213003,0.22434097310106332,0.3516793863110193,0.035140813504437846,0.29914564325120524,235.74628611237551,19.4589138880834,381513.0257497044,0.005356198187619158,0.9946438018123808,1361,-0.5725630428144783,0.520799213887979
full,factorial_000111,False,False,False,True,True,True,3053,0.1728780205485041,0.01324915933993065,0.5545212672580224,0.18406271904175142,0.2884375540171429,0.023892968804324916,0.2703065624851298,243.70970460243706,20.116228483398015,338852.28575396317,0.00872422199933174,0.8780476918695322,1362,-0.5039331043665712,0.5214543072387815
full,factorial_001000,False,False,True,False,False,False,3053,1.0701649935617494,0.061899964533477014,0.45052047450556987,0.4215641958469609,0.6903737174979323,0.13739656250120488,0.18163064138667387,305.2188503906188,25.193301768239742,628673.6870384575,0.0076201275064690125,0.7356411627063479,1177,-0.4247361548708154,0.511300360301343
full,factorial_001001,False,False,True,False,False,True,3053,0.8956715186130206,0.054209813090299486,0.3647260193503242,0.40962908592402303,0.6653000458065761,0.14863160348927623,0.1602550171852483,287.019005804553,23.691054524319473,558835.4715016243,0.008488596023060409,0.6150442500313553,1177,-0.33486289764373944,0.512610547002948
full,factorial_001010,False,False,True,False,True,False,3053,1.2800463320601798,0.07039803084487106,0.423677877187874,0.4668902623219207,0.7674832012243995,0.16615932677942033,0.18069828388960427,321.9456505155029,26.573961326533485,683353.4407499975,0.008155049074289936,0.7603341882247567,1226,-0.38982111206721914,0.5198165738617753
full,factorial_001011,False,False,True,False,True,True,3053,1.1502910559111355,0.06523372792173898,0.3427308556610109,0.4798661738969385,0.7885655519512706,0.19033514737365964,0.15758536087399183,299.00138694108597,24.68010137869429,589027.4227143645,0.00983946176674018,0.63903830171371,1148,-0.29309961030960174,0.5204716672125778
full,factorial_001100,False,False,True,True,False,False,3053,1.0176833485386276,0.059651615687253745,0.5043046885081459,0.4132554042436638,0.6689601825868527,0.11828487231343716,0.17906239456286685,189.92872065005108,15.677051295058261,382486.79660036304,0.010046662914672629,0.7328480631190994,1203,-0.5014751354729983,0.5175237471339665
full,factorial_001101,False,False,True,True,False,True,3053,0.902406246254021,0.05451845222479923,0.42135923234102335,0.4094391670855061,0.6604303415002192,0.12938710734282713,0.16158556841837934,184.94791391436354,15.265926729911435,354339.8582902749,0.010485425205385859,0.6365980196924373,1203,-0.4182392891332034,0.5162135604323617
full,factorial_001110,False,False,True,True,True,False,3053,1.2378141602530817,0.06874744840161195,0.4774767599874854,0.45926979468981816,0.7486230332567982,0.143980721498181,0.18014424940056767,228.17418145032318,18.833899025706334,515110.4046912488,0.00828735862953767,0.7619999907282344,1177,-0.4479060706252467,0.523419587291189
full,factorial_001111,False,False,True,True,True,True,3053,0.9357817253423157,0.05603334499182466,0.39549044395224053,0.4225636983615015,0.6841897932300804,0.14168065461169843,0.1589618752861542,218.167924119687,18.007964912597814,430825.9764752445,0.01002932128358696,0.6461207181736688,1177,-0.3651854693234895,0.5224369472649852
full,factorial_010000,False,True,False,False,False,False,3053,0.16790027854979472,0.012893514500993408,0.6190045967395472,0.19656953455132384,0.3069516665933178,0.02082943255818582,0.30898458631293196,356.3537596154439,29.414067285650788,507022.2710865161,0.006589050126389779,0.9934109498736102,1529,-0.5570712697936289,0.5149033737307567
full,factorial_010001,False,True,False,False,False,True,3053,0.019444808155627102,0.0015908676568787694,0.5596333558636606,0.14552366702670022,0.22602183827621963,0.002842696276428421,0.27872078161110986,354.9020197283693,29.294238117114006,470158.36887690326,0.01083805400876181,0.8630680652911297,1529,-0.5055918728406245,0.5145758270553554
full,factorial_010010,False,True,False,False,True,False,3053,0.38634206523941783,0.027330620663512883,0.5942245037836122,0.23885099903731996,0.37357006126376063,0.045993762440778393,0.2922836143089941,370.6289420523526,30.592365999735623,573353.7295886846,0.005853956090259021,0.9941460439097408,1362,-0.5494542005427068,0.5224369472649852
full,factorial_010011,False,True,False,False,True,True,3053,0.3489555607220247,0.02501503219168555,0.5273214649333118,0.2253702250894959,0.352579755098282,0.047437917580027016,0.260641143022529,365.18387610339425,30.14292066100732,518662.713436509,0.009276171973330577,0.8626140846951281,1362,-0.49724247588410175,0.5198165738617753
full,factorial_010100,False,True,False,True,False,False,3053,-0.07621034496166579,-0.006521798223728781,0.7038952989490057,0.13273298525594054,0.2051592323943635,-0.009265295894810711,0.3066182118632872,198.367395450719,16.37359438374752,270404.2073191685,0.005830225334137495,0.9941697746658626,1388,-0.6568701428136168,0.522109400589584
full,factorial_010101,False,True,False,True,False,True,3053,-0.08954207563442007,-0.007713143846217907,0.6679927256238998,0.1144526753917306,0.17665977203961059,-0.011546748265879533,0.28254037179448876,207.35029333144777,17.115058604495523,273003.9570824295,0.009313219174169711,0.8960279168611346,1486,-0.6057148944263091,0.5171962004585653
full,factorial_010110,False,True,False,True,True,False,3053,0.40362644773855405,0.028381846899592444,0.6220296101175574,0.2423737333544966,0.378753596530765,0.04562780684062381,0.29229067658630165,253.3133277473039,20.908928461290724,429093.9135331533,0.006220317211334867,0.9937796827886651,1360,-0.5458735753136827,0.523419587291189
full,factorial_010111,False,True,False,True,True,True,3053,0.1994761607940052,0.015126365264566566,0.5423192007804747,0.1888574619320987,0.2940605042423857,0.027891996526764253,0.262910190858275,256.7894519888351,21.195853881816717,370495.19834895764,0.010000059040638247,0.8702943650364823,1361,-0.4766197604520185,0.5217818539141827
full,factorial_011000,False,True,True,False,False,False,3053,1.1213590569107712,0.06404332146459923,0.43967320659689946,0.43370864274295273,0.7063278118374957,0.14566118768141206,0.1809087895354864,311.25635314460305,25.69164788484768,637215.3699829554,0.0090559726994821,0.7459251115325205,1177,-0.40801313864935174,0.5175237471339665
full,factorial_011001,False,True,True,False,False,True,3053,0.8001095545234982,0.04971843467588122,0.3743961820384699,0.38366084742679657,0.6177008005007999,0.13279631860875268,0.1598053546051655,294.90228119968174,24.34175396735008,551011.5695128015,0.01035072537997481,0.6279113386771684,1177,-0.3389520385354723,0.5158860137569604
full,factorial_011010,False,True,True,False,True,False,3053,1.3014512104851934,0.07122392614217676,0.4194495792037445,0.47195512810789547,0.7704265789587686,0.16980330812915245,0.180232063926842,330.6847592981065,27.295302765516812,702329.7469562215,0.008434852828252456,0.775016456338168,1177,-0.37956152761271433,0.5224369472649852
full,factorial_011011,False,True,True,False,True,True,3053,1.0802761281627853,0.06232711527561352,0.3365986920660956,0.462703880842424,0.7509845373929299,0.18516743155785872,0.15752698247532124,307.93803129196954,25.417747751580844,594902.6064336996,0.009614242296084822,0.6548928009360179,1148,-0.29045952706254075,0.519489027186374
full,factorial_011100,False,True,True,True,False,False,3053,0.978593743380177,0.05794185324642709,0.4987967801852774,0.40557965599112866,0.6546819304417334,0.11616324633231326,0.17800693362989195,191.3179711060015,15.791722475831108,384425.9505368794,0.009541454986293671,0.7437121554104495,1203,-0.49576456102223554,0.520799213887979
full,factorial_011101,False,True,True,True,False,True,3053,0.845220366909518,0.05186520826449881,0.41863269282163174,0.3949097798749995,0.6327537740957008,0.12389192042055157,0.16088062756839358,186.68953326490467,15.409683060188659,354707.8299309497,0.010511596059932744,0.646212675619199,1203,-0.4152849899605554,0.5191614805109728
full,factorial_011110,False,True,True,True,True,False,3053,1.402298755894606,0.07502267483761438,0.46294375885959194,0.4936225167819347,0.8040465521660617,0.1620556998595769,0.17908953525104987,234.1708852348072,19.328877523475732,549444.4953155452,0.008973585367911322,0.775542273028936,1177,-0.4269778012673564,0.5250573206681952
full,factorial_011111,False,True,True,True,True,True,3053,0.8905604694707601,0.053974911748741805,0.38430602925227386,0.41137818282915856,0.6612348403093238,0.1404477360237055,0.15830498742895296,220.8605625492134,18.23022003354136,436612.0605119773,0.010446415322524662,0.6605865455017502,1177,-0.3522989866075311,0.5217818539141827
full,factorial_100000,True,False,False,False,False,False,3053,0.02004832093178721,0.001639796948752048,0.691419323586524,0.16022840276605213,0.24881383792940556,0.002371638877904234,0.30865323554903834,340.4131670491407,28.09830268469815,446211.5640766587,0.0040522816045646,0.8989074820782219,2707,-0.6087360430609976,0.5168686537831642
full,factorial_100001,True,False,False,False,False,True,3053,-0.055239094118556764,-0.004679320710514245,0.624962639888944,0.12491886943636522,0.19327605366209513,-0.0074873607026265795,0.28220242964693243,336.5717561325187,27.781225858301575,424361.04059690854,0.006215714405398702,0.7930318131299294,2707,-0.5436698636845444,0.520799213887979
full,factorial_100010,True,False,False,False,True,False,3053,0.26743777354325826,0.019754773087318656,0.6273561263271941,0.21411675197607785,0.33273372255574035,0.03148892990488733,0.2944963435380145,346.65478251924606,28.61349662458238,506774.8960579952,0.004492768334295575,0.8932316715781581,2707,-0.5889940819219106,0.5204716672125778
full,factorial_100011,True,False,False,False,True,True,3053,0.28149810397168906,0.02068382131195312,0.546108560945151,0.2098243758296283,0.3272174128727912,0.03787492596006112,0.2645028054351983,339.69151569364016,28.038736310120314,465857.4046240903,0.00644867962327569,0.7812940424167704,1388,-0.5295851818237146,0.522109400589584
full,factorial_100100,True,False,False,True,False,False,3053,-0.10445157498738489,-0.009064589895980468,0.7288793733363161,0.12278931977265461,0.18924392398893342,-0.01243633751698709,0.3041018633745543,214.35436104395254,17.69318669606159,282617.74786159885,0.003387944579729676,0.8992973600998813,2707,-0.6678984312073972,0.520799213887979
full,factorial_100101,True,False,False,True,False,True,3053,-0.09395182991420314,-0.008110730991624848,0.6808050212922965,0.1128265146045356,0.1736124102851325,-0.011913441790175327,0.2823063049186994,218.1439432855317,18.005985492287582,281023.580877992,0.006584713231471561,0.8107191641562067,2707,-0.6139512601420716,0.5185063871601703
full,factorial_100110,True,False,False,True,True,False,3053,0.2573920989103484,0.019085187437581252,0.6269304063983522,0.21209073218712451,0.32836375593145045,0.030442274362195324,0.2950179151530726,254.8601398783488,21.03660506038123,386339.59690438455,0.004129368369482942,0.8941253349597084,2707,-0.5731485371419418,0.5250573206681952
full,factorial_100111,True,False,False,True,True,True,3053,0.20625819813724822,0.015598905244244454,0.5503409541651969,0.19146736494555192,0.296759587244007,0.028344074934249033,0.26611803869505457,257.31121901012494,21.23892145121241,350163.1051125445,0.008036343985558818,0.7896871446469224,1529,-0.5080161056400312,0.5266950540452014
full,factorial_101000,True,False,True,False,False,False,3053,1.0609388502165773,0.061508527339643404,0.46161849221217177,0.4271234552975502,0.6954281499915693,0.13324537118277424,0.17606746785857624,302.61271040666713,24.97818638142159,628311.4513461695,0.00691069469141617,0.6560943309903069,1177,-0.4364053199214829,0.5185063871601703
full,factorial_101001,True,False,True,False,False,True,3053,0.9478303704754707,0.05657434384532678,0.3759365724429856,0.43300862057444545,0.6993517899808656,0.15048906648715807,0.15478612055370808,279.84445594647275,23.09885453603378,559912.9858769435,0.008343746769478865,0.5421311536743213,1177,-0.3466030842244485,0.5201441205371765
full,factorial_101010,True,False,True,False,True,False,3053,1.3048295373716017,0.07135363260946592,0.4396691089720711,0.48049104396146747,0.7818829933054624,0.16228939253041424,0.1755234697420602,316.77498060541933,26.147165120394913,684679.3296360166,0.007681101323673713,0.6760096866186457,1177,-0.4064971368942526,0.522109400589584
full,factorial_101011,True,False,True,False,True,True,3053,1.2986019212623878,0.07111439552481169,0.35252955535700126,0.5280547879363477,0.8583125033334423,0.20172605231012541,0.15199782689537536,288.9271826202083,23.848558801274972,599707.5315895256,0.00926197634095893,0.5584092635316582,1151,-0.3029253478529489,0.5217818539141827
full,factorial_101100,True,False,True,True,False,False,3053,1.1044881234379855,0.06334227376641688,0.4996858989700852,0.4413787209718372,0.7114666001801542,0.12676418105248355,0.1731703959342759,208.64114718375893,17.221607956209382,433919.5729702893,0.008637873741205487,0.6555100421652686,1203,-0.49683031170586867,0.5230920406157877
full,factorial_101101,True,False,True,True,False,True,3053,0.9648451486831318,0.057333122119358704,0.4188940711553345,0.4353301996907721,0.695250896253708,0.1368678290462087,0.15610496243975192,200.42082576661022,16.543088140578373,391609.37606154155,0.009855761613052615,0.558201431302092,1203,-0.41574351780112195,0.5211267605633803
full,factorial_101110,True,False,True,True,True,False,3053,1.3553829208689607,0.07327401213867724,0.4749259682992517,0.49139906028126024,0.7934747785099007,0.15428512448177428,0.1751677681729433,241.48464266337277,19.93256794994102,544397.6636205057,0.0074681726783156896,0.6775519411442789,1177,-0.44391355874377236,0.5266950540452014
full,factorial_101111,True,False,True,True,True,True,3053,1.06150124145723,0.061532433856643864,0.3744873511820249,0.4655653264402052,0.7430699987457986,0.16431111401339465,0.1536723542842479,226.31240874933565,18.680225026148896,458721.90639606526,0.009073864276667886,0.5688977488415131,1177,-0.34162524192255006,0.5244022273173927
full,factorial_110000,True,True,False,False,False,False,3053,0.03875472552824277,0.0031433838652776824,0.6695856587119338,0.16313238896971569,0.25269531412442064,0.004694520894196773,0.3044297806228451,357.2935213503504,29.491636875299147,469075.56842266786,0.006263963789561254,0.8970043393581631,2707,-0.5987801284861651,0.5211267605633803
full,factorial_110001,True,True,False,False,False,True,3053,-0.029895895390199212,-0.002502162755323223,0.5911530474196911,0.1290650584965645,0.1991799337211026,-0.004232681817754048,0.2754292508715439,351.4291737943544,29.007583293867444,450286.7095644996,0.00945921119097879,0.7819713894696411,2707,-0.531328009126633,0.5201441205371765
full,factorial_110010,True,True,False,False,True,False,3053,0.2517117083888887,0.018704390563369033,0.6159805074502958,0.20928338715769418,0.3236128447030474,0.03036523126485186,0.28957787888990644,364.9190899299335,30.121064743643377,528920.3880686034,0.005740951943801073,0.891738739365726,2707,-0.586789996380612,0.5240746806419915
full,factorial_110011,True,True,False,False,True,True,3053,0.26939332880428357,0.01988455248018206,0.543811130158721,0.20576811757664576,0.318439344778654,0.03656518113996379,0.25882580807066957,354.3489987808198,29.24859079356914,486730.7376853069,0.00929601070466682,0.7759724357595181,1388,-0.5270684092567753,0.5214543072387815
full,factorial_110100,True,True,False,True,False,False,3053,-0.11284954641128264,-0.009834925254853744,0.7258402769614061,0.11804696592278618,0.18142980459360167,-0.01354970999408549,0.30046554870936787,224.86326770401521,18.560610370590183,295507.1698078092,0.00515385180141238,0.8977941103675317,2707,-0.6525997601556697,0.5270226007206027
full,factorial_110101,True,True,False,True,False,True,3053,-0.08314291187085132,-0.0071393206621945815,0.6705725838100686,0.11303330236751424,0.17346014227675235,-0.010646603864462055,0.27674784022085547,228.02646582335427,18.82170631755168,300467.0470376329,0.008632352676636788,0.8026451617417287,2707,-0.6037879362636855,0.5227644939403865
full,factorial_110110,True,True,False,True,True,False,3053,0.2983688569595937,0.021786306477543427,0.6086553295349826,0.21978021030335568,0.33923286729962765,0.03579416037347169,0.2897168404260773,270.6288033712347,22.3381783326404,418126.63523584104,0.005882751476206189,0.8924276958467225,1388,-0.5490383954077707,0.5273501473960039
full,factorial_110111,True,True,False,True,True,True,3053,0.16018129004886417,0.012339255870176702,0.5461500518795206,0.17798994881536795,0.2738207031106935,0.022593160666583095,0.2614716627669345,268.8864555343829,22.194361871819353,365417.75527709315,0.009290627998807905,0.7861055575295585,1529,-0.5084582284810188,0.5273501473960039
full,factorial_111000,True,True,True,False,False,False,3053,1.0702005238994987,0.061901468881428556,0.45826781402453776,0.4295119502801436,0.69512435069666,0.13507705971712441,0.17589863363756575,309.0387479920953,25.50860284769342,630489.5835695113,0.007828035123216715,0.6635933302416792,1177,-0.4276435497549166,0.523419587291189
full,factorial_111001,True,True,True,False,False,True,3053,0.8424977274344887,0.05173701362704919,0.39092093839350506,0.40364770296026387,0.6463481298528685,0.13234648888254272,0.1546352045982297,288.2550901454928,23.793083104049845,555539.2909958633,0.009127213449610604,0.5505984103661651,1177,-0.3561100695709942,0.5214543072387815
full,factorial_111010,True,True,True,False,True,False,3053,1.2363004585350916,0.06868775863103083,0.44188061745527496,0.46550221125651964,0.7514442063237953,0.15544415373227605,0.17603254377775557,324.862053384843,26.8146863586572,685481.5670959186,0.00790024684333553,0.6863049162718097,1177,-0.40353982636558783,0.5244022273173927
full,factorial_111011,True,True,True,False,True,True,3053,1.1739107391200028,0.06619471356311135,0.3558419685138594,0.49629542884233085,0.7959411438706667,0.1860227837642855,0.15267550810256544,298.3738227315319,24.628301122943345,602819.5534104956,0.009120356772152631,0.5705451952453414,1157,-0.30948528390675445,0.5237471339665902
full,factorial_111100,True,True,True,True,False,False,3053,0.989285170080836,0.05841254916080563,0.49544107746453336,0.4142478692437303,0.6644891795624376,0.11790009310438565,0.1733930166242365,210.31023514367322,17.35937741768937,422310.6623217439,0.008267081488112402,0.6646090661064017,1203,-0.4923873030032182,0.524729773992794
full,factorial_111101,True,True,True,True,False,True,3053,0.9065197262107714,0.05470647205331036,0.4128555830328754,0.41879110701171673,0.6654805836572378,0.13250752636413815,0.15648398991327833,202.35466555596068,16.70271068460599,391179.8356831676,0.009105584744653656,0.5664061983331132,1173,-0.40962391727009007,0.5244022273173927
full,factorial_111110,True,True,True,True,True,False,3053,1.3967704548737379,0.07481825881939597,0.467714989714342,0.49934474852428307,0.8036492065197024,0.15996549279956024,0.17532216814676538,246.61584122543624,20.35610612145756,557086.4234862111,0.007624825307125707,0.6875565945173129,1177,-0.4310926514537934,0.5289878807730102
full,factorial_111111,True,True,True,True,True,True,3053,1.026896788213083,0.060050179258935854,0.3707520054393617,0.4561935854700913,0.7232013791413474,0.16196858918611393,0.1538360987337218,229.875230452619,18.97430660794628,467635.0860571472,0.008999162311728847,0.5779224981427187,1177,-0.33124626576991356,0.5237471339665902
era_2014_2017,factorial_000000,False,False,False,False,False,False,977,0.05904788980071207,0.01490768594563252,0.5806573933387814,0.19759029556289695,0.29144204449035616,0.02567380716520854,0.290986759654255,100.22802150387754,25.852058770703316,137949.25207256977,0.007006774088041594,0.9929932259119585,631,-0.1262714077914553,0.5281473899692938
era_2014_2017,factorial_000001,False,False,False,False,False,True,977,-0.04635561249956155,-0.012167982246586662,0.5492891482914521,0.08177802140765826,0.11883318161632757,-0.022152234910219535,0.2567935012549555,98.74854314938533,25.470453299534395,127028.83514330689,0.009675443622520024,0.8628155474292413,631,-0.19127044922964898,0.526100307062436
era_2014_2017,factorial_000010,False,False,False,False,True,False,977,0.09201878267762531,0.022965024618382568,0.568142837304186,0.22175214392425172,0.3272755813968676,0.04042121648026163,0.27838532717673103,102.97454036319412,26.560475098797255,146051.92416456764,0.007925436518988348,0.9920745634810116,631,-0.08672737609343462,0.5332650972364381
era_2014_2017,factorial_000011,False,False,False,False,True,True,977,-0.04733184895659359,-0.012428911434475776,0.5407930347226035,0.07085517780162644,0.10303618608717557,-0.022982750583781297,0.24296840166923522,98.75970141751222,25.47333137892843,127213.72640657084,0.01048221989169788,0.8674943727571985,631,-0.19062282323898128,0.534288638689867
era_2014_2017,factorial_000100,False,False,False,True,False,False,977,0.06090175898522676,0.015365631794854284,0.5931315877579351,0.2016595580946881,0.2948208297710765,0.025905940792897382,0.2980340195806864,51.31128835413577,13.234846126143514,67777.89550658666,0.006426801479131676,0.9935731985208682,631,-0.16915274731603658,0.5373592630501536
era_2014_2017,factorial_000101,False,False,False,True,False,True,977,-0.008150536506476014,-0.0021086756583765798,0.5682227964505753,0.12645460366289485,0.18286776234991367,-0.0037110015148081005,0.26625389760265356,51.45836061497411,13.272780834159136,65897.88534227129,0.009162240115904177,0.8896230726990003,631,-0.19279415972621516,0.5383828045035824
era_2014_2017,factorial_000110,False,False,False,True,True,False,977,0.23436964580183806,0.05581224078484559,0.5547392188167396,0.3347346522176078,0.4939881368002433,0.1006098701726791,0.2819618438772937,56.591900625730716,14.596887367128087,84641.63937833277,0.008931791822155092,0.9910682081778448,631,0.004945856676407789,0.5394063459570113
era_2014_2017,factorial_000111,False,False,False,True,True,True,977,0.02260139275956008,0.005781377754878303,0.5279084006096431,0.147993457897136,0.2148066624403149,0.010951478984236299,0.2475097668890936,55.88188907409024,14.413752350737708,73991.59880329465,0.012181294357419784,0.8760269898433052,631,-0.1369789007909502,0.5394063459570113
era_2014_2017,factorial_001000,False,False,True,False,False,False,977,0.48208214783006764,0.10681109546710021,0.2895392788812171,0.7072443410049278,1.1426225723464791,0.3689001916417677,0.16207267339665052,81.59739311973428,21.046615216144357,134493.99941671215,0.009570732524490056,0.7906652905000126,631,0.22985877368079533,0.5281473899692938
era_2014_2017,factorial_001001,False,False,True,False,False,True,977,0.38397336324615194,0.08743027764866795,0.28269654001191,0.6373297252844486,1.025065775400988,0.30927254236993673,0.14890081227663612,80.74322620705425,20.826297854838966,128953.57412980583,0.008921877444129483,0.6830164709450964,631,0.18969939427623195,0.5179119754350051
era_2014_2017,factorial_001010,False,False,True,False,True,False,977,0.49859474060305975,0.109978729601514,0.2923001241261871,0.728403294307801,1.1602452490584414,0.376252763936685,0.16109922803498206,81.61491498450836,21.051134673588646,138584.05467992945,0.008161849240301557,0.8084350129786098,631,0.26045453448803824,0.5353121801432958
era_2014_2017,factorial_001011,False,False,True,False,True,True,977,0.3536480580463819,0.08123377513458285,0.289640521065595,0.6094801941391083,0.9642353747885064,0.2804641244109135,0.145546262803236,79.43379356301392,20.48855268974361,126004.636918263,0.009760345992679918,0.7116932175153855,631,0.15847563072329462,0.5332650972364381
era_2014_2017,factorial_001100,False,False,True,True,False,False,977,0.4825892638427476,0.10690876506526714,0.28065998019217353,0.713045473545626,1.1317675643018545,0.3809191641503878,0.16057176072463353,39.342702622906266,10.147759530166201,61543.80431451738,0.00933570145471896,0.7847402995917653,602,0.16960748855666363,0.5383828045035824
era_2014_2017,factorial_001101,False,False,True,True,False,True,977,0.41068223365544476,0.09280491160522675,0.2769386416952698,0.6662616739080444,1.0516881817917698,0.3351100122291525,0.15015806256003597,39.46988236536271,10.180563312253227,61248.96827034734,0.010751561601930656,0.7038331881482193,631,0.1625657294707863,0.5332650972364381
era_2014_2017,factorial_001110,False,False,True,True,True,False,977,0.6971993269808727,0.14618720536111218,0.2697299505957945,0.9367847300020018,1.5130466648024758,0.541976169269322,0.15922270038808967,40.94548985976202,10.561170363009241,73421.24502932574,0.008822065684123968,0.8112089096625346,631,0.3918734833380808,0.5414534288638689
era_2014_2017,factorial_001111,False,False,True,True,True,True,977,0.4546362898400238,0.10148768303202571,0.2781567901312624,0.731268240155482,1.1659604555258025,0.3648578306649771,0.14697896393161192,41.435253995465786,10.687496424623724,67862.26760052897,0.010217856217827776,0.7262935706693965,631,0.2422512532935035,0.5353121801432958
era_2014_2017,factorial_010000,False,True,False,False,False,False,977,0.0493165458076914,0.012494027530719487,0.5723500548644487,0.18637496973207604,0.2740927039012678,0.02182934626201527,0.2823113663888315,103.83323869862873,26.781961261058793,140651.13871514844,0.009464202676718367,0.9905357973232816,631,-0.12372713265753166,0.5291709314227226
era_2014_2017,factorial_010001,False,True,False,False,False,True,977,-0.03535618816794994,-0.009241658240473516,0.5303084740912167,0.08682639733267608,0.1261573204915017,-0.01742694807264929,0.2468599150791614,102.3328011283162,26.39494972808156,131160.55850218545,0.012910139973620324,0.8576255081778921,631,-0.17284808999715262,0.5312180143295804
era_2014_2017,factorial_010010,False,True,False,False,True,False,977,0.0902643643487886,0.022540865452939318,0.5659858860656909,0.2190157751598052,0.3218127433095801,0.03982584373194621,0.272136563822036,106.35724166466888,27.432983520467307,149297.48370391247,0.007375965957968434,0.9926240340420315,631,-0.07776488099790879,0.5363357215967247
era_2014_2017,factorial_010011,False,True,False,False,True,True,977,-0.021672849180528697,-0.005635657533849758,0.525577464401517,0.09586637091108244,0.1386252975537783,-0.010722791435259057,0.2374556605078486,101.7395894357693,26.241941185070484,131744.4010075569,0.010434315615268232,0.8726660972873289,631,-0.16158055939952576,0.5363357215967247
era_2014_2017,factorial_010100,False,True,False,True,False,False,977,0.08242859156441362,0.02064023328714404,0.5928153526843432,0.21764123759770213,0.31760759819107626,0.03481730558036738,0.2927642929997331,53.94455787335865,13.914051774909293,72031.85636713511,0.007451210565342448,0.9925487894346575,631,-0.14120908114412956,0.5414534288638689
era_2014_2017,factorial_010101,False,True,False,True,False,True,977,0.01890327017791482,0.004841939887998192,0.5585436354833091,0.14956233200257762,0.21616849997098608,0.00866886592272858,0.25940752068646616,52.998199675944846,13.669955290008293,68680.01156960594,0.010195932822520477,0.8844536453679849,631,-0.15989268631090758,0.5383828045035824
era_2014_2017,factorial_010110,False,True,False,True,True,False,977,0.2487909256787051,0.05898018322839271,0.5438923524672604,0.34706110575664567,0.5115930669712067,0.10844091291381602,0.27480093884583917,60.141819687300284,15.51252667471819,90051.05363558383,0.00864228669512528,0.9913577133048747,631,0.028738270743991157,0.5363357215967247
era_2014_2017,factorial_010111,False,True,False,True,True,True,977,0.062139314113072386,0.01567100430436441,0.5167513394612965,0.18644257305369827,0.2705576109301358,0.03032600616130214,0.2428708957274499,58.21895444162608,15.016557338065274,77996.68106642818,0.010444621849796951,0.8868737168859849,631,-0.10493758488641336,0.5322415557830092
era_2014_2017,factorial_011000,False,True,True,False,False,False,977,0.4533516903155148,0.10123670176185051,0.2899804062869227,0.6830028405266418,1.097724407130863,0.34911566287579204,0.1599359805167109,83.70127338752994,21.589274200263606,134997.886882581,0.01302814787152772,0.7992823415476485,631,0.21419726290843033,0.5281473899692938
era_2014_2017,factorial_011001,False,True,True,False,False,True,977,0.33845979526145253,0.07809150154946787,0.28665007605188597,0.5835343001964153,0.9281946650141677,0.27242798126916484,0.14750737071067477,83.85372938477067,21.62859754857954,129840.01476522785,0.014529412703953571,0.6948391390263438,631,0.15888241661629254,0.5250767656090072
era_2014_2017,factorial_011010,False,True,True,False,True,False,977,0.47431550176248205,0.1053121463366673,0.2985346921716595,0.7027443672799264,1.109824884594267,0.3527635115724242,0.16096265162788453,85.0900154826448,21.94747584608648,141780.49086622964,0.01096153437214471,0.8213402458745679,631,0.24948354194772282,0.5332650972364381
era_2014_2017,factorial_011011,False,True,True,False,True,True,977,0.3311093957307296,0.076561280892679,0.292419611323846,0.5788338759883978,0.9059041744898487,0.26181992564065637,0.14586540600376965,82.57867728719212,21.299720241936964,128603.69888533423,0.011162194486776755,0.7323077912547231,631,0.14877628508252272,0.5301944728761515
era_2014_2017,factorial_011100,False,True,True,True,False,False,977,0.5078988600315657,0.11175215823713969,0.2824360954675711,0.7391752834437932,1.1773054515989414,0.3956723663529434,0.16086640815652645,40.41238209182416,10.42366457230265,63854.600404872006,0.010670802756500211,0.7948349515451629,601,0.20214720094412209,0.5394063459570113
era_2014_2017,factorial_011101,False,True,True,True,False,True,977,0.42036309338854916,0.09473434823018234,0.2788311219755393,0.6793246828656123,1.0703946739234769,0.33975528828698326,0.149792077563334,40.82747523906297,10.530730563197409,63508.87695198484,0.01164593532069424,0.7134264110995662,631,0.18305704380461862,0.5363357215967247
era_2014_2017,factorial_011110,False,True,True,True,True,False,977,0.6919199848836988,0.1452665218964979,0.27753190638032477,0.925693442749636,1.4890331034910202,0.5234227797124964,0.1604832310523064,43.26038619843381,11.158257238490604,77367.02499970331,0.012565457393653756,0.8235091961757972,631,0.4004998000523514,0.5363357215967247
era_2014_2017,factorial_011111,False,True,True,True,True,True,977,0.45138319447665953,0.1008517832432636,0.2849585201787277,0.7233727871995361,1.143485295302778,0.3539174164015477,0.14800826676555148,42.920376374650274,11.0705576728883,69832.73411255523,0.015300743923588446,0.7484687621781709,631,0.24010661116731535,0.5312180143295804
era_2014_2017,factorial_100000,True,False,False,False,False,False,977,-0.04795464496746915,-0.012595476488293844,0.6163993594573058,0.09340711984278936,0.1355498428354405,-0.020433954537823065,0.2761750984085577,97.67046008859835,25.192380698389748,129393.16081481735,0.006461898458766269,0.8283975989033368,631,-0.21533226940742145,0.5312180143295804
era_2014_2017,factorial_100001,True,False,False,False,False,True,977,-0.10392413918078969,-0.02790620262199428,0.5690115568874681,0.005008641562473574,0.007178081266835098,-0.04904329672079616,0.24194423265923792,92.6692692228609,23.902411304156548,116827.50513602687,0.009291317523512845,0.7170108341317817,631,-0.24366772427916805,0.5301944728761515
era_2014_2017,factorial_100010,True,False,False,False,True,False,977,0.016498755463996817,0.004229760308851693,0.5885852725424168,0.15172906360709354,0.21918048041407776,0.007186316930053449,0.2699026651995895,95.12263786372972,24.53521467928341,132247.51058189356,0.005500171186221158,0.8168336061519545,631,-0.15765661368991335,0.5312180143295804
era_2014_2017,factorial_100011,True,False,False,False,True,True,977,-0.08459278560607619,-0.022539783074602693,0.5458327090996271,0.019826661034835664,0.02825262476806539,-0.04129430629355827,0.23325316819368114,87.40788918698641,22.54533068077848,111856.75625055307,0.008783644520700691,0.7104021762926215,631,-0.22865418093763512,0.5301944728761515
era_2014_2017,factorial_100100,True,False,False,True,False,False,977,-0.00712480513766689,-0.0018425967046857838,0.6140290486396845,0.13433219553004147,0.19381361906393865,-0.003000829861010418,0.27909087290306306,63.54219651036328,16.38959418691049,84829.15936989029,0.004980365147731261,0.8292494955159473,631,-0.185099081435252,0.5373592630501536
era_2014_2017,factorial_100101,True,False,False,True,False,True,977,-0.0637925978063697,-0.016858727802124274,0.5747414573898839,0.05595820041569654,0.07996964903916963,-0.029332715754812725,0.24716724044866759,60.92727723387111,15.715121661141781,78709.19795841168,0.00802985694839033,0.7288487236136708,631,-0.19872282544517106,0.5353121801432958
era_2014_2017,factorial_100110,True,False,False,True,True,False,977,0.09985463182030596,0.024853319127548845,0.5811940630215182,0.22787991937370253,0.3282362655795026,0.04276251377782686,0.27388833796464646,69.0151957954852,17.80125828092351,99401.56691098685,0.0058149860034657505,0.8189586572989938,631,-0.09730460688633114,0.5414534288638689
era_2014_2017,factorial_100111,True,False,False,True,True,True,977,-0.06636674893027816,-0.017556682787823408,0.5503409541651969,0.04556311453649546,0.0647837262089361,-0.03190146518253371,0.23793981690948726,64.96346863034533,16.756186381624385,83331.38951830924,0.008904657712796277,0.7267453697414088,631,-0.21663068564651666,0.5383828045035824
era_2014_2017,factorial_101000,True,False,True,False,False,False,977,0.46389629357262474,0.10329202626980738,0.2975437771672522,0.7191860192353898,1.1635628969882146,0.34714900527644355,0.15294684638852102,73.81086385509606,19.038216675009423,122326.8742846846,0.007444081388489752,0.6804701225568447,631,0.2152049745540554,0.5291709314227226
era_2014_2017,factorial_101001,True,False,True,False,False,True,977,0.3778990880778843,0.08619722223475068,0.28418843036264496,0.6630620770812312,1.0662118744191074,0.30331010352798954,0.13933058603799486,71.12133693823368,18.34450041805004,114102.80783259818,0.008536781941116593,0.5765422578927017,631,0.18070951853153328,0.5230296827021494
era_2014_2017,factorial_101010,True,False,True,False,True,False,977,0.48220163221293544,0.10683411016929223,0.2904477696646999,0.7418247823328717,1.1701824153061293,0.3678255484372429,0.1525539500373224,73.50326512161156,18.958876981214036,124640.56421534331,0.006688105356608422,0.6818576888401202,631,0.23839423866690113,0.5301944728761515
era_2014_2017,factorial_101011,True,False,True,False,True,True,977,0.37230822423134646,0.08505872746273635,0.27329349895723476,0.666594574510527,1.0487834446548774,0.3112358244425215,0.1364513538465798,70.33924542511781,18.14277364086969,112671.72052783176,0.009320330707820196,0.5914543507898032,631,0.16722372177571176,0.5281473899692938
era_2014_2017,factorial_101100,True,False,True,True,False,False,977,0.48145634677699367,0.1066905331612178,0.2917373067152734,0.7498490279960073,1.1973135364356595,0.36570754135789857,0.15028185959007903,45.12500299650337,11.63920241056177,73526.02845440035,0.007057159856415481,0.679068134460257,631,0.22474004613092347,0.5353121801432958
era_2014_2017,factorial_101101,True,False,True,True,False,True,977,0.3552975975166708,0.08157346787184627,0.2868883280985707,0.6313549659105911,0.9939743953745759,0.2843387474579266,0.1396789031211612,45.22794206126776,11.665753735352585,71068.36419627258,0.009862848690277344,0.5888064374295756,631,0.17569804928277,0.5312180143295804
era_2014_2017,factorial_101110,True,False,True,True,True,False,977,0.6103915398865609,0.13077016938052344,0.28459415883455974,0.89021993439916,1.4216602665857434,0.4594970252237072,0.150878420901601,49.557459463902866,12.782476750157137,87498.21327136253,0.006614696386550936,0.6834201328073066,631,0.3313296889373496,0.5383828045035824
era_2014_2017,factorial_101111,True,False,True,True,True,True,977,0.41623242889552103,0.09391228651875072,0.2717628688707222,0.7199895849123937,1.1421356472903985,0.34556702653674465,0.13789481877886667,48.84677922679339,12.599169258087956,79129.93959748597,0.009212508797211185,0.6137012861773092,631,0.20075026481383218,0.5332650972364381
era_2014_2017,factorial_110000,True,True,False,False,False,False,977,-0.0635779479249785,-0.016800592016498417,0.6121259710570928,0.07473143911436443,0.1080071521981369,-0.027446298328896473,0.27166471842794504,100.92047503867279,26.030665004857262,131549.68541990125,0.008884922643571621,0.8263374905187143,631,-0.2270545951331937,0.5281473899692938
era_2014_2017,factorial_110001,True,True,False,False,False,True,977,-0.10218530868554343,-0.02742000349874585,0.5556887376320716,0.0013307807732607347,0.0019055013806251163,-0.049344177129789106,0.23612692230550922,95.40498715418666,24.608041722471892,119756.1554363065,0.011223129855838397,0.7159893690934973,631,-0.23995688269178084,0.5281473899692938
era_2014_2017,factorial_110010,True,True,False,False,True,False,977,-0.00180082157938255,-0.0004648009966667921,0.5862552243355562,0.13304918842751434,0.1911920926883466,-0.0007928304557005584,0.2671814891877271,98.20514384305989,25.330292987155673,134446.22081709182,0.00714823684864823,0.8151499324600047,631,-0.17014840138263265,0.5312180143295804
era_2014_2017,factorial_110011,True,True,False,False,True,True,977,-0.08915228514209761,-0.023797874202038938,0.5402507072767335,0.012686748840587162,0.01797553178921234,-0.044049686342842516,0.2314349942862073,89.47483592821231,23.078463310040433,113663.15909391973,0.009986826551754565,0.7184862724775177,631,-0.22975399603035707,0.5281473899692938
era_2014_2017,factorial_110100,True,True,False,True,False,False,977,-0.001746075237782585,-0.0004506615267882985,0.6117647967716062,0.13813615369118576,0.19897713854859359,-0.0007366581554978664,0.2766929900305856,65.49337756144665,16.89286708852053,87644.66441355445,0.0060737722951313125,0.82857313257618,631,-0.17610886953200833,0.5394063459570113
era_2014_2017,factorial_110101,True,True,False,True,False,True,977,-0.03897673900008247,-0.010202135465834594,0.5663981294513121,0.08024996973704811,0.11481373869502078,-0.018012304305661687,0.24270421687712765,61.958723684763484,15.981165167410847,81008.6246764801,0.010783993221399663,0.7271169857995166,631,-0.17627094271810173,0.534288638689867
era_2014_2017,factorial_110110,True,True,False,True,True,False,977,0.09661417307459663,0.024073643056000016,0.5741594401063619,0.2243290058868455,0.3224176035885809,0.04192849820868646,0.269595249929849,70.94332619156341,18.29858567070008,101706.06542652214,0.008618470983208162,0.8160409303796767,631,-0.09583458903489295,0.5383828045035824
era_2014_2017,factorial_110111,True,True,False,True,True,True,977,-0.0635460293101201,-0.016791948021698255,0.5461500518795206,0.047873063407838375,0.06776519872714269,-0.03074603392219858,0.2366207223373023,65.74473106737328,16.957699313181234,84043.9841982597,0.01038825474739316,0.736033878149693,631,-0.21674638972756144,0.5312180143295804
era_2014_2017,factorial_111000,True,True,True,False,False,False,977,0.4309000693078635,0.09682335292764699,0.2976179698605733,0.6877554149313638,1.1038773615300406,0.32532764393563446,0.15095522928192903,75.31116985950656,19.425194272871703,122394.99615003986,0.009806232351729406,0.6795296537156377,631,0.19083287917127834,0.5271238485158649
era_2014_2017,factorial_111001,True,True,True,False,False,True,977,0.3437073654170535,0.07918014018032582,0.28475119131416926,0.6207070158955609,0.9882854514600353,0.2780678100586609,0.13814049813485169,73.89437064633876,19.059755785954316,116086.93616531426,0.010794685844768682,0.5808010933251442,631,0.15323957453845805,0.526100307062436
era_2014_2017,factorial_111010,True,True,True,False,True,False,977,0.4512702316072801,0.10082968279947835,0.2954184762165908,0.7042326959531469,1.0959474832453635,0.34131136309007787,0.15310349670054876,75.77369112717513,19.544493514890615,126260.02725731069,0.008781052317368152,0.682876287138876,631,0.21778811086154604,0.5291709314227226
era_2014_2017,factorial_111011,True,True,True,False,True,True,977,0.3494603699519643,0.08037001480280637,0.27405039882636395,0.6338101372324674,0.9824694442522238,0.2932672791099572,0.1367583197285573,72.07553353391097,18.590618680189934,113749.08236086492,0.010538031970004932,0.6028122328181411,631,0.15296943712275457,0.526100307062436
era_2014_2017,factorial_111100,True,True,True,True,False,False,977,0.45397423899732225,0.10135835403811977,0.2986505782878415,0.7152182471289807,1.1350897018700339,0.33938777088330263,0.15095015724259822,45.969247467244124,11.85696045214485,73934.43156485379,0.008164876058559697,0.6813903760024879,631,0.20976503554403325,0.5353121801432958
era_2014_2017,factorial_111101,True,True,True,True,False,True,977,0.357282008001637,0.08198171491399298,0.2920652836934209,0.6320562099850103,0.9924645935089638,0.2806965411200623,0.14025275894498557,46.134718109217864,11.899640699614025,72342.02941250805,0.010120599293058878,0.5937505691217858,631,0.17975041120065316,0.5312180143295804
era_2014_2017,factorial_111110,True,True,True,True,True,False,977,0.5769835872818836,0.12467242404561718,0.2910755133333929,0.8460673706260048,1.331289141319917,0.42831642764405103,0.1526973796927051,50.421244333482285,13.005274894613649,87689.20152105155,0.009181470687984443,0.6849343632115651,631,0.31082578166251507,0.5373592630501536
era_2014_2017,factorial_111111,True,True,True,True,True,True,977,0.4147951579141871,0.09362583165725757,0.27427070409459653,0.7135358494322174,1.1200874131390963,0.3413628588818069,0.13900404801395044,48.89439008208093,12.611449642460999,78938.02672493867,0.011385683220420535,0.6270994547565907,631,0.20101429034584117,0.5281473899692938
era_2018_2021,factorial_000000,False,False,False,False,False,False,973,0.4007976730987928,0.0912146264506648,0.3095930851340354,0.44582737934806077,0.6998324245567455,0.2946274669254137,0.29159213089018604,100.4671759214648,26.020275778221098,144448.05627961602,0.002308611186635646,0.9976913888133643,494,0.16517483763142815,0.5087358684480987
era_2018_2021,factorial_000001,False,False,False,False,False,True,973,0.3628636436823096,0.0834832603884954,0.3006695223110918,0.43927664511292275,0.6857835968190625,0.27765787415632476,0.25952754636041486,101.7893965732467,26.362721414653823,146216.5016816409,0.004223583124579834,0.8675114890686318,494,0.10239174636508297,0.5159301130524152
era_2018_2021,factorial_000010,False,False,False,False,True,False,973,0.42488539519349056,0.09604376748996413,0.3117398983041362,0.46742721447833174,0.7344288028849959,0.30808942972151415,0.28117928451010415,102.33168533794075,26.503170303351563,152144.96458254062,0.003529636262942095,0.996470363737058,491,0.2828968969999488,0.5282631038026722
era_2018_2021,factorial_000011,False,False,False,False,True,True,973,0.4223027284563676,0.09552889949916388,0.2871507092681498,0.49122567692712016,0.7707833417994687,0.33267861236573226,0.2492688831445379,105.1541236377473,27.234161517689948,159328.03652816435,0.006208560309266332,0.86364629650995,478,0.2674335767249125,0.527235354573484
era_2018_2021,factorial_000100,False,False,False,True,False,False,973,0.4996465534292669,0.11065675557838106,0.30131861638274715,0.5129315364210077,0.8163965070949113,0.3672416822657262,0.28291960783039244,49.749273317825185,12.884703880875588,74839.34721376398,0.0022869502550106006,0.9977130497449893,494,0.23118741322571523,0.5220966084275437
era_2018_2021,factorial_000101,False,False,False,True,False,True,973,0.46120991851080095,0.10321302685354139,0.2752555976250777,0.5042596302027733,0.7976354181313144,0.37497158184636303,0.26431791776212793,54.3710019584749,14.081698348957527,79894.47264343812,0.005878806357324568,0.9123389953083589,494,0.16341947419665304,0.5200411099691675
era_2018_2021,factorial_000110,False,False,False,True,True,False,973,0.3782980498773514,0.0866479655096295,0.3028004090185019,0.4359496725653197,0.6884782581995154,0.2861553780276931,0.2825906407278278,70.6145347921933,18.28865649294215,105188.93245435596,0.004066240249683235,0.9959337597503167,488,0.23796395990365027,0.5323741007194245
era_2018_2021,factorial_000111,False,False,False,True,True,True,973,0.3594627614535031,0.08278236852649812,0.27426562178884395,0.44057259444403957,0.6906360243775966,0.30183282901650704,0.2541275222804544,75.79986950890277,19.631620880003595,112762.98415348589,0.0070122138479444115,0.8740564570453315,478,0.19756389364209692,0.527235354573484
era_2018_2021,factorial_001000,False,False,True,False,False,False,973,0.5007901649756668,0.11087605349795893,0.30253870301527375,0.6461196579107846,1.0549209579963392,0.3664855186886992,0.19105166628565082,97.36296845641378,25.21630837720069,142769.28751752654,0.008530313242864162,0.7501361210960602,485,0.2549271160859461,0.512846865364851
era_2018_2021,factorial_001001,False,False,True,False,False,True,973,0.4718441808517777,0.10528686163470868,0.2562996490014068,0.6585769577079422,1.071497232434188,0.41079596497664644,0.17542219141886767,95.25854089169903,24.671276777706222,140611.5485264634,0.009485392071406806,0.6722303874674221,483,0.22443036658102522,0.5149023638232272
era_2018_2021,factorial_001010,False,False,True,False,True,False,973,0.51504830696648,0.11359984136805634,0.3129259029967425,0.6620929388979766,1.086248972359972,0.3630247297528415,0.18977381427039322,100.24848737951447,25.963637019154827,148787.46141456946,0.008988402850147284,0.7629209859422875,488,0.3122935289779798,0.5313463514902363
era_2018_2021,factorial_001011,False,False,True,False,True,True,973,0.4879247277907197,0.10840181280134664,0.2563410496769605,0.6762626475964811,1.1043372348236566,0.4228812082105226,0.17485212331358027,98.93149978166741,25.62254670604336,148357.41464531998,0.011953253370883868,0.6833292835375603,476,0.292120480621213,0.527235354573484
era_2018_2021,factorial_001100,False,False,True,True,False,False,973,0.5479805579523991,0.1198191749258255,0.2544859901612999,0.699267526489624,1.1422954527404032,0.47082817741707883,0.18688485457827392,56.883837235313266,14.732504607707032,86357.18899574422,0.013000837728978675,0.7467458064691087,478,0.30451491728083435,0.5220966084275437
era_2018_2021,factorial_001101,False,False,True,True,False,True,973,0.5215160706241331,0.11482914385632426,0.24189079478500453,0.6996193015864568,1.1348364654366405,0.47471481483363515,0.17812086776889577,57.522060087001826,14.897799734763062,86154.82387391146,0.01155420001536614,0.6986496259884432,483,0.2742945203824856,0.5179856115107914
era_2018_2021,factorial_001110,False,False,True,True,True,False,973,0.4365504182714379,0.09836067241202806,0.300398368518357,0.5865002736197029,0.9497525214279628,0.3274341099026886,0.1912460721834319,75.49784736460926,19.553399317452758,111319.03352877943,0.010175619066865264,0.7604723413112795,475,0.26690257187775734,0.5313463514902363
era_2018_2021,factorial_001111,False,False,True,True,True,True,973,0.4190100145107598,0.09487147429376397,0.2510889891122321,0.5978856852875426,0.9619217212137922,0.3778400424056755,0.17826754094555483,75.9065533926095,19.65925123837368,112705.91601105809,0.0102363458723115,0.6880535189622655,473,0.25388334006248026,0.5231243576567317
era_2018_2021,factorial_010000,False,True,False,False,False,False,973,0.4286845826219894,0.096799899812257,0.30496110938690735,0.46718790458362125,0.7292611719979188,0.31741719462807294,0.28531615029047525,106.84673298629914,27.672535161919203,155130.0205376846,0.006111844997958347,0.9938881550020416,492,0.17385300788588753,0.5190133607399794
era_2018_2021,factorial_010001,False,True,False,False,False,True,973,0.38816155405223607,0.08865667162947344,0.28461165612662553,0.46598074761367325,0.7251171060834831,0.3115004945195552,0.2492425496644666,107.19701073298134,27.7632545783261,154327.0348001954,0.011142228419181876,0.8561766569828331,494,0.1150821395375703,0.5179856115107914
era_2018_2021,factorial_010010,False,True,False,False,True,False,973,0.47424536756419555,0.10575359029090459,0.30497416573649894,0.5035721269233222,0.7865936245112726,0.3467624545689449,0.27524632967979284,108.05828135422004,27.986317473035406,166288.00009013008,0.0037526459952244755,0.9962473540047754,475,0.33375091552600344,0.5323741007194245
era_2018_2021,factorial_010011,False,True,False,False,True,True,973,0.43636961576267486,0.09832486800324736,0.2772858870142121,0.5097817418626509,0.7953716661402419,0.35459744836637785,0.24141252328527957,110.02384627718,28.495384647327192,167170.5992735434,0.009080262695147046,0.8557096944057829,476,0.28234862000191474,0.526207605344296
era_2018_2021,factorial_010100,False,True,False,True,False,False,973,0.4866857686310151,0.10816270431764785,0.3022076323192697,0.5101147494576466,0.8080671532194988,0.35790857923594227,0.2766177195818098,53.72250421652056,13.913742099242736,80041.85087840336,0.006512647344063348,0.9934873526559367,494,0.20612349199915014,0.5251798561151079
era_2018_2021,factorial_010101,False,True,False,True,False,True,973,0.4873855574812975,0.10829777569823484,0.2590958995489412,0.5315421090308442,0.8384644766389614,0.41798336402378394,0.25471097241678087,58.37579344865705,15.118910533465135,86352.93428803705,0.008554439743549018,0.9027375035202098,494,0.18297846496459313,0.5200411099691675
era_2018_2021,factorial_010110,False,True,False,True,True,False,973,0.44816748278696306,0.10065423774944349,0.30221154997267874,0.4861259600712313,0.7673401137335405,0.33305887137186874,0.27592440459511924,75.92937766115925,19.6651625597247,116501.21537664745,0.004906948560010746,0.9950930514399893,475,0.2863521222122669,0.5323741007194245
era_2018_2021,factorial_010111,False,True,False,True,True,True,973,0.3720259681996414,0.08536510722989643,0.2588535144664087,0.4556432811842279,0.7121505074977754,0.3297815268448836,0.24705684363484834,79.86776981703595,20.685177794340245,118376.48665198383,0.00947474196810572,0.8691774418206218,478,0.207525530093142,0.5241521068859198
era_2018_2021,factorial_011000,False,True,True,False,False,False,973,0.518529153914179,0.11426191448743328,0.2881451566526846,0.6656982475658519,1.0753673908934263,0.3965428946118249,0.18961677889763193,99.22652064470076,25.698954987116743,147023.47953026925,0.008837497819314052,0.7599448413525237,483,0.25877813162428875,0.526207605344296
era_2018_2021,factorial_011001,False,True,True,False,False,True,973,0.43988214757100286,0.09901985945953928,0.2562185401494288,0.6299509664455387,1.0097647561004015,0.38646641028315154,0.1739924195524489,96.8611283670755,25.08633540442243,141291.07526336634,0.009925779178431671,0.680341520965695,483,0.18946704039354056,0.5179856115107914
era_2018_2021,factorial_011010,False,True,True,False,True,False,973,0.5451392575669074,0.1192864747903033,0.2888273533387945,0.6957206647209647,1.1300850885911762,0.4130026931707547,0.1872650215053912,101.817068085911,26.369888137358245,154051.95151557453,0.009421691195912846,0.7744547989900372,475,0.33436884440156067,0.5323741007194245
era_2018_2021,factorial_011011,False,True,True,False,True,True,973,0.45910120265776766,0.10280046898312278,0.24991694404972908,0.6549110392800256,1.0543862195432032,0.4113385323832517,0.1721064017321649,100.74227500012609,26.09152446046431,149924.23075846152,0.009533642471703734,0.6930316527711102,474,0.2648387025518366,0.5241521068859198
era_2018_2021,factorial_011100,False,True,True,True,False,False,973,0.511771386703813,0.11297552520067278,0.2407203483805449,0.6731971164401379,1.0912498627746472,0.4693227056238487,0.18431256083554368,57.32385161911757,14.846465167541242,85905.47100704227,0.011313727322118043,0.756398740904553,483,0.2716961847948962,0.527235354573484
era_2018_2021,factorial_011101,False,True,True,True,False,True,973,0.5052797233394914,0.11173577179712657,0.23256171343222665,0.6916679863543627,1.1162640860359738,0.48045643518914266,0.1754818987882813,57.741743908908354,14.954696264177704,86065.9080014602,0.010356450858367849,0.7081337593614392,483,0.2575604620956413,0.5210688591983555
era_2018_2021,factorial_011110,False,True,True,True,True,False,973,0.5040024110679151,0.11149136924406289,0.28088132553452816,0.6547005606636498,1.0591616074302406,0.3969340753853623,0.18876492814342355,75.97231490840913,19.676282997861357,114828.45353396374,0.008879304880342349,0.7722458408336864,473,0.3080512382419367,0.5354573484069887
era_2018_2021,factorial_011111,False,True,True,True,True,True,973,0.4490964062134222,0.10083704631747281,0.24409161883235564,0.6369123737167774,1.021381061089823,0.4131114652761946,0.17497018976670045,77.26276921310043,20.010501378932485,115054.2017596878,0.010378544701521605,0.6982385976672271,472,0.2671088281639209,0.5241521068859198
era_2018_2021,factorial_100000,True,False,False,False,False,False,973,0.43236769343914805,0.09753150897625606,0.3046497107483642,0.4696852889653009,0.7264138862312847,0.32014312023035374,0.2850735458230611,104.61901472853323,27.095572159907885,153624.77029636083,0.002682237710656034,0.8589351544577809,485,0.191414365702538,0.5323741007194245
era_2018_2021,factorial_100001,True,False,False,False,False,True,973,0.42515341468523804,0.09609715894755344,0.2981219763574985,0.48944464679215954,0.7532577246418405,0.3223417479036056,0.2533487315657318,104.00300167793685,26.93602921155199,155571.14256348868,0.004500722506908664,0.7396118466915811,483,0.15416540339149853,0.5375128468653648
era_2018_2021,factorial_100010,True,False,False,False,True,False,973,0.4928292024230667,0.10934688887232813,0.30492062769751505,0.5150215077551016,0.794540325161736,0.35860771276124215,0.27565215679041116,104.87119526608086,27.16088510488425,162627.8762773708,0.0035291096174457667,0.8535117920476678,475,0.34404539256096167,0.5405960945529291
era_2018_2021,factorial_100011,True,False,False,False,True,True,973,0.5059381750109577,0.11186170075228308,0.2901681267098749,0.5584060887983213,0.859345136802251,0.38550650624742183,0.2430648592305197,104.69099314720296,27.114214052512995,167140.4644666574,0.004613001097182377,0.728299029759683,470,0.33931036312865204,0.5467625899280576
era_2018_2021,factorial_100100,True,False,False,True,False,False,973,0.5407598856378011,0.11846398648745327,0.3013188704925319,0.5417788975265435,0.8510212414786945,0.39315156828317316,0.27848987492163824,62.237213235807324,16.11899047833859,95696.64980533517,0.0027549580411672476,0.8586739788585027,485,0.264936564166683,0.5375128468653648
era_2018_2021,factorial_100101,True,False,False,True,False,True,973,0.5510400028339277,0.1203919643099709,0.2687817478306247,0.5720436603469534,0.8916184784945926,0.44791718664556424,0.2564202516953214,64.8124230492091,16.78595129332034,100681.50601223667,0.006529447980395057,0.7678043369832132,478,0.24397219419337346,0.538540596094553
era_2018_2021,factorial_100110,True,False,False,True,True,False,973,0.4312737006862186,0.09731434511323256,0.3028049949529731,0.4745825981119739,0.7345688080913363,0.3213762874960035,0.27676234367740427,77.10977409336165,19.970876743604457,118846.73627585919,0.003361918839202903,0.8535645361944253,475,0.2855215996597653,0.5436793422404933
era_2018_2021,factorial_100111,True,False,False,True,True,True,973,0.4471377879303462,0.10045149617947602,0.2683641330809411,0.5135399193966949,0.7903618992079511,0.3743104379346361,0.24521348110662675,79.14148273097872,20.497074664138374,124566.99295442249,0.006527795490772983,0.731934284283253,287,0.28101944185500316,0.539568345323741
era_2018_2021,factorial_101000,True,False,True,False,False,False,973,0.5522756243217994,0.12062306007878254,0.2662639898132867,0.7167192374599607,1.1512462913198118,0.4530205536368906,0.18209218918722003,100.80697095272838,26.108280246749796,152544.23689492536,0.007886473549622625,0.6121194563835223,478,0.2986629136991754,0.5344295991778006
era_2018_2021,factorial_101001,True,False,True,False,False,True,973,0.5391350286661376,0.11815838206017304,0.2085217041312546,0.7501026884032899,1.199860477438729,0.5666478823029276,0.16769325736268306,96.94431916564096,25.107881222755932,149477.1028218406,0.009469714952128805,0.5460690184333226,474,0.2799881961068331,0.539568345323741
era_2018_2021,factorial_101010,True,False,True,False,True,False,973,0.5922655923376265,0.12802977655482128,0.26120981797365783,0.7551778417634887,1.2096411949130559,0.49014151745143314,0.18138162567096489,102.51080837974091,26.549561882522823,159206.52424864692,0.008004884309345013,0.621172714064118,471,0.379528424120674,0.5457348406988695
era_2018_2021,factorial_101011,True,False,True,False,True,True,973,0.577844134373596,0.12537477648564255,0.195833227107158,0.7923107604972724,1.2622704058204035,0.6402119718786982,0.16667493297362418,98.34279660703893,25.47007681908922,155593.63520011684,0.010084067710817032,0.553433244324326,393,0.36988560681672533,0.5447070914696814
era_2018_2021,factorial_101100,True,False,True,True,False,False,973,0.5988479623356857,0.1292356755732822,0.24085506365022014,0.7679197883379105,1.232430445487503,0.5365703075313529,0.17927442265809332,68.83956552624213,17.828952222623858,107399.63263548797,0.013267054836652307,0.606173835043651,474,0.3473960917073857,0.538540596094553
era_2018_2021,factorial_101101,True,False,True,True,False,True,973,0.6130367794185638,0.13182262736075878,0.20392287327010328,0.8184849863047835,1.297850386852318,0.6464337484405436,0.1687750730192945,67.0965349277974,17.377519837415157,106020.8032409804,0.01221452877328149,0.5576344062079499,471,0.3496837814644247,0.5375128468653648
era_2018_2021,factorial_101110,True,False,True,True,True,False,973,0.5101702640849566,0.11267011588809228,0.2598906851664201,0.6764252410174508,1.0682982287548861,0.43352887317198135,0.18257620683131906,81.60483083539565,21.135064101253548,125254.58927490655,0.008563990257525465,0.6202561403993336,468,0.33147418539827656,0.5426515930113053
era_2018_2021,factorial_101111,True,False,True,True,True,True,973,0.517745161899466,0.11411289379294387,0.19258075565495036,0.7292829753793006,1.1473963053646874,0.5925456746955627,0.1674934010641065,79.77477227306855,20.66109209949977,125083.01065531335,0.010460207095601089,0.5516896915907105,458,0.3430070789259596,0.5375128468653648
era_2018_2021,factorial_110000,True,True,False,False,False,False,973,0.4704782514121906,0.10502110842297219,0.30495221554800334,0.4971009971905943,0.7674379552353959,0.34438545801101267,0.28032872604018894,111.22356622047157,28.80610348156098,165638.37449759617,0.005358647969131346,0.856456347953794,483,0.20810078484592465,0.538540596094553
era_2018_2021,factorial_110001,True,True,False,False,False,True,973,0.4679654574696719,0.10453174478648108,0.2811842576376532,0.5301041206531687,0.8168797577438949,0.3717553239455725,0.24392702783410555,109.58166531361431,28.380862958921693,165395.1705589458,0.009393892534012977,0.7248355332732166,478,0.18002695991566098,0.5364850976361768
era_2018_2021,factorial_110010,True,True,False,False,True,False,973,0.5098832018611739,0.11261533427158876,0.3049665003038784,0.5294834311300435,0.8144196838045694,0.36927116309291425,0.2715795889291128,111.38558422134692,28.848064978190568,175109.24374052824,0.0033717945669827576,0.8532674496057927,471,0.3659495240765698,0.5457348406988695
era_2018_2021,factorial_110011,True,True,False,False,True,True,973,0.5261555803312823,0.11570857430342452,0.273719123206965,0.5834398552747514,0.8986852393502031,0.4227274037259528,0.23538026291473982,110.49683065326309,28.617884197967417,177342.9759415201,0.008677692017088344,0.7166216747158456,459,0.37054185958857766,0.5426515930113053
era_2018_2021,factorial_110100,True,True,False,True,False,False,973,0.5252603927390227,0.11553904369497858,0.30221045946161285,0.5366186702933003,0.8415692134361525,0.38231318631661887,0.27393621811604046,66.20292900293074,17.146082331694295,100586.10794681763,0.00577922897343595,0.8562991967706188,492,0.23743868028583592,0.538540596094553
era_2018_2021,factorial_110101,True,True,False,True,False,True,973,0.5734353635491543,0.12455953099947314,0.2572951911732658,0.5951862189000006,0.9268286583592786,0.48411138362703865,0.24992978449482248,68.87843781462932,17.83901986565939,107478.9130081681,0.006705175707422718,0.7607871735809314,476,0.2603970735900132,0.5375128468653648
era_2018_2021,factorial_110110,True,True,False,True,True,False,973,0.4726313054694897,0.10543992044563777,0.30220698759956544,0.5051063497053117,0.7835275249644719,0.3488996772812853,0.27207600064051685,82.86749093043159,21.462083981982282,129054.26600441149,0.004108143801272305,0.8528309294661067,473,0.3085753940955249,0.5436793422404933
era_2018_2021,factorial_110111,True,True,False,True,True,True,973,0.45039892550230753,0.1010932309298922,0.25715325259843735,0.5212785694438488,0.801827092851622,0.3931244497527562,0.2404833917174067,84.59514783245335,21.909534690419573,132132.15225185052,0.007617674436999879,0.7261230372721486,460,0.2848551128548358,0.538540596094553
era_2018_2021,factorial_111000,True,True,True,False,False,False,973,0.5563970398316509,0.12139289577306922,0.2628101120435473,0.7190913263049149,1.145011711134142,0.46190344362759744,0.1825934204024502,103.36494360521839,26.770776761063754,156666.71607880635,0.007926420101226718,0.6211688383664484,476,0.2904870179497654,0.5436793422404933
era_2018_2021,factorial_111001,True,True,True,False,False,True,973,0.5102580397857568,0.11268686505317937,0.21350128976499494,0.7216157155887682,1.1391090448929633,0.5278041419666177,0.16748417009302044,99.19041939536105,25.689605023258977,151665.1733735797,0.008726904621291392,0.5492458936847388,471,0.2472333611270514,0.538540596094553
era_2018_2021,factorial_111010,True,True,True,False,True,False,973,0.5841975597639992,0.12654665292160794,0.2611990477446745,0.7473309302789807,1.1873930132983892,0.48448359216573006,0.18159263648509436,104.89280258698902,27.166481245551115,162427.81562063372,0.007978566354377544,0.631489834365131,471,0.36884539651593395,0.5457348406988695
era_2018_2021,factorial_111011,True,True,True,False,True,True,973,0.5424623770525403,0.11878393636816886,0.20292708276314542,0.7603777206336234,1.1966722147721691,0.5853528013646772,0.1657627414554051,101.11720720336675,26.18862920374966,158335.12861079106,0.009646353290370394,0.5562677756820308,458,0.3386732950870708,0.5405960945529291
era_2018_2021,factorial_111100,True,True,True,True,False,False,973,0.5508878426197101,0.12036349666218005,0.2403884100767988,0.7250820983862702,1.1576914756597663,0.5007042420378194,0.17889540413308824,69.25707720694976,17.93708474424598,105947.25036957831,0.010690773258011139,0.6172107494872339,478,0.30378411170606556,0.538540596094553
era_2018_2021,factorial_111101,True,True,True,True,False,True,973,0.5859231149240203,0.12686432657584934,0.20317151771128183,0.7929620719272996,1.2540237246663493,0.6244198399705351,0.16864268808636235,67.337146128614,17.43983640741082,105534.10244624628,0.010075491203876729,0.5660830106990585,471,0.3252767004318098,0.538540596094553
era_2018_2021,factorial_111110,True,True,True,True,True,False,973,0.539129181508647,0.11815728189040975,0.25930689536425977,0.7036273762391366,1.1101810358484252,0.4556657921665717,0.1824951373571178,82.62417995982128,21.39906819103285,127468.20284381112,0.008714165131281421,0.6293192544640634,470,0.3385236181001394,0.5447070914696814
era_2018_2021,factorial_111111,True,True,True,True,True,True,973,0.5090017777041358,0.11244707915032182,0.1984126997412392,0.7199785213305975,1.1248591802008694,0.5667332751228634,0.16762153545475353,80.79214042114889,20.924583130657265,125536.92151765645,0.009665936996218368,0.5577697796395489,458,0.32162793071783646,0.539568345323741
era_2022_2026,factorial_000000,False,False,False,False,False,False,1103,-0.232328472960163,-0.05861715016230318,0.5151015025266563,0.005175101946547923,0.008467684650600585,-0.11379728048700413,0.35288001144969805,142.16646308888113,32.48046119528381,129384.78761643742,0.0029450414249190806,0.997054958575081,1083,-0.45131197026215,0.4913871260199456
era_2022_2026,factorial_000001,False,False,False,False,False,True,1103,-0.2235221444769654,-0.056160758695119495,0.47635362058895314,-0.000743386757990764,-0.0012169831609833224,-0.11789720129697674,0.3394670413480878,144.52838074418398,33.02008336131855,135923.4468884371,0.006742097468254989,0.9307264229886747,1083,-0.40935212685724554,0.4986400725294651
era_2022_2026,factorial_000010,False,False,False,False,True,False,1103,-0.14080876815808785,-0.03407890926965973,0.45425176395997224,0.05945205713663126,0.09816205967413401,-0.07502207360203601,0.32996567710555774,148.1451991982913,33.84640997096047,141613.84671692282,0.0034639269391767173,0.9965360730608231,1076,-0.40277020347336623,0.4932003626473255
era_2022_2026,factorial_000011,False,False,False,False,True,True,1103,-0.04449969175173285,-0.010346007002499324,0.3562674781744579,0.12138883601517077,0.20416419432802968,-0.029039998417798515,0.31130548733670266,148.82424202008207,34.001549400780306,150978.85641290958,0.0069200092988642966,0.9273511193772976,972,-0.3094001387054516,0.4968268359020852
era_2022_2026,factorial_000100,False,False,False,True,False,False,1103,-0.42672505798628635,-0.11936951953674824,0.645186012268367,-0.19487127241697663,-0.3121242566518251,-0.1850156656637127,0.34554852606541614,94.28284287548284,21.5405951084512,67910.2823407579,0.0024409258545922048,0.9975590741454078,1102,-0.5699075768638135,0.4886672710788758
era_2022_2026,factorial_000101,False,False,False,True,False,True,1103,-0.39489340874233614,-0.10842967062740172,0.6251660150538048,-0.17136257795111545,-0.275249693157495,-0.17344140278973696,0.3373902138512475,96.1901055667549,21.97634324825225,72344.16792514741,0.005018847778796683,0.9602732551399914,1102,-0.5401668098836863,0.4886672710788758
era_2022_2026,factorial_000110,False,False,False,True,True,False,1103,-0.23986519397760142,-0.06073672904218441,0.5051000534749892,-0.028460787956115483,-0.046580349949184974,-0.12024692657291886,0.32702511720547667,111.19235744908106,25.40387495663502,97971.79416110546,0.0032595308259027998,0.9967404691740971,1083,-0.4223419588175442,0.4932003626473255
era_2022_2026,factorial_000111,False,False,False,True,True,True,1103,-0.17095806675639602,-0.04192975945302302,0.43995072784427025,0.01828407195073355,0.030296199072566123,-0.09530558037368433,0.31228571653419473,114.14071605707528,26.077480005786917,106299.75174267,0.006938447024133321,0.9431056650767798,1079,-0.35003323087299154,0.49501359927470534
era_2022_2026,factorial_001000,False,False,True,False,False,False,1103,-0.07468796431415325,-0.01757831235122731,0.3636330985806736,0.001489093431718528,0.0024752448724238837,-0.04834079301317364,0.18991467491287464,123.45795955426445,28.20617026987728,127583.64168235025,0.007118257530915039,0.6746820186842849,985,-0.28060510824685847,0.49501359927470534
era_2022_2026,factorial_001001,False,False,True,False,False,True,1103,-0.06713498424432052,-0.015751937242103553,0.337774170677385,0.0046747368466524926,0.007782634626275583,-0.04663452273604588,0.18303499897575917,121.24105952264156,27.699679963468423,126881.27357703718,0.008700190674856867,0.640368945118909,985,-0.2541681181742753,0.5022665457842248
era_2022_2026,factorial_001010,False,False,True,False,True,False,1103,-0.004882056630380438,-0.0011174995427194467,0.332982057933095,0.08837717142824907,0.14925278002827083,-0.0033560353060944274,0.18912241048701287,134.12003207458167,30.64211068249735,141169.2047035502,0.010391445840435361,0.7161930811597079,969,-0.23390579081057272,0.4959202175883953
era_2022_2026,factorial_001011,False,False,True,False,True,True,1103,0.01191107489924148,0.0027088804281638623,0.30422395745565944,0.10516107123114958,0.17910148926147026,0.008904231115850503,0.181079752640748,129.57747013230772,29.604281480817356,139481.1333439267,0.010123700703580684,0.6730272166619087,968,-0.19777392500113788,0.4968268359020852
era_2022_2026,factorial_001100,False,False,True,True,False,False,1103,-0.12818133496080264,-0.03085380374045743,0.4505964427514825,-0.07358439408918764,-0.11999215988912615,-0.06847325192372687,0.18738390288585585,89.73660480540399,20.501926029883773,85002.21599211548,0.009596248486530729,0.6765471036760458,1102,-0.3166574761558498,0.49773345421577514
era_2022_2026,factorial_001101,False,False,True,True,False,True,1103,-0.12015872065155575,-0.028823467379652468,0.4262922303672344,-0.06847826019666198,-0.1123274688853849,-0.0676143390059494,0.1829425633243808,89.86883498427255,20.53213636993353,86282.24493055922,0.00902734087154986,0.6537546023907956,1102,-0.2904588634046703,0.4986400725294651
era_2022_2026,factorial_001110,False,False,True,True,True,False,1103,-0.0752491489249576,-0.017714470031435448,0.3770915627280629,-0.0022374308278932183,-0.0037196137467709533,-0.046976574875556475,0.18703804420730363,104.99048888067676,23.98694759558526,105088.06803128537,0.009637392558853564,0.7201584618839932,1080,-0.236988901794694,0.5022665457842248
era_2022_2026,factorial_001111,False,False,True,True,True,True,1103,-0.07994791373773036,-0.018857018777451273,0.345884591239908,-0.013814326441575755,-0.02302664477507201,-0.05451823890117126,0.1820115842969196,103.65329304089427,23.681441383776384,105334.2363430956,0.009684957947156509,0.6872110910499665,1080,-0.21465001345898083,0.4986400725294651
era_2022_2026,factorial_010000,False,True,False,False,False,False,1103,-0.2280443484216439,-0.057419458383733524,0.5029527745474461,0.005301335113615109,0.00864993737597883,-0.11416471145904147,0.3493152796324055,148.59949094033854,33.9502010126612,135953.73354585958,0.004384263075386795,0.9956157369246135,1083,-0.43599089830189686,0.499546690843155
era_2022_2026,factorial_010001,False,True,False,False,False,True,1103,-0.23637972095256,-0.05975449119753762,0.4668508340030686,-0.017015393779783825,-0.0276995248394424,-0.12799482585297225,0.3345621249879394,150.9092726930033,34.477911802934564,142490.38070603914,0.00808457005446626,0.9228785339557443,1083,-0.3958510058750935,0.4968268359020852
era_2022_2026,factorial_010010,False,True,False,False,True,False,1103,-0.14276009336185813,-0.03458054369551378,0.44617382780271075,0.05196676335967194,0.08535065178929352,-0.07750464402139834,0.3227468903455655,156.22923418732043,35.69335178169061,150192.44356073928,0.006361343889367227,0.9936386561106328,1076,-0.39145515283251753,0.5013599274705349
era_2022_2026,factorial_010011,False,True,False,False,True,True,1103,-0.07772714840861461,-0.01831645917926117,0.3637507640113782,0.09113118995148188,0.15103829141584382,-0.05035442119013179,0.3047834927019324,156.0890098107746,35.661315024764455,158474.19040683293,0.009789053656662603,0.9162876208260926,973,-0.3098389232773088,0.499546690843155
era_2022_2026,factorial_010100,False,True,False,True,False,False,1103,-0.42690492299300686,-0.11943265233393241,0.6384478651052268,-0.20083397154220417,-0.3203569242921016,-0.18706719665238122,0.34186243778882525,98.73150984920525,22.55697233182205,71427.83574064344,0.00377431951109355,0.9962256804889063,1102,-0.5620110860885565,0.5013599274705349
era_2022_2026,factorial_010101,False,True,False,True,False,True,1103,-0.38995672477074383,-0.10677305532154713,0.613696439772244,-0.17333727428531767,-0.27739241557324024,-0.17398350129124573,0.33240250317637793,100.92978661103601,23.059207820472412,76984.33974711422,0.007330861376060358,0.9508172472925556,1102,-0.5296798333012319,0.5004533091568449
era_2022_2026,factorial_010110,False,True,False,True,True,False,1103,-0.23751949237858505,-0.06007530778797676,0.48826785536225636,-0.03355597038303405,-0.05453198292402171,-0.12303760554420608,0.3202868792343062,117.77709274408438,26.90827504216615,105866.40082824414,0.005382883602373402,0.9946171163976266,1082,-0.41314105458730144,0.5022665457842248
era_2022_2026,factorial_010111,False,True,False,True,True,True,1103,-0.1832817772282782,-0.045202357300888396,0.4336617688023787,0.00011620903763027807,0.0001904944849933117,-0.10423413026636268,0.3047777144135685,120.81916768184394,27.603291256414025,114429.16749062773,0.008545665879428775,0.931213738300829,1079,-0.35152392051774684,0.5077062556663645
era_2022_2026,factorial_011000,False,True,True,False,False,False,1103,-0.051703229841395526,-0.012055590418505235,0.35548402431279125,0.03147109782257572,0.052196920522621766,-0.033913170758687855,0.19046591248780723,125.42493490585039,28.655560830711057,130243.28873250738,0.007994123019646165,0.6876229120187631,973,-0.27081554503002914,0.5013599274705349
era_2022_2026,factorial_011001,False,True,True,False,False,True,1103,-0.06688681390904672,-0.015692121417664184,0.3388426149078919,0.004691300289446672,0.007780638768450071,-0.04631094415892699,0.18270201796578747,124.84665080799313,28.523441526395526,130225.91122444796,0.00834283484617779,0.6476024479082256,985,-0.2536434326101459,0.49773345421577514
era_2022_2026,factorial_011010,False,True,True,False,True,False,1103,0.006278493812995833,0.0014309723466583435,0.32664297156312394,0.10229094381184645,0.17219386384254673,0.0043808453609472725,0.19004104362730648,137.28942912289614,31.366215901151246,145470.71984658873,0.007952732682001492,0.7342015001184955,968,-0.2276544229110199,0.5031731640979148
era_2022_2026,factorial_011011,False,True,True,False,True,True,1103,0.00486858241889121,0.0011102312979485163,0.2983695391352791,0.09636244938231264,0.16252610378514667,0.003720994110746485,0.18094404369885161,134.20621593249172,30.661800920206627,144867.71096753946,0.00919927811428844,0.6837463971544506,968,-0.20172912823591915,0.5004533091568449
era_2022_2026,factorial_011100,False,True,True,True,False,False,1103,-0.12542047473925044,-0.03015347379441946,0.44360859393885155,-0.0710273162535332,-0.11575408278958954,-0.06797315067024133,0.18645360894449195,89.93317243407569,20.546835406515928,85284.61218965545,0.010453201243785045,0.6869519150377998,1102,-0.31584486300063097,0.5004533091568449
era_2022_2026,factorial_011101,False,True,True,True,False,True,1103,-0.12291415332884392,-0.029519186617256277,0.42376939162501737,-0.07435888663886481,-0.12173498759431772,-0.06965860961326117,0.18153773916118685,90.77009764457394,20.738045880718612,87106.52437388504,0.009404503920762254,0.6608681273627298,1102,-0.3010717124762097,0.5004533091568449
era_2022_2026,factorial_011110,False,True,True,True,True,False,1103,-0.08171358437545506,-0.01928752196768546,0.3634716274054013,-0.011256213881102912,-0.018639834474460965,-0.05306472503883489,0.18659810671023216,106.41608583138066,24.312650616054327,107873.68751634393,0.009809997073328297,0.7369030679654114,985,-0.23338123281902057,0.5013599274705349
era_2022_2026,factorial_011111,False,True,True,True,True,True,1103,-0.09278223245204398,-0.02200091251314462,0.34267642511723184,-0.03437234158501337,-0.056972029421022,-0.06420316923061739,0.17949795575856145,104.92798308976523,23.97266703410774,106783.09318202364,0.009742614401395002,0.6953248451483259,1082,-0.23048256669017897,0.5067996373526745
era_2022_2026,factorial_100000,True,False,False,False,False,False,1103,-0.25428484014503794,-0.0648376247828899,0.5290498297349735,-0.01356240628615666,-0.02219245278574635,-0.12255485426650678,0.35292789170840816,142.14249029288567,32.47498418296209,126482.22108321427,0.0029932352118538243,0.997006764788146,1102,-0.46709523256126895,0.4913871260199456
era_2022_2026,factorial_100001,True,False,False,False,False,True,1103,-0.24321398223427215,-0.06168372650836096,0.49202512772191653,-0.017849246496925895,-0.02921412651836035,-0.12536702504190692,0.33963530366682027,144.27709410001225,32.96267245077342,132762.97395153146,0.006574386562058404,0.9329221337390343,1083,-0.42702883144448456,0.4968268359020852
era_2022_2026,factorial_100010,True,False,False,False,True,False,1103,-0.16087343293022027,-0.0392795642737227,0.4723473381533245,0.043166049448159924,0.07134925227697625,-0.08315822087044875,0.33007365342331224,147.49080714330532,33.69690244797184,137423.14809167502,0.003645224429827275,0.9963547755701726,1077,-0.419660161070061,0.4932003626473255
era_2022_2026,factorial_100011,True,False,False,False,True,True,1103,-0.06622934669256231,-0.015533713183315312,0.37423768152335934,0.10511286671239213,0.17654741328204387,-0.041507613878122324,0.31221282764182207,148.32753967600877,33.888068901499736,147163.2284968152,0.00677978325324222,0.9292211032449881,973,-0.31771937664086525,0.49501359927470534
era_2022_2026,factorial_100100,True,False,False,True,False,False,1103,-0.41850455969305056,-0.11650029113765892,0.6400890211678285,-0.1871418143898024,-0.30010348114210633,-0.18200638861936214,0.34448445241640674,94.78545034465353,21.655424738760367,68619.87299255386,0.002172293006684216,0.9978277069933158,1102,-0.5611504082454966,0.4913871260199456
era_2022_2026,factorial_100101,True,False,False,True,False,True,1103,-0.3868754359430038,-0.1057442952746589,0.6199295499771781,-0.16366613216229836,-0.2629657854524423,-0.17057469720317694,0.33658524298521514,96.79308181575877,22.114103914389126,73150.31139599951,0.0042977350047064145,0.9597040221388948,1102,-0.5337428981312247,0.4904805077062557
era_2022_2026,factorial_100110,True,False,False,True,True,False,1103,-0.2115417191260085,-0.05285328047632787,0.48580544385711455,-0.002792037534353387,-0.004577739467782356,-0.1087951589358334,0.3271604194741055,111.7004896994106,25.519966821624177,98992.94186481748,0.003232895334850976,0.9967671046651491,1080,-0.3998208684931216,0.4941069809610154
era_2022_2026,factorial_100111,True,False,False,True,True,True,1103,-0.11640995038582302,-0.027879634548326204,0.403503423147478,0.06436658537385262,0.10688319975857538,-0.06909392324569294,0.3116530924883351,114.8952122828884,26.249858109961806,110297.71820466712,0.007075967272277951,0.9391392326157659,985,-0.31587712604933105,0.4959202175883953
era_2022_2026,factorial_101000,True,False,True,False,False,False,1103,-0.10034531711630046,-0.023869666884377416,0.3812618130124289,-0.03261241398224464,-0.054194621997923964,-0.06260702244417875,0.18968137732774062,123.09629041667694,28.12354051224169,124410.22386691338,0.008142605468949975,0.6740716946505099,1102,-0.3009825800954785,0.49501359927470534
era_2022_2026,factorial_101001,True,False,True,False,False,True,1103,-0.09157578158921442,-0.0217039245202435,0.3582589135756524,-0.02888893970208208,-0.04809831464539536,-0.06058167347079935,0.18267055912684843,121.34952431482354,27.724460677548077,124102.90034041375,0.009575272089400845,0.6411633336435234,986,-0.2748914635887625,0.5013599274705349
era_2022_2026,factorial_101010,True,False,True,False,True,False,1103,-0.02670881901581712,-0.006165988031844094,0.3496563006429486,0.06155599086173027,0.10410224262412318,-0.017634425635991872,0.1890994045069322,132.67851754922287,30.312771008525985,136911.2990406686,0.010214884994347683,0.7201605144938592,973,-0.25090992158953274,0.4959202175883953
era_2022_2026,factorial_101011,True,False,True,False,True,True,1103,-0.01012607074126104,-0.002322572817087032,0.31764190284992655,0.07778551813702622,0.1321786318048611,-0.007311921998478762,0.18178054725876908,127.7213598031242,29.18022000941731,135249.5811290912,0.009802433616089177,0.6757340134783647,969,-0.20854014979973923,0.4941069809610154
era_2022_2026,factorial_101100,True,False,True,True,False,False,1103,-0.1229247833249606,-0.02952187384834637,0.4460260676789083,-0.06659570996480382,-0.1090592881919271,-0.06618867368442466,0.18716264686658543,90.5090279420906,20.678399856216526,85864.97888365001,0.008685763985167818,0.6804130358348212,1102,-0.30714100821913504,0.499546690843155
era_2022_2026,factorial_101101,True,False,True,True,False,True,1103,-0.11021815888344533,-0.02632746263865149,0.4213779182289584,-0.05565213588843769,-0.09135467426448447,-0.062479454901920826,0.1820263349608771,90.63233549423487,20.706571663234076,87076.31637146875,0.010652156989080374,0.6545441416091577,1102,-0.2838370126890257,0.5004533091568449
era_2022_2026,factorial_101110,True,False,True,True,True,False,1103,-0.03384591255525604,-0.007835730969226518,0.3766039051990595,0.05240997713274719,0.08759683439402313,-0.020806292396476418,0.18866737594477326,104.30368240980565,23.83003442182323,106881.86236766563,0.009775855327313692,0.7244355947114025,972,-0.20064358667351578,0.5022665457842248
era_2022_2026,factorial_101111,True,False,True,True,True,True,1103,-0.01804324667090551,-0.004151303900903902,0.33476672713847677,0.06832911801878794,0.1141643997659617,-0.012400586929258082,0.18267579063561418,102.58775909961106,23.438001172349942,107668.20303554248,0.009834113161438148,0.6869347677671216,970,-0.17340294495768327,0.5013599274705349
era_2022_2026,factorial_110000,True,True,False,False,False,False,1103,-0.25147351826530595,-0.06403332307043308,0.5181288451305757,-0.0149299186868199,-0.024356697617598816,-0.12358571361587829,0.3492447342043973,148.63440881109938,33.958178622300125,132760.93548226389,0.0044542081792411925,0.9955457918207589,1102,-0.4532114791614009,0.499546690843155
era_2022_2026,factorial_110001,True,True,False,False,False,True,1103,-0.2525613558959757,-0.06434426976567209,0.4832419598543807,-0.031059057721634163,-0.05058181650433261,-0.13315124743112433,0.3350992561032503,151.06287980771498,34.51300608480886,139535.96623032656,0.007906628719548777,0.9258670852226318,1102,-0.41442494882992853,0.4968268359020852
era_2022_2026,factorial_110010,True,True,False,False,True,False,1103,-0.17450329528280317,-0.042867338236471264,0.46670052734789347,0.024918785966913288,0.040940343086260704,-0.09185191728852833,0.3223900299003587,155.70870374692257,35.57442732930597,144945.16184135986,0.006458446926341631,0.9935415530736583,1079,-0.41400991435275536,0.4986400725294651
era_2022_2026,factorial_110011,True,True,False,False,True,True,1103,-0.1093807466784813,-0.02611817861295318,0.3892938179053693,0.0656976169786442,0.10879620918510473,-0.06709117230138513,0.30573062994751804,155.6138326837234,35.5527523447854,152960.20492384638,0.008743617113592396,0.9213277056936946,985,-0.3310429472004004,0.4968268359020852
era_2022_2026,factorial_110100,True,True,False,True,False,False,1103,-0.419568919121171,-0.11687001741291747,0.6338357771777426,-0.19443386747262462,-0.3105277366024687,-0.1843853275895853,0.34055366282935234,99.4129378926404,22.71265670801938,72163.72305555799,0.0036213330707710887,0.9963786669292288,1102,-0.5564239433579217,0.5040797824116047
era_2022_2026,factorial_110101,True,True,False,True,False,True,1103,-0.38453607888315144,-0.10496590700087371,0.610235571803082,-0.16826088641410283,-0.26924193230679644,-0.1720088304435084,0.3317470360323497,101.23017416068943,23.127836707609912,77215.50915577961,0.0071162872122412305,0.9508747308336094,1102,-0.5254662661282579,0.5022665457842248
era_2022_2026,factorial_110110,True,True,False,True,True,False,1103,-0.2098508704651837,-0.05238961011941956,0.46968693760389824,-0.007749101853241041,-0.012614421013805536,-0.11154155230861747,0.32068233004031743,118.53482131030898,27.08139163209235,106906.10052240489,0.004919057362991526,0.9950809426370084,1080,-0.39183229391097274,0.5031731640979148
era_2022_2026,factorial_110111,True,True,False,True,True,True,1103,-0.14827215881932898,-0.03600232593712649,0.4069042985560066,0.031593193083594553,0.05178450908387805,-0.0884786080286913,0.30479735588082696,121.73410069927468,27.812324003823406,116943.8185365815,0.008720356328554571,0.9290191382004207,1076,-0.3266761610066582,0.5104261106074343
era_2022_2026,factorial_111000,True,True,True,False,False,False,1103,-0.08560974714361458,-0.020239742838781494,0.37529248946204763,-0.012247869573416626,-0.020279593706261936,-0.0539305832306785,0.19041870751208204,125.74323927771943,28.728283135072793,127253.42588622723,0.008212959868393606,0.6884217535087982,985,-0.29362102330628126,0.5013599274705349
era_2022_2026,factorial_111001,True,True,True,False,False,True,1103,-0.09167549277479403,-0.021728458551028895,0.3585034153081529,-0.028870543935361023,-0.04786754699112273,-0.06060879094374072,0.1827976414174312,124.79897809902579,28.51254984674025,127256.4148969914,0.00993386624562053,0.6490256747924007,985,-0.2757501246268519,0.4986400725294651
era_2022_2026,factorial_111010,True,True,True,False,True,False,1103,-0.03236404390060099,-0.0074882627247500055,0.3509967713980916,0.05499704752844147,0.09263422243043827,-0.021334278075900045,0.18974677229586073,136.23276184672724,31.124801437330248,139794.62643550546,0.009060915882369253,0.7381536751681506,972,-0.2521617473885017,0.5022665457842248
era_2022_2026,factorial_111011,True,True,True,False,True,True,1103,-0.017677771127993513,-0.004066635374781025,0.3189101592070549,0.06801881897051908,0.11449186517049695,-0.01275166455936178,0.18144123122887298,132.58117535217994,30.290531449455433,139751.58838014468,0.009100081320587738,0.6878790180062021,970,-0.2145133703469373,0.5031731640979148
era_2022_2026,factorial_111100,True,True,True,True,False,False,1103,-0.12014161772619814,-0.028819154314507545,0.4389682318754399,-0.06343260002718283,-0.10349493489711961,-0.0656520272352765,0.18663117105121277,91.10093083916911,20.813630617833738,86477.17341475072,0.009451260037810659,0.6912568776904933,1102,-0.31116781617615064,0.5031731640979148
era_2022_2026,factorial_111101,True,True,True,True,False,True,1103,-0.11403759857958529,-0.027283939475600594,0.4183810045942764,-0.06310968516985443,-0.10330631377928366,-0.06521314107474623,0.18048350582330008,91.54819221329797,20.91581544673716,87921.9431941805,0.010625402169675838,0.6610029945689098,1102,-0.29528531705449235,0.5040797824116047
era_2022_2026,factorial_111110,True,True,True,True,True,False,1103,-0.027621938577918503,-0.006379086819882862,0.36757493053139667,0.059674348270652745,0.099727518472581,-0.017354520915397378,0.18791336692663724,106.12469302183425,24.24607673753602,109454.08034638426,0.008112614342273426,0.7423269264963777,970,-0.19657566609450305,0.5040797824116047
era_2022_2026,factorial_111111,True,True,True,True,True,True,1103,-0.05373907993405658,-0.012540565074027898,0.33312795412321416,0.020123722586164718,0.033297123168027715,-0.037644889655190916,0.18044256682193469,104.77771210830402,23.938334951307898,109214.07864967317,0.00997683943640159,0.696250791173604,973,-0.19735423256338047,0.5067996373526745
