execution_date,symbol,rank,selected
2019-01-02,SZ300029,1,True
2019-01-02,SZ002200,2,True
2019-01-02,SZ300489,3,True
2019-01-02,SZ002072,4,True
2019-01-02,SZ300592,5,True
2019-01-02,SZ300069,6,True
2019-01-02,SZ300106,7,True
2019-01-02,SZ300321,8,True
2019-01-02,SZ300354,9,True
2019-01-02,SH600306,10,True
2019-02-01,SZ300029,1,True
2019-02-01,SZ002072,2,True
2019-02-01,SZ002200,3,True
2019-02-01,SH600306,4,True
2019-02-01,SZ300489,5,True
2019-02-01,SZ300592,6,True
2019-02-01,SZ300405,7,True
2019-02-01,SZ300321,8,True
2019-02-01,SZ002633,9,True
2019-02-01,SZ300330,10,True
2019-03-01,SZ300029,1,True
2019-03-01,SZ002072,2,True
2019-03-01,SZ002200,3,True
2019-03-01,SZ300489,4,True
2019-03-01,SZ300592,5,True
2019-03-01,SH600306,6,True
2019-03-01,SZ300405,7,True
2019-03-01,SZ300321,8,True
2019-03-01,SZ300106,9,True
2019-03-01,SZ300330,10,True
2019-04-01,SZ002072,1,True
2019-04-01,SZ300029,2,True
2019-04-01,SZ002200,3,True
2019-04-01,SH600306,4,True
2019-04-01,SZ300405,5,True
2019-04-01,SZ300592,6,True
2019-04-01,SZ300489,7,True
2019-04-01,SZ300665,8,True
2019-04-01,SZ300106,9,True
2019-04-01,SZ300680,10,True
2019-05-06,SZ300029,1,True
2019-05-06,SZ300592,2,True
2019-05-06,SH600306,3,True
2019-05-06,SZ300665,4,True
2019-05-06,SZ002890,5,True
2019-05-06,SH603286,6,True
2019-05-06,SZ300354,7,True
2019-05-06,SZ300321,8,True
2019-05-06,SZ300442,9,True
2019-05-06,SH603029,10,True
2019-06-03,SZ000691,1,True
2019-06-03,SZ300665,2,True
2019-06-03,SZ002473,3,True
2019-06-03,SZ300029,4,True
2019-06-03,SH603269,5,True
2019-06-03,SH603029,6,True
2019-06-03,SZ002890,7,True
2019-06-03,SH603286,8,True
2019-06-03,SZ300321,9,True
2019-06-03,SZ002209,10,True
2019-07-01,SZ000691,1,True
2019-07-01,SZ002473,2,True
2019-07-01,SZ300592,3,True
2019-07-01,SZ300029,4,True
2019-07-01,SZ300321,5,True
2019-07-01,SZ002890,6,True
2019-07-01,SZ300665,7,True
2019-07-01,SH603286,8,True
2019-07-01,SH603269,9,True
2019-07-01,SH603029,10,True
2019-08-01,SH600306,1,True
2019-08-01,SZ002473,2,True
2019-08-01,SZ300665,3,True
2019-08-01,SZ300592,4,True
2019-08-01,SZ000691,5,True
2019-08-01,SZ300029,6,True
2019-08-01,SZ002890,7,True
2019-08-01,SZ002209,8,True
2019-08-01,SZ300321,9,True
2019-08-01,SZ002633,10,True
2019-09-02,SH600306,1,True
2019-09-02,SZ000691,2,True
2019-09-02,SZ300665,3,True
2019-09-02,SZ002633,4,True
2019-09-02,SZ002209,5,True
2019-09-02,SZ300029,6,True
2019-09-02,SH603269,7,True
2019-09-02,SZ002890,8,True
2019-09-02,SZ300321,9,True
2019-09-02,SZ002473,10,True
2019-10-08,SH600306,1,True
2019-10-08,SZ300029,2,True
2019-10-08,SZ300665,3,True
2019-10-08,SZ000502,4,True
2019-10-08,SZ000691,5,True
2019-10-08,SZ000835,6,True
2019-10-08,SH603269,7,True
2019-10-08,SZ002633,8,True
2019-10-08,SZ000679,9,True
2019-10-08,SZ300592,10,True
2019-11-01,SH600306,1,True
2019-11-01,SZ000691,2,True
2019-11-01,SZ002633,3,True
2019-11-01,SZ000835,4,True
2019-11-01,SZ300665,5,True
2019-11-01,SZ002209,6,True
2019-11-01,SH603991,7,True
2019-11-01,SZ300029,8,True
2019-11-01,SH603269,9,True
2019-11-01,SZ000929,10,True
2019-12-02,SH600306,1,True
2019-12-02,SZ300431,2,True
2019-12-02,SZ002633,3,True
2019-12-02,SZ300362,4,True
2019-12-02,SZ000691,5,True
2019-12-02,SH603269,6,True
2019-12-02,SZ300665,7,True
2019-12-02,SH603991,8,True
2019-12-02,SZ000929,9,True
2019-12-02,SZ002473,10,True
2020-01-02,SH600306,1,True
2020-01-02,SZ300362,2,True
2020-01-02,SZ300029,3,True
2020-01-02,SZ300431,4,True
2020-01-02,SH603269,5,True
2020-01-02,SZ002633,6,True
2020-01-02,SZ000679,7,True
2020-01-02,SH603991,8,True
2020-01-02,SZ000929,9,True
2020-01-02,SZ000691,10,True
2020-02-03,SH600306,1,True
2020-02-03,SZ300431,2,True
2020-02-03,SZ300362,3,True
2020-02-03,SZ002473,4,True
2020-02-03,SZ300029,5,True
2020-02-03,SZ000691,6,True
2020-02-03,SZ300106,7,True
2020-02-03,SZ300665,8,True
2020-02-03,SZ000679,9,True
2020-02-03,SZ000929,10,True
2020-03-02,SH600306,1,True
2020-03-02,SZ300362,2,True
2020-03-02,SZ300431,3,True
2020-03-02,SZ300029,4,True
2020-03-02,SH600561,5,True
2020-03-02,SZ000929,6,True
2020-03-02,SZ000679,7,True
2020-03-02,SH600241,8,True
2020-03-02,SZ300106,9,True
2020-03-02,SH603991,10,True
2020-04-01,SZ300362,1,True
2020-04-01,SH600306,2,True
2020-04-01,SZ300431,3,True
2020-04-01,SZ000835,4,True
2020-04-01,SH600241,5,True
2020-04-01,SH603389,6,True
2020-04-01,SZ000679,7,True
2020-04-01,SZ002071,8,True
2020-04-01,SH600599,9,True
2020-04-01,SH600561,10,True
2020-05-06,SZ000835,1,True
2020-05-06,SZ002071,2,True
2020-05-06,SH600599,3,True
2020-05-06,SH600561,4,True
2020-05-06,SZ300029,5,True
2020-05-06,SZ002633,6,True
2020-05-06,SZ002209,7,True
2020-05-06,SZ000929,8,True
2020-05-06,SZ300736,9,True
2020-05-06,SZ300665,10,True
2020-06-01,SZ300090,1,True
2020-06-01,SZ300431,2,True
2020-06-01,SZ000835,3,True
2020-06-01,SH600561,4,True
2020-06-01,SZ300029,5,True
2020-06-01,SZ300736,6,True
2020-06-01,SZ002209,7,True
2020-06-01,SZ002633,8,True
2020-06-01,SZ300665,9,True
2020-06-01,SH603269,10,True
2020-07-01,SH600561,1,True
2020-07-01,SZ300029,2,True
2020-07-01,SZ002633,3,True
2020-07-01,SZ002209,4,True
2020-07-01,SH603269,5,True
2020-07-01,SZ000929,6,True
2020-07-01,SZ300665,7,True
2020-07-01,SZ000502,8,True
2020-07-01,SZ002473,9,True
2020-07-01,SZ300405,10,True
2020-08-03,SZ002633,1,True
2020-08-03,SZ002209,2,True
2020-08-03,SZ000929,3,True
2020-08-03,SZ000502,4,True
2020-08-03,SZ300665,5,True
2020-08-03,SZ300029,6,True
2020-08-03,SZ300535,7,True
2020-08-03,SH600365,8,True
2020-08-03,SZ300736,9,True
2020-08-03,SH600768,10,True
2020-09-01,SZ300029,1,True
2020-09-01,SZ000502,2,True
2020-09-01,SZ002209,3,True
2020-09-01,SH600768,4,True
2020-09-01,SH600520,5,True
2020-09-01,SZ000929,6,True
2020-09-01,SZ002633,7,True
2020-09-01,SZ300736,8,True
2020-09-01,SZ300535,9,True
2020-09-01,SH600561,10,True
2020-10-09,SH600520,1,True
2020-10-09,SZ002633,2,True
2020-10-09,SZ002209,3,True
2020-10-09,SH600768,4,True
2020-10-09,SH600561,5,True
2020-10-09,SH603029,6,True
2020-10-09,SZ300665,7,True
2020-10-09,SH603286,8,True
2020-10-09,SZ000502,9,True
2020-10-09,SH603269,10,True
2020-11-02,SH600520,1,True
2020-11-02,SH600768,2,True
2020-11-02,SZ002633,3,True
2020-11-02,SH600778,4,True
2020-11-02,SH603029,5,True
2020-11-02,SZ000502,6,True
2020-11-02,SZ000702,7,True
2020-11-02,SH600355,8,True
2020-11-02,SH600506,9,True
2020-11-02,SH603958,10,True
2020-12-01,SH600520,1,True
2020-12-01,SZ002633,2,True
2020-12-01,SH600768,3,True
2020-12-01,SZ300478,4,True
2020-12-01,SZ000502,5,True
2020-12-01,SH600778,6,True
2020-12-01,SH600561,7,True
2020-12-01,SH603029,8,True
2020-12-01,SH603269,9,True
2020-12-01,SH600355,10,True
2021-01-04,SH600520,1,True
2021-01-04,SZ002633,2,True
2021-01-04,SH600768,3,True
2021-01-04,SZ300736,4,True
2021-01-04,SH603029,5,True
2021-01-04,SH600766,6,True
2021-01-04,SH600778,7,True
2021-01-04,SH600615,8,True
2021-01-04,SZ300478,9,True
2021-01-04,SH600355,10,True
2021-02-01,SZ002633,1,True
2021-02-01,SZ000007,2,True
2021-02-01,SZ300736,3,True
2021-02-01,SH600766,4,True
2021-02-01,SZ002862,5,True
2021-02-01,SZ300478,6,True
2021-02-01,SH600355,7,True
2021-02-01,SH600768,8,True
2021-02-01,SH603029,9,True
2021-02-01,SH600778,10,True
2021-03-01,SZ002633,1,True
2021-03-01,SZ300736,2,True
2021-03-01,SH600768,3,True
2021-03-01,SH603029,4,True
2021-03-01,SH600355,5,True
2021-03-01,SZ300478,6,True
2021-03-01,SH600520,7,True
2021-03-01,SH600778,8,True
2021-03-01,SH603813,9,True
2021-03-01,SH603269,10,True
2021-04-01,SZ002633,1,True
2021-04-01,SZ300736,2,True
2021-04-01,SH600766,3,True
2021-04-01,SZ300478,4,True
2021-04-01,SH600520,5,True
2021-04-01,SH600768,6,True
2021-04-01,SZ000609,7,True
2021-04-01,SH600355,8,True
2021-04-01,SH603269,9,True
2021-04-01,SZ000502,10,True
2021-05-06,SZ300736,1,True
2021-05-06,SZ002633,2,True
2021-05-06,SZ300478,3,True
2021-05-06,SH600520,4,True
2021-05-06,SH600768,5,True
2021-05-06,SH600355,6,True
2021-05-06,SH600455,7,True
2021-05-06,SH603269,8,True
2021-05-06,SH603813,9,True
2021-05-06,SH603029,10,True
2021-06-01,SZ002633,1,True
2021-06-01,SH600768,2,True
2021-06-01,SH600455,3,True
2021-06-01,SH603389,4,True
2021-06-01,SZ300478,5,True
2021-06-01,SH600520,6,True
2021-06-01,SH603029,7,True
2021-06-01,SH600561,8,True
2021-06-01,SH603269,9,True
2021-06-01,SH603813,10,True
2021-07-01,SH600455,1,True
2021-07-01,SZ002633,2,True
2021-07-01,SH600768,3,True
2021-07-01,SH600561,4,True
2021-07-01,SH603813,5,True
2021-07-01,SH603269,6,True
2021-07-01,SZ300478,7,True
2021-07-01,SH603029,8,True
2021-07-01,SH600778,9,True
2021-07-01,SH603389,10,True
2021-08-02,SH600455,1,True
2021-08-02,SZ002633,2,True
2021-08-02,SH603813,3,True
2021-08-02,SZ000702,4,True
2021-08-02,SH603269,5,True
2021-08-02,SH600561,6,True
2021-08-02,SH600768,7,True
2021-08-02,SH603029,8,True
2021-08-02,SH603389,9,True
2021-08-02,SZ002830,10,True
2021-09-01,SH600455,1,True
2021-09-01,SZ300478,2,True
2021-09-01,SZ002633,3,True
2021-09-01,SH603813,4,True
2021-09-01,SZ000702,5,True
2021-09-01,SH600768,6,True
2021-09-01,SZ002417,7,True
2021-09-01,SH603709,8,True
2021-09-01,SH603269,9,True
2021-09-01,SZ002836,10,True
2021-10-08,SZ300478,1,True
2021-10-08,SH600768,2,True
2021-10-08,SZ002633,3,True
2021-10-08,SH603813,4,True
2021-10-08,SH600455,5,True
2021-10-08,SZ002417,6,True
2021-10-08,SZ000702,7,True
2021-10-08,SH603029,8,True
2021-10-08,SH600520,9,True
2021-10-08,SH603709,10,True
2021-11-01,SZ002633,1,True
2021-11-01,SH600768,2,True
2021-11-01,SH603029,3,True
2021-11-01,SH600455,4,True
2021-11-01,SH603813,5,True
2021-11-01,SZ002209,6,True
2021-11-01,SZ002417,7,True
2021-11-01,SH600520,8,True
2021-11-01,SZ000702,9,True
2021-11-01,SZ002830,10,True
2021-12-01,SZ002633,1,True
2021-12-01,SZ002209,2,True
2021-12-01,SH603813,3,True
2021-12-01,SH600768,4,True
2021-12-01,SH603029,5,True
2021-12-01,SZ000702,6,True
2021-12-01,SH603709,7,True
2021-12-01,SZ300478,8,True
2021-12-01,SZ002417,9,True
2021-12-01,SH600561,10,True
2022-01-04,SH600768,1,True
2022-01-04,SZ002633,2,True
2022-01-04,SZ300478,3,True
2022-01-04,SZ000702,4,True
2022-01-04,SZ002209,5,True
2022-01-04,SH603029,6,True
2022-01-04,SH603709,7,True
2022-01-04,SH603389,8,True
2022-01-04,SZ002417,9,True
2022-01-04,SH600778,10,True
2022-02-07,SH600768,1,True
2022-02-07,SH688309,2,True
2022-02-07,SZ000702,3,True
2022-02-07,SH603709,4,True
2022-02-07,SH603813,5,True
2022-02-07,SZ002633,6,True
2022-02-07,SH603029,7,True
2022-02-07,SZ002209,8,True
2022-02-07,SH603389,9,True
2022-02-07,SH688215,10,True
2022-03-01,SH688309,1,True
2022-03-01,SH603709,2,True
2022-03-01,SZ002633,3,True
2022-03-01,SH600768,4,True
2022-03-01,SZ000702,5,True
2022-03-01,SH603389,6,True
2022-03-01,SH688215,7,True
2022-03-01,SH600778,8,True
2022-03-01,SZ002209,9,True
2022-03-01,SH603958,10,True
2022-04-01,SH688309,1,True
2022-04-01,SH600768,2,True
2022-04-01,SH603709,3,True
2022-04-01,SH600455,4,True
2022-04-01,SH688215,5,True
2022-04-01,SZ300478,6,True
2022-04-01,SZ300736,7,True
2022-04-01,SZ002633,8,True
2022-04-01,SZ002417,9,True
2022-04-01,SH603958,10,True
2022-05-05,SH600768,1,True
2022-05-05,SH688215,2,True
2022-05-05,SH600455,3,True
2022-05-05,SZ002633,4,True
2022-05-05,SZ002856,5,True
2022-05-05,SH603709,6,True
2022-05-05,SH603389,7,True
2022-05-05,SZ002862,8,True
2022-05-05,SZ300282,9,True
2022-05-05,SH603958,10,True
2022-06-01,SH688555,1,True
2022-06-01,SH688215,2,True
2022-06-01,SH600768,3,True
2022-06-01,SH600455,4,True
2022-06-01,SH603709,5,True
2022-06-01,SZ300736,6,True
2022-06-01,SZ002633,7,True
2022-06-01,SH603958,8,True
2022-06-01,SH603389,9,True
2022-06-01,SZ300417,10,True
2022-07-01,SH688555,1,True
2022-07-01,SH600455,2,True
2022-07-01,SH688215,3,True
2022-07-01,SH600768,4,True
2022-07-01,SH603729,5,True
2022-07-01,SH603709,6,True
2022-07-01,SZ300736,7,True
2022-07-01,SH603269,8,True
2022-07-01,SZ002209,9,True
2022-07-01,SZ300779,10,True
2022-08-01,SH688555,1,True
2022-08-01,SZ002719,2,True
2022-08-01,SH600455,3,True
2022-08-01,SH603729,4,True
2022-08-01,SH600768,5,True
2022-08-01,SH603709,6,True
2022-08-01,SZ300736,7,True
2022-08-01,SH688215,8,True
2022-08-01,SZ300478,9,True
2022-08-01,SH603958,10,True
2022-09-01,SH688555,1,True
2022-09-01,SH688215,2,True
2022-09-01,SH688004,3,True
2022-09-01,SH600455,4,True
2022-09-01,SH603709,5,True
2022-09-01,SH600768,6,True
2022-09-01,SH603729,7,True
2022-09-01,SH688081,8,True
2022-09-01,SZ300478,9,True
2022-09-01,SZ002719,10,True
2022-10-10,SH688555,1,True
2022-10-10,SH688215,2,True
2022-10-10,SH688004,3,True
2022-10-10,SH600455,4,True
2022-10-10,SH600768,5,True
2022-10-10,SH688081,6,True
2022-10-10,SH603729,7,True
2022-10-10,SH603709,8,True
2022-10-10,SH688096,9,True
2022-10-10,SZ002719,10,True
2022-11-01,SH688555,1,True
2022-11-01,SH603729,2,True
2022-11-01,SH603709,3,True
2022-11-01,SH600768,4,True
2022-11-01,SZ300478,5,True
2022-11-01,SH688215,6,True
2022-11-01,SZ002719,7,True
2022-11-01,SH600455,8,True
2022-11-01,SH688004,9,True
2022-11-01,SH688701,10,True
2022-12-01,SH688004,1,True
2022-12-01,SH688701,2,True
2022-12-01,SH688215,3,True
2022-12-01,SH603729,4,True
2022-12-01,SH600768,5,True
2022-12-01,SH603709,6,True
2022-12-01,SH600455,7,True
2022-12-01,SZ300478,8,True
2022-12-01,SZ002719,9,True
2022-12-01,SZ300899,10,True
2023-01-03,SH688701,1,True
2023-01-03,SH688004,2,True
2023-01-03,SZ300478,3,True
2023-01-03,SH688081,4,True
2023-01-03,SH603709,5,True
2023-01-03,SH600768,6,True
2023-01-03,SH688215,7,True
2023-01-03,SH603729,8,True
2023-01-03,SZ300899,9,True
2023-01-03,SZ002816,10,True
2023-02-01,SH688701,1,True
2023-02-01,SZ300478,2,True
2023-02-01,SH603729,3,True
2023-02-01,SH688004,4,True
2023-02-01,SH603709,5,True
2023-02-01,SH688215,6,True
2023-02-01,SH688096,7,True
2023-02-01,SH688067,8,True
2023-02-01,SZ300899,9,True
2023-02-01,SH688565,10,True
2023-03-01,SH688701,1,True
2023-03-01,SZ300478,2,True
2023-03-01,SH603729,3,True
2023-03-01,SH688215,4,True
2023-03-01,SH688096,5,True
2023-03-01,SH688565,6,True
2023-03-01,SZ002816,7,True
2023-03-01,SZ300899,8,True
2023-03-01,SZ002856,9,True
2023-03-01,SH688067,10,True
2023-04-03,SH688701,1,True
2023-04-03,SZ300742,2,True
2023-04-03,SZ300478,3,True
2023-04-03,SH603030,4,True
2023-04-03,SZ002816,5,True
2023-04-03,SH688565,6,True
2023-04-03,SH603709,7,True
2023-04-03,SZ002652,8,True
2023-04-03,SH688215,9,True
2023-04-03,SZ002856,10,True
2023-05-04,SH688701,1,True
2023-05-04,SZ300478,2,True
2023-05-04,SH688565,3,True
2023-05-04,SH603709,4,True
2023-05-04,SZ300169,5,True
2023-05-04,SH603389,6,True
2023-05-04,SZ300417,7,True
2023-05-04,SZ002856,8,True
2023-05-04,SZ002652,9,True
2023-05-04,SH603729,10,True
2023-06-01,SZ300478,1,True
2023-06-01,SH688701,2,True
2023-06-01,SH688565,3,True
2023-06-01,SZ002652,4,True
2023-06-01,SZ000691,5,True
2023-06-01,SZ300169,6,True
2023-06-01,SH603709,7,True
2023-06-01,SZ000702,8,True
2023-06-01,SZ002856,9,True
2023-06-01,SH603389,10,True
