order_id,trade_date,symbol,side,execution,requested_shares,filled_shares,unfilled_shares,price,gross_value,commission,tax,reason
1,2019-01-02,SZ300029,buy,open,215000,215000,0,4.649783134460449,999703.3739089966,299.911012172699,0.0,filled
2,2019-01-02,SZ002200,buy,open,178200,178200,0,5.6086812019348145,999466.9901847839,299.84009705543514,0.0,filled
3,2019-01-02,SZ300489,buy,open,128400,128400,0,7.787961006164551,999974.1931915283,299.9922579574585,0.0,filled
4,2019-01-02,SZ002072,buy,open,160200,160200,0,6.24162483215332,999908.2981109619,299.97248943328856,0.0,filled
5,2019-01-02,SZ300592,buy,open,110100,110100,0,9.076899528503418,999366.6380882263,299.8099914264679,0.0,filled
6,2019-01-02,SZ300069,buy,open,103700,103700,0,9.64175796508789,999850.3009796143,299.95509029388427,0.0,filled
7,2019-01-02,SZ300106,buy,open,189500,189500,0,5.2746806144714355,999551.976442337,299.8655929327011,0.0,filled
8,2019-01-02,SZ300321,buy,open,83000,83000,0,12.03489875793457,998896.5969085693,299.6689790725708,0.0,filled
9,2019-01-02,SZ300354,buy,open,126000,126000,0,7.932492733001709,999494.0843582153,299.8482253074646,0.0,filled
10,2019-01-02,SZ300405,buy,open,260700,260700,0,3.834685802459717,999702.5887012482,299.9107766103744,0.0,filled
11,2019-02-01,SZ300069,sell,open,103700,103700,0,9.702134132385254,1006111.3095283508,301.83339285850525,1006.1113095283508,filled
12,2019-02-01,SZ300106,sell,open,8000,8000,0,5.176916599273682,41415.33279418945,12.424599838256835,41.41533279418945,filled
13,2019-02-01,SZ300321,sell,open,2500,2500,0,11.662891387939453,29157.228469848633,8.74716854095459,29.157228469848633,filled
14,2019-02-01,SZ300354,sell,open,126000,126000,0,7.941840171813965,1000671.8616485596,300.20155849456785,1000.6718616485596,filled
15,2019-02-01,SZ300489,sell,open,3500,3500,0,7.521878242492676,26326.573848724365,7.8979721546173085,26.326573848724365,filled
16,2019-02-01,SZ300029,buy,open,5900,5900,0,4.255296230316162,25106.247758865356,7.531874327659606,0.0,filled
17,2019-02-01,SZ002072,buy,open,33700,33700,0,4.84627103805542,163319.33398246765,48.99580019474029,0.0,filled
18,2019-02-01,SZ002200,buy,open,200,200,0,5.269050598144531,1053.8101196289062,5.0,0.0,filled
19,2019-02-01,SZ300592,buy,open,2300,2300,0,8.36086654663086,19229.993057250977,5.768997917175293,0.0,filled
20,2019-02-01,SZ300405,buy,open,3700,3700,0,3.5540008544921875,13149.803161621094,5.0,0.0,filled
21,2019-02-01,SZ002633,buy,open,129200,129200,0,7.271327495574951,939455.5124282837,281.8366537284851,0.0,filled
22,2019-02-01,SZ002890,buy,open,113100,113100,0,8.307626724243164,939592.5825119019,281.8777747535705,0.0,filled
23,2019-03-01,SZ002072,sell,open,19300,19300,0,6.569691181182861,126795.03979682922,38.03851193904876,126.79503979682923,filled
24,2019-03-01,SZ002890,sell,open,113100,113100,0,10.004589080810547,1131519.0250396729,339.45570751190184,1131.519025039673,filled
25,2019-03-01,SZ300029,sell,open,5800,5800,0,5.334015369415283,30937.289142608643,9.281186742782593,30.937289142608645,filled
26,2019-03-01,SZ002200,buy,open,3600,3600,0,6.302606105804443,22689.381980895996,6.806814594268798,0.0,filled
27,2019-03-01,SZ300489,buy,open,3100,3100,0,8.961106300354004,27779.429531097412,8.333828859329223,0.0,filled
28,2019-03-01,SZ300592,buy,open,500,500,0,10.157069206237793,5078.5346031188965,5.0,0.0,filled
29,2019-03-01,SH600306,buy,open,160000,160000,0,7.171492576599121,1147438.8122558594,344.23164367675776,0.0,filled
30,2019-03-01,SZ300405,buy,open,2700,2700,0,4.296384811401367,11600.238990783691,5.0,0.0,filled
31,2019-03-01,SZ300321,buy,open,1300,1300,0,14.027920722961426,18236.296939849854,5.470889081954955,0.0,filled
32,2019-03-01,SZ300106,buy,open,5200,5200,0,6.144301891326904,31950.369834899902,9.58511095046997,0.0,filled
33,2019-03-01,SZ002633,buy,open,2300,2300,0,8.721806526184082,20060.15501022339,6.0180465030670165,0.0,filled
34,2019-04-01,SZ002633,sell,open,131500,131500,0,10.732573509216309,1411333.4164619446,423.40002493858333,1411.3334164619446,filled
35,2019-04-01,SZ300029,sell,open,3000,3000,0,5.915863990783691,17747.591972351074,5.3242775917053216,17.747591972351074,filled
36,2019-04-01,SZ300321,sell,open,81800,81800,0,15.37988567352295,1258074.6480941772,377.42239442825314,1258.0746480941773,filled
37,2019-04-01,SZ300489,sell,open,5900,5900,0,10.275079727172852,60622.970390319824,18.186891117095946,60.62297039031983,filled
38,2019-04-01,SZ300592,sell,open,2900,2900,0,11.403459548950195,33070.03269195557,9.92100980758667,33.07003269195557,filled
39,2019-04-01,SZ002072,buy,open,32200,32200,0,6.067201137542725,195363.87662887573,58.60916298866272,0.0,filled
40,2019-04-01,SZ002200,buy,open,1000,1000,0,6.85383939743042,6853.83939743042,5.0,0.0,filled
41,2019-04-01,SH600306,buy,open,5900,5900,0,7.56242561340332,44618.31111907959,13.385493335723876,0.0,filled
42,2019-04-01,SZ300405,buy,open,2500,2500,0,4.653615474700928,11634.03868675232,5.0,0.0,filled
43,2019-04-01,SZ300665,buy,open,154100,154100,0,8.139495849609375,1254296.3104248047,376.2888931274414,0.0,filled
44,2019-04-01,SZ300106,buy,open,2000,2000,0,6.647055625915527,13294.111251831055,5.0,0.0,filled
45,2019-04-01,SZ300680,buy,open,169400,169200,200,7.403174877166748,1252617.1892166138,375.7851567649841,0.0,partial_volume_or_cash
46,2019-05-06,SH600306,sell,open,165900,165900,0,6.946895122528076,1152489.9008274078,345.74697024822234,1152.4899008274078,filled
47,2019-05-06,SZ002072,sell,open,206800,0,206800,,0.0,0.0,0.0,down_limit
48,2019-05-06,SZ002200,sell,open,183000,183000,0,7.3017497062683105,1336220.1962471008,400.8660588741302,1336.2201962471008,filled
49,2019-05-06,SZ300106,sell,open,188700,188700,0,6.7693071365356445,1277368.2566642761,383.2104769992828,1277.3682566642763,filled
50,2019-05-06,SZ300405,sell,open,269600,269600,0,7.667351722717285,2067118.02444458,620.135407333374,2067.11802444458,filled
51,2019-05-06,SZ300489,sell,open,122100,122100,0,11.292506217956543,1378815.009212494,413.6445027637481,1378.815009212494,filled
52,2019-05-06,SZ300680,sell,open,169200,169200,0,7.639452934265137,1292595.4364776611,387.7786309432983,1292.5954364776612,filled
53,2019-05-06,SZ300029,buy,open,29300,29300,0,5.323946475982666,155991.6317462921,46.79748952388763,0.0,filled
54,2019-05-06,SZ300592,buy,open,20200,20200,0,9.874300003051758,199460.8600616455,59.83825801849365,0.0,filled
55,2019-05-06,SZ300665,buy,open,23600,23600,0,7.234694480895996,170738.7897491455,51.22163692474365,0.0,filled
56,2019-05-06,SZ002890,buy,open,135900,135900,0,9.455759048461914,1285037.6546859741,385.5112964057922,0.0,filled
57,2019-05-06,SH603286,buy,open,88600,88600,0,14.504729270935059,1285119.0134048462,385.5357040214538,0.0,filled
58,2019-05-06,SZ300354,buy,open,140400,140400,0,9.156715393066406,1285602.8411865234,385.680852355957,0.0,filled
59,2019-05-06,SZ300321,buy,open,90000,90000,0,14.277400970458984,1284966.0873413086,385.4898262023925,0.0,filled
60,2019-05-06,SZ300442,buy,open,175400,175400,0,7.327996730804443,1285330.6265830994,385.59918797492975,0.0,filled
61,2019-05-06,SH603029,buy,open,122100,122100,0,10.52670955657959,1285311.236858368,385.59337105751035,0.0,filled
62,2019-05-06,SH603269,buy,open,144800,28600,116200,8.877884864807129,253907.5071334839,76.17225214004516,0.0,partial_volume_or_cash
63,2019-06-03,SZ002072,sell,open,206800,206800,0,5.105530738830566,1055823.7567901611,316.7471270370483,1055.823756790161,filled
64,2019-06-03,SZ300029,sell,open,23600,23600,0,6.444080829620361,152080.30757904053,45.62409227371215,152.08030757904052,filled
65,2019-06-03,SZ300321,sell,open,90000,90000,0,14.81572151184082,1333414.9360656738,400.0244808197021,1333.4149360656738,filled
66,2019-06-03,SZ300354,sell,open,140400,140400,0,10.861979484558105,1525021.919631958,457.50657588958734,1525.021919631958,filled
67,2019-06-03,SZ300442,sell,open,175400,175400,0,7.695104122161865,1349721.2630271912,404.9163789081573,1349.7212630271913,filled
68,2019-06-03,SZ300592,sell,open,130200,0,130200,,0.0,0.0,0.0,missing_open
69,2019-06-03,SZ002473,buy,open,167800,167800,0,8.362366676330566,1403205.128288269,420.96153848648066,0.0,filled
70,2019-06-03,SZ000691,buy,open,343300,343300,0,4.088579177856445,1403609.2317581177,421.0827695274353,0.0,filled
71,2019-06-03,SZ300665,buy,open,4800,4800,0,7.688378810882568,36904.21829223633,11.071265487670898,0.0,filled
72,2019-06-03,SH600306,buy,open,179900,179900,0,7.801473617553711,1403485.1037979126,421.04553113937374,0.0,filled
73,2019-06-03,SZ000835,buy,open,323900,267800,56100,4.332551956176758,1160257.4138641357,348.0772241592407,0.0,partial_volume_or_cash
74,2019-06-03,SH603269,buy,open,130500,0,130500,,0.0,0.0,0.0,insufficient_cash
75,2019-06-03,SH603029,buy,open,8400,0,8400,,0.0,0.0,0.0,insufficient_cash
76,2019-06-03,SZ002890,buy,open,3200,0,3200,,0.0,0.0,0.0,insufficient_cash
77,2019-06-03,SH603286,buy,open,3500,0,3500,,0.0,0.0,0.0,insufficient_cash
78,2019-07-01,SH600306,sell,open,179900,0,179900,,0.0,0.0,0.0,missing_open
79,2019-07-01,SZ000835,sell,open,267800,267800,0,4.593632221221924,1230174.7088432312,369.05241265296934,1230.1747088432312,filled
80,2019-07-01,SZ300029,sell,open,8300,8300,0,6.837460517883301,56750.9222984314,17.025276689529417,56.7509222984314,filled
81,2019-07-01,SZ300592,sell,open,1500,1500,0,11.127354621887207,16691.03193283081,5.007309579849243,16.69103193283081,filled
82,2019-07-01,SZ300665,sell,open,5600,5600,0,8.096019744873047,45337.71057128906,13.601313171386717,45.337710571289065,filled
83,2019-07-01,SZ000691,buy,open,4400,4400,0,4.120687484741211,18131.024932861328,5.439307479858398,0.0,filled
84,2019-07-01,SZ002473,buy,open,2900,2900,0,8.3922119140625,24337.41455078125,7.301224365234375,0.0,filled
85,2019-07-01,SZ300321,buy,open,97000,88300,8700,14.770574569702148,1304241.7345046997,391.27252035140987,0.0,partial_volume_or_cash
86,2019-07-01,SZ002890,buy,open,3600,0,3600,,0.0,0.0,0.0,insufficient_cash
87,2019-07-01,SH603286,buy,open,2400,0,2400,,0.0,0.0,0.0,insufficient_cash
88,2019-07-01,SH603269,buy,open,127100,0,127100,,0.0,0.0,0.0,insufficient_cash
89,2019-07-01,SH603029,buy,open,6200,0,6200,,0.0,0.0,0.0,insufficient_cash
90,2019-08-01,SH603029,sell,open,122100,122100,0,10.995556831359863,1342557.4891090393,402.7672467327118,1342.5574891090394,filled
91,2019-08-01,SH603269,sell,open,28600,28600,0,9.276835441589355,265317.49362945557,79.59524808883667,265.31749362945556,filled
92,2019-08-01,SH603286,sell,open,88600,88600,0,15.61668586730957,1383638.367843628,415.0915103530883,1383.638367843628,filled
93,2019-08-01,SZ000691,sell,open,10500,10500,0,3.998429298400879,41983.50763320923,12.595052289962767,41.98350763320923,filled
94,2019-08-01,SZ300029,sell,open,1700,1700,0,6.488544940948486,11030.526399612427,5.0,11.030526399612427,filled
95,2019-08-01,SZ300592,sell,open,700,700,0,10.533352851867676,7373.346996307373,5.0,7.373346996307373,filled
96,2019-08-01,SH600306,buy,open,34100,34100,0,6.299129009246826,214800.29921531677,64.44008976459503,0.0,filled
97,2019-08-01,SZ002473,buy,open,900,900,0,7.855899333953857,7070.309400558472,5.0,0.0,filled
98,2019-08-01,SZ300665,buy,open,2900,2900,0,7.496072292327881,21738.609647750854,6.521582894325256,0.0,filled
99,2019-08-01,SZ002890,buy,open,3800,3800,0,9.6481351852417,36662.91370391846,10.998874111175535,0.0,filled
100,2019-08-01,SZ002209,buy,open,198800,198800,0,6.779845714569092,1347833.3280563354,404.3499984169006,0.0,filled
101,2019-08-01,SZ300321,buy,open,5000,5000,0,14.441285133361816,72206.42566680908,21.66192770004272,0.0,filled
102,2019-08-01,SZ002633,buy,open,150100,149900,200,8.980630874633789,1346196.568107605,403.85897043228147,0.0,partial_volume_or_cash
103,2019-09-02,SZ002473,sell,open,10700,10700,0,8.063780784606934,86282.45439529419,25.884736318588253,86.2824543952942,filled
104,2019-09-02,SZ002890,sell,open,1800,1800,0,9.40929889678955,16936.73801422119,5.081021404266357,16.93673801422119,filled
105,2019-09-02,SZ300029,sell,open,2600,2600,0,6.321277141571045,16435.320568084717,5.0,16.435320568084716,filled
106,2019-09-02,SZ300592,sell,open,128000,128000,0,10.611788749694824,1358308.9599609375,407.4926879882812,1358.3089599609375,filled
107,2019-09-02,SH600306,buy,open,9600,9600,0,5.802013397216797,55699.32861328125,16.709798583984373,0.0,filled
108,2019-09-02,SZ000691,buy,open,2600,2600,0,3.8186731338500977,9928.550148010254,5.0,0.0,filled
109,2019-09-02,SZ300665,buy,open,400,400,0,7.198517799377441,2879.4071197509766,5.0,0.0,filled
110,2019-09-02,SZ002633,buy,open,9300,9300,0,8.148492813110352,75780.98316192627,22.73429494857788,0.0,filled
111,2019-09-02,SZ002209,buy,open,5200,5200,0,6.360337257385254,33073.75373840332,9.922126121520995,0.0,filled
112,2019-09-02,SH603269,buy,open,154900,154900,0,8.376830101013184,1297570.9826469421,389.2712947940826,0.0,filled
113,2019-09-02,SZ300321,buy,open,100,0,100,,0.0,0.0,0.0,insufficient_cash
114,2019-10-08,SZ002209,sell,open,6600,6600,0,6.753411293029785,44572.51453399658,13.371754360198974,44.57251453399658,filled
115,2019-10-08,SZ002473,sell,open,160900,160900,0,8.875699996948242,1428100.1295089722,428.4300388526916,1428.1001295089723,filled
116,2019-10-08,SZ002633,sell,open,4800,4800,0,8.632938385009766,41438.104248046875,12.431431274414061,41.438104248046876,filled
117,2019-10-08,SZ002890,sell,open,137900,137900,0,9.841320037841797,1357118.0332183838,407.1354099655151,1357.1180332183837,filled
118,2019-10-08,SZ300321,sell,open,93300,93300,0,14.45394229888916,1348552.8164863586,404.56584494590754,1348.5528164863588,filled
119,2019-10-08,SH600306,buy,open,12800,12800,0,5.6382598876953125,72169.7265625,21.650917968749997,0.0,filled
120,2019-10-08,SZ300029,buy,open,11300,11300,0,6.155243873596191,69554.25577163696,20.866276731491087,0.0,filled
121,2019-10-08,SZ300665,buy,open,4200,4200,0,7.226166248321533,30349.89824295044,9.10496947288513,0.0,filled
122,2019-10-08,SZ000691,buy,open,11900,11900,0,3.79045033454895,45106.35898113251,13.53190769433975,0.0,filled
123,2019-10-08,SH603269,buy,open,200,200,0,8.592610359191895,1718.522071838379,5.0,0.0,filled
124,2019-10-08,SZ000679,buy,open,365200,365200,0,3.6497576236724854,1332891.4841651917,399.8674452495575,0.0,filled
125,2019-10-08,SZ300592,buy,open,126700,126700,0,10.515345573425293,1332294.2841529846,399.6882852458954,0.0,filled
126,2019-10-08,SH603286,buy,open,89500,89300,200,14.893046379089355,1329949.0416526794,398.9847124958038,0.0,partial_volume_or_cash
127,2019-11-01,SH603269,sell,open,800,800,0,8.724440574645996,6979.552459716797,5.0,6.979552459716797,filled
128,2019-11-01,SH603286,sell,open,89300,89300,0,15.167452812194824,1354453.5361289978,406.3360608386993,1354.453536128998,filled
129,2019-11-01,SZ000679,sell,open,365200,365200,0,3.7909371852874756,1384450.260066986,415.3350780200958,1384.4502600669862,filled
130,2019-11-01,SZ300029,sell,open,10200,10200,0,6.523115634918213,66535.77947616577,19.96073384284973,66.53577947616577,filled
131,2019-11-01,SZ300592,sell,open,126700,126700,0,11.231094360351562,1422979.655456543,426.89389663696284,1422.979655456543,filled
132,2019-11-01,SZ300665,sell,open,300,300,0,7.311415195465088,2193.4245586395264,5.0,2.1934245586395265,filled
133,2019-11-01,SH600306,buy,open,9200,9200,0,5.48111629486084,50426.26991271973,15.127880973815916,0.0,filled
134,2019-11-01,SZ000691,buy,open,4500,4500,0,3.7788589000701904,17004.865050315857,5.101459515094756,0.0,filled
135,2019-11-01,SZ002633,buy,open,8100,8100,0,8.28276538848877,67090.39964675903,20.127119894027707,0.0,filled
136,2019-11-01,SZ002209,buy,open,9700,9700,0,6.500075817108154,63050.7354259491,18.915220627784727,0.0,filled
137,2019-11-01,SH603991,buy,open,78400,78400,0,17.16312026977539,1345588.6291503906,403.67658874511716,0.0,filled
138,2019-11-01,SZ000835,buy,open,351200,351200,0,3.8326823711395264,1346038.0487442017,403.8114146232605,0.0,filled
139,2019-11-01,SZ000929,buy,open,189300,188700,600,7.109882831573486,1341634.8903179169,402.49046709537504,0.0,partial_volume_or_cash
140,2019-12-02,SZ000835,sell,open,351200,351200,0,4.912998676300049,1725445.1351165771,517.6335405349731,1725.4451351165771,filled
141,2019-12-02,SZ002209,sell,open,207100,207100,0,6.738590717315674,1395562.137556076,418.66864126682276,1395.562137556076,filled
142,2019-12-02,SZ300029,sell,open,206300,206300,0,6.311071872711182,1301974.1273403168,390.592238202095,1301.9741273403167,filled
143,2019-12-02,SH600306,buy,open,800,800,0,5.441503047943115,4353.202438354492,5.0,0.0,filled
144,2019-12-02,SZ300431,buy,open,400200,400200,0,3.3505520820617676,1340890.9432411194,402.2672829723358,0.0,filled
145,2019-12-02,SZ002633,buy,open,6300,6300,0,7.9434733390808105,50043.88203620911,15.01316461086273,0.0,filled
146,2019-12-02,SZ300362,buy,open,490600,490600,0,2.7333579063415527,1340985.3888511658,402.2956166553497,0.0,filled
147,2019-12-02,SZ000691,buy,open,5400,5400,0,3.708618640899658,20026.540660858154,6.007962198257446,0.0,filled
148,2019-12-02,SH603269,buy,open,14000,14000,0,7.966170787811279,111526.39102935791,33.45791730880737,0.0,filled
149,2019-12-02,SZ300665,buy,open,5600,5600,0,7.0676116943359375,39578.62548828125,11.873587646484374,0.0,filled
150,2019-12-02,SH603991,buy,open,4300,4300,0,16.215911865234375,69728.42102050781,20.91852630615234,0.0,filled
151,2019-12-02,SZ000929,buy,open,15700,15700,0,6.559319496154785,102981.31608963013,30.894394826889034,0.0,filled
152,2019-12-02,SZ002473,buy,open,172900,172200,700,7.755861282348633,1335559.3128204346,400.66779384613034,0.0,partial_volume_or_cash
153,2020-01-02,SZ000691,sell,open,4600,4600,0,4.018869876861572,18486.801433563232,5.546040430068969,18.486801433563233,filled
154,2020-01-02,SZ002473,sell,open,172200,172200,0,8.804856300354004,1516196.2549209595,454.8588764762878,1516.1962549209595,filled
155,2020-01-02,SZ002633,sell,open,1300,1300,0,8.562606811523438,11131.388854980469,5.0,11.13138885498047,filled
156,2020-01-02,SZ300431,sell,open,11600,11600,0,3.6915664672851562,42822.17102050781,12.846651306152342,42.82217102050782,filled
157,2020-01-02,SZ300665,sell,open,189700,189700,0,7.625828266143799,1446619.6220874786,433.98588662624354,1446.6196220874788,filled
158,2020-01-02,SH600306,buy,open,5300,5300,0,5.698802947998047,30203.65562438965,9.061096687316894,0.0,filled
159,2020-01-02,SZ300362,buy,open,34300,34300,0,2.7332615852355957,93750.87237358093,28.125261712074277,0.0,filled
160,2020-01-02,SZ300029,buy,open,239300,239300,0,5.993417739868164,1434224.8651504517,430.26745954513547,0.0,filled
161,2020-01-02,SH603269,buy,open,1900,1900,0,8.425826072692871,16009.069538116455,5.0,0.0,filled
162,2020-01-02,SZ000679,buy,open,400600,400600,0,3.580962896347046,1434533.7362766266,430.3601208829879,0.0,filled
163,2020-01-02,SH603991,buy,open,700,700,0,17.201026916503906,12040.718841552734,5.0,0.0,filled
164,2020-01-02,SZ000929,buy,open,1700,1400,300,6.95982027053833,9743.748378753662,5.0,0.0,partial_volume_or_cash
165,2020-02-03,SH603269,sell,open,170200,0,170200,,0.0,0.0,0.0,down_limit
166,2020-02-03,SH603991,sell,open,83400,0,83400,,0.0,0.0,0.0,down_limit
167,2020-02-03,SZ000679,sell,open,10100,0,10100,,0.0,0.0,0.0,down_limit
168,2020-02-03,SZ000929,sell,open,3700,0,3700,,0.0,0.0,0.0,down_limit
169,2020-02-03,SZ002633,sell,open,167500,0,167500,,0.0,0.0,0.0,down_limit
170,2020-02-03,SZ300029,sell,open,13300,0,13300,,0.0,0.0,0.0,down_limit
171,2020-02-03,SH600306,buy,open,8100,0,8100,,0.0,0.0,0.0,insufficient_cash
172,2020-02-03,SZ300431,buy,open,54400,100,54300,2.7508108615875244,275.08108615875244,5.0,0.0,partial_volume_or_cash
173,2020-02-03,SZ300362,buy,open,47200,0,47200,,0.0,0.0,0.0,insufficient_cash
174,2020-02-03,SZ000691,buy,open,3400,0,3400,,0.0,0.0,0.0,insufficient_cash
175,2020-02-03,SZ300106,buy,open,235300,0,235300,,0.0,0.0,0.0,insufficient_cash
176,2020-02-03,SZ002473,buy,open,183700,0,183700,,0.0,0.0,0.0,insufficient_cash
177,2020-02-03,SZ300665,buy,open,186900,0,186900,,0.0,0.0,0.0,insufficient_cash
178,2020-03-02,SH603269,sell,open,170200,170200,0,8.058727264404297,1371595.3804016113,411.47861412048337,1371.5953804016115,filled
179,2020-03-02,SH603991,sell,open,2700,2700,0,15.547715187072754,41978.831005096436,12.593649301528929,41.97883100509644,filled
180,2020-03-02,SZ000679,sell,open,14300,14300,0,3.250448703765869,46481.41646385193,13.944424939155578,46.48141646385193,filled
181,2020-03-02,SZ000691,sell,open,357000,357000,0,3.6500861644744873,1303080.760717392,390.92422821521757,1303.080760717392,filled
182,2020-03-02,SZ000929,sell,open,2700,2700,0,6.181144714355469,16689.090728759766,5.00672721862793,16.689090728759766,filled
183,2020-03-02,SZ002633,sell,open,167500,167500,0,7.912888050079346,1325408.7483882904,397.62262451648706,1325.4087483882904,filled
184,2020-03-02,SZ300029,sell,open,7900,7900,0,5.426098823547363,42866.18070602417,12.85985421180725,42.866180706024174,filled
185,2020-03-02,SH600306,buy,open,21300,21300,0,4.5993547439575195,97966.25604629517,29.38987681388855,0.0,filled
186,2020-03-02,SZ300362,buy,open,67300,67300,0,2.119999885559082,142675.99229812622,42.80279768943786,0.0,filled
187,2020-03-02,SZ300431,buy,open,48300,48300,0,2.8728537559509277,138758.8364124298,41.627650923728936,0.0,filled
188,2020-03-02,SH600561,buy,open,266400,266400,0,4.712583065032959,1255432.1285247803,376.629638557434,0.0,filled
189,2020-03-02,SH600241,buy,open,319400,319400,0,3.9310812950134277,1255587.3656272888,376.6762096881866,0.0,filled
190,2020-03-02,SZ300106,buy,open,229600,228700,900,5.468423366546631,1250628.4239292145,375.18852717876433,0.0,partial_volume_or_cash
191,2020-04-01,SH603991,sell,open,80700,80700,0,19.208097457885742,1550093.4648513794,465.02803945541376,1550.0934648513794,filled
192,2020-04-01,SZ000929,sell,open,203100,203100,0,6.5712690353393555,1334624.741077423,400.3874223232269,1334.624741077423,filled
193,2020-04-01,SZ300029,sell,open,231400,231400,0,6.188232421875,1431956.982421875,429.58709472656244,1431.956982421875,filled
194,2020-04-01,SZ300106,sell,open,228700,228700,0,7.594481468200684,1736857.9117774963,521.0573735332489,1736.8579117774964,filled
195,2020-04-01,SZ300362,buy,open,146100,146100,0,1.7799999713897705,260057.99582004547,78.01739874601364,0.0,filled
196,2020-04-01,SZ300431,buy,open,94600,94600,0,2.471907377243042,233842.43788719177,70.15273136615752,0.0,filled
197,2020-04-01,SH600306,buy,open,15800,15800,0,4.549145698547363,71876.50203704834,21.5629506111145,0.0,filled
198,2020-04-01,SH600241,buy,open,32800,32800,0,3.7309558391571045,122375.35152435303,36.712605457305905,0.0,filled
199,2020-04-01,SH603389,buy,open,315800,315800,0,4.160172939300537,1313782.6142311096,394.13478426933284,0.0,filled
200,2020-04-01,SZ000679,buy,open,33600,33600,0,3.129326820373535,105145.38116455078,31.54361434936523,0.0,filled
201,2020-04-01,SH600599,buy,open,194600,194600,0,6.751021862030029,1313748.8543510437,394.12465630531307,0.0,filled
202,2020-04-01,SH600561,buy,open,600,600,0,4.921723365783691,2953.034019470215,5.0,0.0,filled
203,2020-04-01,SZ000691,buy,open,357100,357100,0,3.6798787117004395,1314084.687948227,394.22540638446804,0.0,filled
204,2020-04-01,SZ002633,buy,open,165800,164800,1000,7.923496723175049,1305792.259979248,391.73767799377435,0.0,partial_volume_or_cash
205,2020-05-06,SH600241,sell,open,352200,352200,0,3.0315706729888916,1067719.1910266876,320.31575730800625,1067.7191910266877,filled
206,2020-05-06,SH600306,sell,open,288800,0,288800,,0.0,0.0,0.0,down_limit
207,2020-05-06,SH600561,sell,open,10600,10600,0,4.590336799621582,48657.57007598877,14.59727102279663,48.65757007598877,filled
208,2020-05-06,SH603389,sell,open,315800,315800,0,3.5003182888031006,1105400.5156040192,331.62015468120575,1105.4005156040191,filled
209,2020-05-06,SZ000679,sell,open,419900,419900,0,2.5894880294799805,1087326.0235786438,326.1978070735931,1087.3260235786438,filled
210,2020-05-06,SZ000691,sell,open,357100,357100,0,4.37916898727417,1563801.245355606,469.1403736066818,1563.8012453556062,filled
211,2020-05-06,SZ002633,sell,open,5700,5700,0,7.39741325378418,42165.255546569824,12.649576663970945,42.165255546569824,filled
212,2020-05-06,SZ300362,sell,open,738300,0,738300,,0.0,0.0,0.0,missing_open
213,2020-05-06,SZ300431,sell,open,531600,0,531600,,0.0,0.0,0.0,missing_open
214,2020-05-06,SZ000835,buy,open,423100,423100,0,2.7816386222839355,1176911.3010883331,353.0733903264999,0.0,filled
215,2020-05-06,SZ002071,buy,open,667000,667000,0,1.764765739440918,1177098.7482070923,353.12962446212765,0.0,filled
216,2020-05-06,SH600599,buy,open,800,800,0,6.021634101867676,4817.307281494141,5.0,0.0,filled
217,2020-05-06,SZ300029,buy,open,214100,214100,0,5.496048450469971,1176703.9732456207,353.0111919736862,0.0,filled
218,2020-05-06,SZ002209,buy,open,209400,209400,0,5.620474815368652,1176927.4263381958,353.0782279014587,0.0,filled
219,2020-05-06,SZ000929,buy,open,193900,32200,161700,6.069042682647705,195423.1743812561,58.62695231437682,0.0,partial_volume_or_cash
220,2020-05-06,SZ300736,buy,open,135300,0,135300,,0.0,0.0,0.0,insufficient_cash
221,2020-05-06,SZ300665,buy,open,174000,0,174000,,0.0,0.0,0.0,insufficient_cash
222,2020-06-01,SH600306,sell,open,288800,0,288800,,0.0,0.0,0.0,missing_open
223,2020-06-01,SH600599,sell,open,195400,0,195400,,0.0,0.0,0.0,down_limit
224,2020-06-01,SZ000929,sell,open,32200,32200,0,6.441305637359619,207410.04152297974,62.22301245689392,207.41004152297975,filled
225,2020-06-01,SZ002071,sell,open,162400,162400,0,2.4799997806549072,402751.96437835693,120.82558931350707,402.75196437835694,filled
226,2020-06-01,SZ300362,sell,open,738300,0,738300,,0.0,0.0,0.0,missing_open
227,2020-06-01,SZ300090,buy,open,4792800,2333000,2459800,0.2611207067966461,609194.6089565754,182.7583826869726,0.0,partial_volume_or_cash
228,2020-06-01,SZ300431,buy,open,183100,0,183100,,0.0,0.0,0.0,insufficient_cash
229,2020-06-01,SZ000835,buy,open,8100,0,8100,,0.0,0.0,0.0,insufficient_cash
230,2020-06-01,SH600561,buy,open,20400,0,20400,,0.0,0.0,0.0,insufficient_cash
231,2020-06-01,SZ300029,buy,open,17200,0,17200,,0.0,0.0,0.0,insufficient_cash
232,2020-06-01,SZ300736,buy,open,142200,0,142200,,0.0,0.0,0.0,insufficient_cash
233,2020-06-01,SZ002209,buy,open,4400,0,4400,,0.0,0.0,0.0,insufficient_cash
234,2020-06-01,SZ002633,buy,open,2200,0,2200,,0.0,0.0,0.0,insufficient_cash
235,2020-06-01,SZ300665,buy,open,182100,0,182100,,0.0,0.0,0.0,insufficient_cash
236,2020-07-01,SH600306,sell,open,288800,288800,0,4.7500691413879395,1371819.968032837,411.545990409851,1371.8199680328369,filled
237,2020-07-01,SH600561,sell,open,2400,2400,0,4.660958290100098,11186.299896240234,5.0,11.186299896240234,filled
238,2020-07-01,SH600599,sell,open,195400,195400,0,5.139853477478027,1004327.3694992065,301.2982108497619,1004.3273694992066,filled
239,2020-07-01,SZ000835,sell,open,423100,0,423100,,0.0,0.0,0.0,down_limit
240,2020-07-01,SZ002071,sell,open,504600,0,504600,,0.0,0.0,0.0,down_limit
241,2020-07-01,SZ002209,sell,open,14500,14500,0,6.0740742683410645,88074.07689094543,26.42222306728363,88.07407689094543,filled
242,2020-07-01,SZ002633,sell,open,8800,8800,0,7.877926826477051,69325.75607299805,20.797726821899413,69.32575607299805,filled
243,2020-07-01,SZ300090,sell,open,2333000,0,2333000,,0.0,0.0,0.0,missing_open
244,2020-07-01,SZ300362,sell,open,738300,0,738300,,0.0,0.0,0.0,missing_open
245,2020-07-01,SZ300431,sell,open,531600,0,531600,,0.0,0.0,0.0,missing_open
246,2020-07-01,SZ300029,buy,open,800,800,0,5.509407043457031,4407.525634765625,5.0,0.0,filled
247,2020-07-01,SH603269,buy,open,147000,147000,0,8.05527114868164,1184124.8588562012,355.23745765686033,0.0,filled
248,2020-07-01,SZ000929,buy,open,183000,183000,0,6.4694366455078125,1183906.9061279297,355.1720718383789,0.0,filled
249,2020-07-01,SZ300665,buy,open,166100,23600,142500,7.127106666564941,168199.71733093262,50.45991519927978,0.0,partial_volume_or_cash
250,2020-07-01,SZ002473,buy,open,150500,0,150500,,0.0,0.0,0.0,insufficient_cash
251,2020-07-01,SZ300405,buy,open,270500,0,270500,,0.0,0.0,0.0,insufficient_cash
252,2020-07-01,SH600768,buy,open,124100,0,124100,,0.0,0.0,0.0,insufficient_cash
253,2020-08-03,SH600561,sell,open,254000,254000,0,5.080373287200928,1290414.8149490356,387.12444448471064,1290.4148149490356,filled
254,2020-08-03,SH603269,sell,open,147000,147000,0,8.984707832336426,1320752.0513534546,396.22561540603635,1320.7520513534546,filled
255,2020-08-03,SZ000835,sell,open,423100,423100,0,2.0318033695220947,859656.0056447983,257.89680169343944,859.6560056447983,filled
256,2020-08-03,SZ000929,sell,open,14400,14400,0,7.099980354309082,102239.71710205078,30.671915130615233,102.23971710205079,filled
257,2020-08-03,SZ002071,sell,open,504600,504600,0,1.617112159729004,815994.7957992554,244.7984387397766,815.9947957992554,filled
258,2020-08-03,SZ002209,sell,open,15700,15700,0,6.680645942687988,104886.14130020142,31.465842390060423,104.88614130020142,filled
259,2020-08-03,SZ002633,sell,open,11000,11000,0,8.592077255249023,94512.84980773926,28.353854942321775,94.51284980773926,filled
260,2020-08-03,SZ300029,sell,open,36800,36800,0,6.72157096862793,247353.8116455078,74.20614349365233,247.35381164550782,filled
261,2020-08-03,SZ300090,sell,open,2333000,2333000,0,0.11999999731779099,279959.99374240637,83.9879981227219,279.95999374240637,filled
262,2020-08-03,SZ300362,sell,open,738300,0,738300,,0.0,0.0,0.0,missing_open
263,2020-08-03,SZ300431,sell,open,531600,0,531600,,0.0,0.0,0.0,missing_open
264,2020-08-03,SZ000502,buy,open,167300,167300,0,7.156189918518066,1197230.5733680725,359.16917201042173,0.0,filled
265,2020-08-03,SZ300665,buy,open,129400,129400,0,7.826370716094971,1012732.3706626892,303.8197111988067,0.0,filled
266,2020-08-03,SZ300535,buy,open,92800,92800,0,12.890579223632812,1196245.751953125,358.87372558593745,0.0,filled
267,2020-08-03,SH600365,buy,open,347800,347800,0,3.442230463027954,1197207.7550411224,359.1623265123367,0.0,filled
268,2020-08-03,SZ300736,buy,open,110800,46600,64200,10.80176830291748,503362.4029159546,151.00872087478638,0.0,partial_volume_or_cash
269,2020-08-03,SZ300312,buy,open,258700,100,258600,4.627322196960449,462.7322196960449,5.0,0.0,partial_volume_or_cash
270,2020-09-01,SH600365,sell,open,347800,347800,0,2.931412935256958,1019545.41888237,305.863625664711,1019.54541888237,filled
271,2020-09-01,SZ000502,sell,open,14700,14700,0,8.243967056274414,121186.31572723389,36.35589471817016,121.18631572723389,filled
272,2020-09-01,SZ000929,sell,open,7100,7100,0,7.788462162017822,55298.08135032654,16.58942440509796,55.29808135032654,filled
273,2020-09-01,SZ002209,sell,open,3000,3000,0,7.141603946685791,21424.811840057373,6.427443552017212,21.424811840057373,filled
274,2020-09-01,SZ002633,sell,open,9600,9600,0,9.697708129882812,93097.998046875,27.929399414062498,93.097998046875,filled
275,2020-09-01,SZ300312,sell,open,100,100,0,6.1374053955078125,613.7405395507812,5.0,0.6137405395507812,filled
276,2020-09-01,SZ300362,sell,open,738300,0,738300,,0.0,0.0,0.0,missing_open
277,2020-09-01,SZ300431,sell,open,531600,0,531600,,0.0,0.0,0.0,missing_open
278,2020-09-01,SZ300535,sell,open,4000,4000,0,14.161216735839844,56644.866943359375,16.99346008300781,56.644866943359375,filled
279,2020-09-01,SZ300665,sell,open,153000,0,153000,,0.0,0.0,0.0,missing_open
280,2020-09-01,SZ300029,buy,open,16000,16000,0,6.482084274291992,103713.34838867188,31.11400451660156,0.0,filled
281,2020-09-01,SH600768,buy,open,118100,118100,0,10.650550842285156,1257830.054473877,377.34901634216305,0.0,filled
282,2020-09-01,SH600520,buy,open,139600,400,139200,9.01133918762207,3604.535675048828,5.0,0.0,partial_volume_or_cash
283,2020-09-01,SZ300736,buy,open,65900,0,65900,,0.0,0.0,0.0,insufficient_cash
284,2020-09-01,SH600561,buy,open,239600,100,239500,5.250800132751465,525.0800132751465,5.0,0.0,partial_volume_or_cash
285,2020-10-09,SH600768,sell,open,700,700,0,9.68008804321289,6776.061630249023,5.0,6.776061630249024,filled
286,2020-10-09,SZ000502,sell,open,152600,152600,0,7.834977626800537,1195617.585849762,358.68527575492857,1195.617585849762,filled
287,2020-10-09,SZ000929,sell,open,161500,161500,0,8.260721206665039,1334106.4748764038,400.2319424629211,1334.1064748764038,filled
288,2020-10-09,SZ002209,sell,open,5700,5700,0,6.668582439422607,38010.91990470886,11.403275971412658,38.010919904708864,filled
289,2020-10-09,SZ300029,sell,open,194100,0,194100,,0.0,0.0,0.0,insufficient_limit_quality
290,2020-10-09,SZ300362,sell,open,738300,0,738300,,0.0,0.0,0.0,missing_open
291,2020-10-09,SZ300431,sell,open,531600,0,531600,,0.0,0.0,0.0,insufficient_limit_quality
292,2020-10-09,SZ300535,sell,open,88800,88800,0,14.998907089233398,1331902.9495239258,399.5708848571777,1331.9029495239258,filled
293,2020-10-09,SZ300665,sell,open,20100,20100,0,8.553197860717773,171919.27700042725,51.57578310012817,171.91927700042726,filled
294,2020-10-09,SZ300736,sell,open,46600,46600,0,11.90000057220459,554540.0266647339,166.36200799942014,554.5400266647339,filled
295,2020-10-09,SH600520,buy,open,138200,138200,0,8.202353477478027,1133565.2505874634,340.06957517623897,0.0,filled
296,2020-10-09,SZ002633,buy,open,2100,2100,0,8.627856254577637,18118.498134613037,5.435549440383911,0.0,filled
297,2020-10-09,SH600561,buy,open,231900,231900,0,4.900950908660889,1136530.51571846,340.959154715538,0.0,filled
298,2020-10-09,SH603029,buy,open,98600,98600,0,11.532832145690918,1137137.2495651245,341.14117486953734,0.0,filled
299,2020-10-09,SH603286,buy,open,69600,69600,0,16.323890686035156,1136142.7917480469,340.84283752441405,0.0,filled
300,2020-10-09,SH603269,buy,open,129300,7300,122000,8.791419982910156,64177.36587524414,19.253209762573242,0.0,partial_volume_or_cash
301,2020-10-09,SZ000702,buy,open,206700,0,206700,,0.0,0.0,0.0,insufficient_cash
302,2020-11-02,SH600561,sell,open,232000,232000,0,5.341593265533447,1239249.6376037598,371.7748912811279,1239.2496376037598,filled
303,2020-11-02,SH603269,sell,open,7300,7300,0,8.702957153320312,63531.58721923828,19.059476165771482,63.53158721923828,filled
304,2020-11-02,SH603286,sell,open,69600,69600,0,16.30264663696289,1134664.2059326172,340.39926177978515,1134.6642059326173,filled
305,2020-11-02,SZ002209,sell,open,170500,170500,0,7.220945835113525,1231171.264886856,369.3513794660568,1231.171264886856,filled
306,2020-11-02,SZ002633,sell,open,1200,1200,0,8.851224899291992,10621.46987915039,5.0,10.621469879150391,filled
307,2020-11-02,SZ300029,sell,open,194100,194100,0,5.2298760414123535,1015118.9396381378,304.5356818914413,1015.1189396381378,filled
308,2020-11-02,SZ300362,sell,open,738300,0,738300,,0.0,0.0,0.0,missing_open
309,2020-11-02,SZ300431,sell,open,531600,531600,0,0.2800000011920929,148848.00063371658,44.65440019011497,148.8480006337166,filled
310,2020-11-02,SZ300665,sell,open,132900,132900,0,9.343509674072266,1241752.435684204,372.5257307052612,1241.752435684204,filled
311,2020-11-02,SH600520,buy,open,15300,15300,0,7.511839389801025,114931.14266395569,34.4793427991867,0.0,filled
312,2020-11-02,SH600768,buy,open,6400,6400,0,9.340996742248535,59782.379150390625,17.934713745117186,0.0,filled
313,2020-11-02,SH600778,buy,open,263900,263900,0,4.38084077835083,1156103.881406784,346.8311644220352,0.0,filled
314,2020-11-02,SH603029,buy,open,6300,6300,0,11.018148422241211,69414.33506011963,20.824300518035887,0.0,filled
315,2020-11-02,SZ000702,buy,open,223700,223700,0,5.168797016143799,1156259.8925113678,346.8779677534103,0.0,filled
316,2020-11-02,SH600355,buy,open,408500,408500,0,2.8310821056365967,1156497.0401525497,346.9491120457649,0.0,filled
317,2020-11-02,SH600506,buy,open,123000,123000,0,9.396785736083984,1155804.64553833,346.741393661499,0.0,filled
318,2020-11-02,SH603958,buy,open,179200,179200,0,6.451041221618652,1156026.5869140625,346.80797607421874,0.0,filled
319,2020-11-02,SZ000695,buy,open,180300,7800,172500,6.412230014801025,50015.394115448,15.004618234634398,0.0,partial_volume_or_cash
320,2020-12-01,SH600506,sell,open,123000,123000,0,9.969619750976562,1226263.2293701172,367.8789688110351,1226.2632293701172,filled
321,2020-12-01,SH600768,sell,open,1500,1500,0,9.920613288879395,14880.919933319092,5.0,14.880919933319092,filled
322,2020-12-01,SH603958,sell,open,179200,179200,0,7.811605930328369,1399839.7827148438,419.95193481445307,1399.8397827148438,filled
323,2020-12-01,SZ000695,sell,open,7800,7800,0,6.7225799560546875,52436.12365722656,15.730837097167967,52.43612365722657,filled
324,2020-12-01,SZ000702,sell,open,223700,223700,0,5.678542613983154,1270289.9827480316,381.08699482440943,1270.2899827480317,filled
325,2020-12-01,SZ300362,sell,open,738300,0,738300,,0.0,0.0,0.0,missing_open
326,2020-12-01,SH600520,buy,open,3100,3100,0,7.732168674468994,23969.722890853882,7.190916867256164,0.0,filled
327,2020-12-01,SZ002633,buy,open,14400,14400,0,8.37157154083252,120550.63018798828,36.16518905639648,0.0,filled
328,2020-12-01,SZ300478,buy,open,109900,109900,0,11.040242195129395,1213322.6172447205,363.99678517341613,0.0,filled
329,2020-12-01,SH600778,buy,open,5900,5900,0,4.499176025390625,26545.138549804688,7.963541564941406,0.0,filled
330,2020-12-01,SH600561,buy,open,245200,245200,0,4.950125217437744,1213770.7033157349,364.13121099472045,0.0,filled
331,2020-12-01,SZ000502,buy,open,160200,160200,0,7.576077461242676,1213687.6092910767,364.106282787323,0.0,filled
332,2020-12-01,SH603029,buy,open,1100,1100,0,11.451678276062012,12596.846103668213,5.0,0.0,filled
333,2020-12-01,SH603269,buy,open,141100,15500,125600,8.604188919067383,133364.92824554443,40.00947847366333,0.0,partial_volume_or_cash
334,2020-12-01,SH600355,buy,open,7200,0,7200,,0.0,0.0,0.0,insufficient_cash
335,2021-01-04,SH603269,sell,open,15500,15500,0,7.78455924987793,120660.66837310791,36.19820051193237,120.66066837310791,filled
336,2021-01-04,SZ000502,sell,open,160200,160200,0,9.074379920959473,1453715.6633377075,436.1146990013122,1453.7156633377076,filled
337,2021-01-04,SZ300362,sell,open,738300,0,738300,,0.0,0.0,0.0,missing_open
338,2021-01-04,SZ300478,sell,open,109900,0,109900,,0.0,0.0,0.0,insufficient_limit_quality
339,2021-01-04,SH600520,buy,open,8100,8100,0,6.800077438354492,55080.62725067139,16.524188175201413,0.0,filled
340,2021-01-04,SZ002633,buy,open,10600,10600,0,7.211230754852295,76439.04600143433,22.931713800430295,0.0,filled
341,2021-01-04,SH600768,buy,open,5500,5500,0,8.780876159667969,48294.81887817383,14.488445663452147,0.0,filled
342,2021-01-04,SZ300736,buy,open,121400,121400,0,9.248355865478516,1122750.4020690918,336.8251206207275,0.0,filled
343,2021-01-04,SH603029,buy,open,7000,7000,0,9.931381225585938,69519.66857910156,20.855900573730466,0.0,filled
344,2021-01-04,SH600778,buy,open,10800,10800,0,4.000786781311035,43208.49723815918,12.962549171447753,0.0,filled
345,2021-01-04,SH600615,buy,open,167500,23300,144200,6.700034141540527,156110.7954978943,46.83323864936828,0.0,partial_volume_or_cash
346,2021-01-04,SH600355,buy,open,30000,100,29900,2.5601155757904053,256.0115575790405,5.0,0.0,partial_volume_or_cash
347,2021-01-04,SH600455,buy,open,55000,0,55000,,0.0,0.0,0.0,insufficient_cash
348,2021-01-04,SH600561,buy,open,6500,0,6500,,0.0,0.0,0.0,insufficient_cash
349,2021-02-01,SH600520,sell,open,165100,165100,0,6.571081161499023,1084885.4997634888,325.4656499290466,1084.8854997634887,filled
350,2021-02-01,SH600561,sell,open,245200,245200,0,3.7020978927612305,907754.4033050537,272.32632099151607,907.7544033050538,filled
351,2021-02-01,SH600615,sell,open,23300,23300,0,5.370006084442139,125121.14176750183,37.53634253025054,125.12114176750184,filled
352,2021-02-01,SH600768,sell,open,1400,1400,0,7.601020336151123,10641.428470611572,5.0,10.641428470611572,filled
353,2021-02-01,SH603029,sell,open,100,100,0,8.508227348327637,850.8227348327637,5.0,0.8508227348327637,filled
354,2021-02-01,SZ300362,sell,open,738300,0,738300,,0.0,0.0,0.0,missing_open
355,2021-02-01,SZ002633,buy,open,7200,7200,0,5.9003777503967285,42482.719802856445,12.744815940856933,0.0,filled
356,2021-02-01,SZ000007,buy,open,371000,371000,0,2.5896785259246826,960770.7331180573,288.23121993541713,0.0,filled
357,2021-02-01,SZ300736,buy,open,15600,15600,0,7.009370803833008,109346.18453979492,32.803855361938474,0.0,filled
358,2021-02-01,SZ002862,buy,open,115700,115700,0,8.302643775939941,960615.8848762512,288.18476546287536,0.0,filled
359,2021-02-01,SZ300478,buy,open,5100,5100,0,8.35170841217041,42593.71290206909,12.778113870620727,0.0,filled
360,2021-02-01,SH600766,buy,open,255600,2700,252900,3.7590956687927246,10149.558305740356,5.0,0.0,partial_volume_or_cash
361,2021-02-01,SH600355,buy,open,60200,0,60200,,0.0,0.0,0.0,insufficient_cash
362,2021-02-01,SH600778,buy,open,7900,0,7900,,0.0,0.0,0.0,insufficient_cash
363,2021-03-01,SH600766,sell,open,2700,0,2700,,0.0,0.0,0.0,down_limit
364,2021-03-01,SZ000007,sell,open,371000,371000,0,4.050459861755371,1502720.6087112427,450.81618261337275,1502.7206087112427,filled
365,2021-03-01,SZ002862,sell,open,115700,115700,0,9.870447158813477,1142010.7362747192,342.60322088241577,1142.0107362747192,filled
366,2021-03-01,SZ300362,sell,open,738300,0,738300,,0.0,0.0,0.0,missing_open
367,2021-03-01,SZ002633,buy,open,3400,3400,0,6.417935848236084,21820.981884002686,6.546294565200805,0.0,filled
368,2021-03-01,SZ300736,buy,open,700,700,0,7.749631881713867,5424.742317199707,5.0,0.0,filled
369,2021-03-01,SH600768,buy,open,14400,14400,0,7.579098224639893,109139.01443481445,32.741704330444335,0.0,filled
370,2021-03-01,SH603029,buy,open,11500,11500,0,8.57630729675293,98627.53391265869,29.588260173797604,0.0,filled
371,2021-03-01,SH600355,buy,open,81000,81000,0,2.1797873973846436,176562.77918815613,52.968833756446834,0.0,filled
372,2021-03-01,SZ300478,buy,open,10800,10800,0,8.482858657836914,91614.87350463867,27.4844620513916,0.0,filled
373,2021-03-01,SH600520,buy,open,151600,151600,0,7.03928279876709,1067155.2722930908,320.1465816879272,0.0,filled
374,2021-03-01,SH600778,buy,open,14300,14300,0,3.6188955307006836,51750.206089019775,15.525061826705931,0.0,filled
375,2021-03-01,SH603813,buy,open,86600,82600,4000,12.322700500488281,1017855.061340332,305.3565184020996,0.0,partial_volume_or_cash
376,2021-03-01,SH603269,buy,open,155400,0,155400,,0.0,0.0,0.0,insufficient_cash
377,2021-04-01,SH600355,sell,open,10100,10100,0,2.260547161102295,22831.52632713318,6.849457898139953,22.83152632713318,filled
378,2021-04-01,SH600768,sell,open,9300,9300,0,8.23958969116211,76628.18412780762,22.988455238342283,76.62818412780761,filled
379,2021-04-01,SH600778,sell,open,294900,294900,0,3.6498451232910156,1076339.3268585205,322.9017980575561,1076.3393268585205,filled
380,2021-04-01,SH603029,sell,open,124400,124400,0,9.42873477935791,1172934.606552124,351.8803819656372,1172.934606552124,filled
381,2021-04-01,SH603813,sell,open,82600,82600,0,13.095598220825195,1081696.4130401611,324.5089239120483,1081.6964130401611,filled
382,2021-04-01,SZ300362,sell,open,738300,0,738300,,0.0,0.0,0.0,missing_open
383,2021-04-01,SH600701,buy,open,3996300,1127200,2869100,0.27126169204711914,305766.1792755127,91.7298537826538,0.0,partial_volume_or_cash
384,2021-04-01,SH600891,buy,open,2650400,236500,2413900,0.40900763869285583,96730.3065508604,29.01909196525812,0.0,partial_volume_or_cash
385,2021-04-01,SZ002633,buy,open,4700,4700,0,6.340937614440918,29802.406787872314,8.940722036361693,0.0,filled
386,2021-04-01,SZ300736,buy,open,9500,9500,0,7.362122535705566,69940.16408920288,20.98204922676086,0.0,filled
387,2021-04-01,SZ300478,buy,open,6900,6900,0,8.163187980651855,56325.9970664978,16.89779911994934,0.0,filled
388,2021-04-01,SH600766,buy,open,248700,248700,0,4.311196327209473,1072194.5265769958,321.6583579730987,0.0,filled
389,2021-04-01,SH600520,buy,open,7000,7000,0,6.831430912017822,47820.016384124756,14.346004915237426,0.0,filled
390,2021-04-01,SZ000609,buy,open,295300,295300,0,3.670138120651245,1083791.7870283127,325.13753610849375,0.0,filled
391,2021-05-06,SH600520,sell,open,1100,1100,0,6.760377883911133,7436.415672302246,5.0,7.436415672302246,filled
392,2021-05-06,SH600766,sell,open,251400,0,251400,,0.0,0.0,0.0,down_limit
393,2021-05-06,SZ000609,sell,open,295300,0,295300,,0.0,0.0,0.0,down_limit
394,2021-05-06,SZ002633,sell,open,12200,12200,0,6.710876941680908,81872.69868850708,24.56180960655212,81.87269868850709,filled
395,2021-05-06,SZ300362,sell,open,738300,0,738300,,0.0,0.0,0.0,missing_open
396,2021-05-06,SZ300478,sell,open,2100,2100,0,8.152424812316895,17120.09210586548,5.136027631759643,17.120092105865478,filled
397,2021-05-06,SZ300736,sell,open,2700,2700,0,7.369724273681641,19898.25553894043,5.969476661682128,19.89825553894043,filled
398,2021-05-06,SH600768,buy,open,1400,1400,0,8.01060962677002,11214.853477478027,5.0,0.0,filled
399,2021-05-06,SH600355,buy,open,2600,2600,0,2.209637403488159,5745.057249069214,5.0,0.0,filled
400,2021-05-06,SH600455,buy,open,60700,60700,0,17.524452209472656,1063734.2491149902,319.12027473449706,0.0,filled
401,2021-05-06,SH603269,buy,open,155400,44600,110800,6.851529598236084,305578.22008132935,91.67346602439879,0.0,partial_volume_or_cash
402,2021-05-06,SH603813,buy,open,85300,0,85300,,0.0,0.0,0.0,insufficient_cash
403,2021-05-06,SH603029,buy,open,114700,0,114700,,0.0,0.0,0.0,insufficient_cash
404,2021-06-01,SH600355,sell,open,482100,482100,0,2.5608818531036377,1234601.1413812637,370.3803424143791,1234.6011413812637,filled
405,2021-06-01,SH600766,sell,open,251400,251400,0,3.499997854232788,879899.4605541229,263.96983816623685,879.8994605541229,filled
406,2021-06-01,SZ000609,sell,open,295300,295300,0,2.4992692470550537,738034.2086553574,221.4102625966072,738.0342086553574,filled
407,2021-06-01,SZ300362,sell,open,738300,0,738300,,0.0,0.0,0.0,missing_open
408,2021-06-01,SZ300478,sell,open,3500,3500,0,9.098817825317383,31845.86238861084,9.553758716583252,31.84586238861084,filled
409,2021-06-01,SZ300736,sell,open,144500,144500,0,11.421124458312988,1650352.4842262268,495.105745267868,1650.3524842262268,filled
410,2021-06-01,SZ002633,buy,open,7600,7600,0,6.952601909637451,52839.77451324463,15.851932353973387,0.0,filled
411,2021-06-01,SH600768,buy,open,6700,6700,0,8.279829978942871,55474.860858917236,16.64245825767517,0.0,filled
412,2021-06-01,SH600455,buy,open,2900,2900,0,18.157827377319336,52657.699394226074,15.797309818267822,0.0,filled
413,2021-06-01,SH603389,buy,open,264500,264500,0,4.371671676635742,1156307.1584701538,346.8921475410461,0.0,filled
414,2021-06-01,SH600520,buy,open,800,800,0,7.3011884689331055,5840.950775146484,5.0,0.0,filled
415,2021-06-01,SH603029,buy,open,123100,123100,0,9.391324996948242,1156072.1071243286,346.82163213729854,0.0,filled
416,2021-06-01,SH600561,buy,open,280600,280600,0,4.120756149291992,1156284.175491333,346.88525264739985,0.0,filled
417,2021-06-01,SH603269,buy,open,117800,117800,0,7.118794918060303,838594.0413475037,251.57821240425108,0.0,filled
418,2021-06-01,SH603813,buy,open,87600,4000,83600,13.191252708435059,52765.010833740234,15.82950325012207,0.0,partial_volume_or_cash
419,2021-07-01,SH600520,sell,open,158300,158300,0,9.518617630004883,1506797.170829773,452.03915124893183,1506.797170829773,filled
420,2021-07-01,SH603389,sell,open,2600,2600,0,4.698846817016602,12217.001724243164,5.0,12.217001724243165,filled
421,2021-07-01,SZ002633,sell,open,5900,5900,0,7.6725945472717285,45268.3078289032,13.580492348670958,45.2683078289032,filled
422,2021-07-01,SZ300362,sell,open,738300,0,738300,,0.0,0.0,0.0,missing_open
423,2021-07-01,SH600455,buy,open,4900,4900,0,17.951871871948242,87964.17217254639,26.389251651763914,0.0,filled
424,2021-07-01,SH600768,buy,open,4600,4600,0,8.53072452545166,39241.33281707764,11.77239984512329,0.0,filled
425,2021-07-01,SH600561,buy,open,15800,15800,0,4.152751445770264,65613.47284317017,19.684041852951047,0.0,filled
426,2021-07-01,SH603813,buy,open,90100,90100,0,13.068323135375977,1177455.9144973755,353.2367743492126,0.0,filled
427,2021-07-01,SH603269,buy,open,4300,4300,0,7.381925582885742,31742.28000640869,9.522684001922606,0.0,filled
428,2021-07-01,SZ300478,buy,open,2500,2500,0,9.492391586303711,23730.978965759277,7.119293689727782,0.0,filled
429,2021-07-01,SH603029,buy,open,300,300,0,9.971586227416992,2991.4758682250977,5.0,0.0,filled
430,2021-07-01,SH600778,buy,open,279100,0,279100,,0.0,0.0,0.0,up_limit
431,2021-08-02,SH600455,sell,open,800,800,0,16.879743576049805,13503.794860839844,5.0,13.503794860839845,filled
432,2021-08-02,SH600561,sell,open,14300,14300,0,4.050646781921387,57924.24898147583,17.377274694442747,57.924248981475834,filled
433,2021-08-02,SH600768,sell,open,16800,16800,0,8.97070598602295,150707.86056518555,45.21235816955566,150.70786056518554,filled
434,2021-08-02,SH603029,sell,open,6400,6400,0,9.768229484558105,62516.668701171875,18.755000610351562,62.516668701171874,filled
435,2021-08-02,SH603269,sell,open,5900,5900,0,7.107903003692627,41936.6277217865,12.580988316535949,41.9366277217865,filled
436,2021-08-02,SH603389,sell,open,12500,12500,0,4.5827250480651855,57284.06310081482,17.185218930244446,57.28406310081482,filled
437,2021-08-02,SZ002633,sell,open,3500,3500,0,7.280642986297607,25482.250452041626,7.644675135612487,25.482250452041626,filled
438,2021-08-02,SZ300362,sell,open,738300,738300,0,0.8100000023841858,598023.0017602444,179.4069005280733,598.0230017602444,filled
439,2021-08-02,SZ300478,sell,open,129600,129600,0,8.919763565063477,1156001.3580322266,346.8004074096679,1156.0013580322266,filled
440,2021-08-02,SH603813,buy,open,700,700,0,12.051645278930664,8436.151695251465,5.0,0.0,filled
441,2021-08-02,SZ000702,buy,open,266900,266900,0,4.281435012817383,1142715.0049209595,342.81450147628783,0.0,filled
442,2021-08-02,SZ002830,buy,open,127600,127600,0,8.951329231262207,1142189.6099090576,342.65688297271726,0.0,filled
443,2021-09-01,SH600455,sell,open,700,700,0,19.036144256591797,13325.300979614258,5.0,13.325300979614259,filled
444,2021-09-01,SH600561,sell,open,282100,282100,0,5.049666881561279,1424511.027288437,427.353308186531,1424.511027288437,filled
445,2021-09-01,SH603029,sell,open,117000,117000,0,10.779459953308105,1261196.8145370483,378.35904436111446,1261.1968145370483,filled
446,2021-09-01,SH603269,sell,open,3300,3300,0,8.101347923278809,26734.44814682007,8.02033444404602,26.734448146820068,filled
447,2021-09-01,SH603389,sell,open,249400,249400,0,5.234705924987793,1305535.6576919556,391.66069730758664,1305.5356576919555,filled
448,2021-09-01,SZ002830,sell,open,127600,127600,0,10.042743682861328,1281454.0939331055,384.4362281799316,1281.4540939331055,filled
449,2021-09-01,SZ300478,buy,open,134900,134900,0,9.462384223937988,1276475.6318092346,382.9426895427703,0.0,filled
450,2021-09-01,SZ002633,buy,open,1800,1800,0,8.041031837463379,14473.857307434082,5.0,0.0,filled
451,2021-09-01,SH603813,buy,open,1200,1200,0,13.294440269470215,15953.328323364258,5.0,0.0,filled
452,2021-09-01,SZ000702,buy,open,13600,13600,0,4.5512309074401855,61896.74034118652,18.569022102355955,0.0,filled
453,2021-09-01,SH600768,buy,open,12100,12100,0,9.149215698242188,110705.50994873047,33.211652984619136,0.0,filled
454,2021-09-01,SZ002417,buy,open,267200,267200,0,4.776456832885742,1276269.2657470703,382.88077972412106,0.0,filled
455,2021-09-01,SH603709,buy,open,78200,78200,0,16.316635131835938,1275960.8673095703,382.78826019287106,0.0,filled
456,2021-09-01,SZ002836,buy,open,232400,231700,700,5.492504596710205,1272613.3150577545,381.78399451732633,0.0,partial_volume_or_cash
457,2021-10-08,SH600455,sell,open,2800,2800,0,19.037622451782227,53305.342864990234,15.99160285949707,53.30534286499024,filled
458,2021-10-08,SH603269,sell,open,157500,157500,0,8.157906532287598,1284870.2788352966,385.46108365058893,1284.8702788352966,filled
459,2021-10-08,SH603709,sell,open,1200,1200,0,15.872288703918457,19046.74644470215,5.714023933410644,19.046746444702148,filled
460,2021-10-08,SH603813,sell,open,1600,1600,0,12.938261985778809,20701.219177246094,6.210365753173828,20.701219177246095,filled
461,2021-10-08,SZ000702,sell,open,10100,10100,0,4.520081996917725,45652.82816886902,13.695848450660705,45.65282816886902,filled
462,2021-10-08,SZ002417,sell,open,267200,267200,0,4.406513690948486,1177420.4582214355,353.22613746643066,1177.4204582214356,filled
463,2021-10-08,SZ002836,sell,open,231700,231700,0,5.395103454589844,1250045.4704284668,375.01364112854003,1250.0454704284668,filled
464,2021-10-08,SZ300478,buy,open,11500,11500,0,8.349226951599121,96016.10994338989,28.804832983016965,0.0,filled
465,2021-10-08,SH600768,buy,open,6900,6900,0,8.348607063293457,57605.38873672485,17.281616621017456,0.0,filled
466,2021-10-08,SZ002633,buy,open,3600,3600,0,7.529876708984375,27107.55615234375,8.132266845703125,0.0,filled
467,2021-10-08,SH603029,buy,open,124900,124900,0,9.787012100219727,1222397.8113174438,366.7193433952331,0.0,filled
468,2021-10-08,SH600520,buy,open,156900,156900,0,7.79155969619751,1222495.7163333893,366.74871490001675,0.0,filled
469,2021-10-08,SZ002209,buy,open,185500,185000,500,6.588425159454346,1218858.654499054,365.65759634971613,0.0,partial_volume_or_cash
470,2021-11-01,SH600768,sell,open,2700,2700,0,8.290190696716309,22383.514881134033,6.715054464340209,22.383514881134033,filled
471,2021-11-01,SH603709,sell,open,77000,77000,0,15.01863956451416,1156435.2464675903,346.93057394027704,1156.4352464675903,filled
472,2021-11-01,SZ300478,sell,open,146400,146400,0,9.999470710754395,1463922.5120544434,439.176753616333,1463.9225120544434,filled
473,2021-11-01,SZ002633,buy,open,3400,3400,0,7.190831661224365,24448.82764816284,7.334648294448852,0.0,filled
474,2021-11-01,SH603029,buy,open,4900,4900,0,9.179969787597656,44981.851959228516,13.494555587768554,0.0,filled
475,2021-11-01,SH600455,buy,open,700,700,0,18.34754753112793,12843.28327178955,5.0,0.0,filled
476,2021-11-01,SH603813,buy,open,1100,1100,0,12.475711822509766,13723.283004760742,5.0,0.0,filled
477,2021-11-01,SZ002209,buy,open,18700,18700,0,5.849259376525879,109381.15034103394,32.81434510231018,0.0,filled
478,2021-11-01,SH600520,buy,open,6200,6200,0,7.301787376403809,45271.08173370361,13.581324520111083,0.0,filled
479,2021-11-01,SZ000702,buy,open,1600,1600,0,4.3797125816345215,7007.540130615234,5.0,0.0,filled
480,2021-11-01,SZ002417,buy,open,280300,280300,0,4.250630855560303,1191451.8288135529,357.4355486440658,0.0,filled
481,2021-11-01,SZ002830,buy,open,135500,135400,100,8.787810325622559,1189869.5180892944,356.96085542678827,0.0,partial_volume_or_cash
482,2021-12-01,SH600455,sell,open,64900,64900,0,22.539344787597656,1462803.476715088,438.84104301452635,1462.803476715088,filled
483,2021-12-01,SH600520,sell,open,163100,163100,0,9.010726928710938,1469649.562072754,440.8948686218261,1469.649562072754,filled
484,2021-12-01,SH600768,sell,open,1500,1500,0,9.449859619140625,14174.789428710938,5.0,14.174789428710938,filled
485,2021-12-01,SZ002830,sell,open,135400,135400,0,9.705389976501465,1314109.8028182983,394.23294084548945,1314.1098028182985,filled
486,2021-12-01,SZ002633,buy,open,5800,5800,0,7.831900596618652,45425.02346038818,13.627507038116454,0.0,filled
487,2021-12-01,SZ002209,buy,open,10200,10200,0,6.280190944671631,64057.947635650635,19.21738429069519,0.0,filled
488,2021-12-01,SH603813,buy,open,3600,3600,0,13.552668571472168,48789.606857299805,14.63688205718994,0.0,filled
489,2021-12-01,SH603029,buy,open,1200,1200,0,10.252034187316895,12302.441024780273,5.0,0.0,filled
490,2021-12-01,SZ000702,buy,open,9200,9200,0,4.778433799743652,43961.5909576416,13.188477287292478,0.0,filled
491,2021-12-01,SZ002417,buy,open,2600,2600,0,4.75,12350.0,5.0,0.0,filled
492,2021-12-01,SH603709,buy,open,83900,83900,0,15.998241424560547,1342252.4555206299,402.6757366561889,0.0,filled
493,2021-12-01,SZ300478,buy,open,133400,133400,0,10.068740844726562,1343170.0286865234,402.951008605957,0.0,filled
494,2021-12-01,SH600561,buy,open,290800,290300,500,4.620288372039795,1341269.7144031525,402.3809143209457,0.0,partial_volume_or_cash
495,2022-01-04,SH600561,sell,open,290300,290300,0,5.040435314178467,1463238.371706009,438.97151151180265,1463.238371706009,filled
496,2022-01-04,SH603813,sell,open,99100,99100,0,16.405221939086914,1625757.4941635132,487.7272482490539,1625.7574941635132,filled
497,2022-01-04,SZ002209,sell,open,4700,4700,0,6.900935649871826,32434.397554397583,9.730319266319274,32.434397554397584,filled
498,2022-01-04,SZ002633,sell,open,2800,2800,0,8.557873725891113,23962.046432495117,7.188613929748534,23.962046432495118,filled
499,2022-01-04,SH600768,buy,open,8800,8800,0,9.56032657623291,84130.87387084961,25.23926216125488,0.0,filled
500,2022-01-04,SZ300478,buy,open,8400,8400,0,10.180034637451172,85512.29095458984,25.65368728637695,0.0,filled
501,2022-01-04,SZ002417,buy,open,300,300,0,5.098083972930908,1529.4251918792725,5.0,0.0,filled
502,2022-01-04,SZ000702,buy,open,7500,7500,0,4.999732494354248,37497.99370765686,11.249398112297056,0.0,filled
503,2022-01-04,SH603029,buy,open,2200,2200,0,10.834864616394043,23836.702156066895,7.151010646820068,0.0,filled
504,2022-01-04,SH603709,buy,open,1400,1400,0,16.922882080078125,23692.034912109375,7.107610473632812,0.0,filled
505,2022-01-04,SH603389,buy,open,272700,272700,0,5.292608737945557,1443294.4028377533,432.98832085132597,0.0,filled
506,2022-01-04,SH600778,buy,open,320900,320300,600,4.498697280883789,1440932.7390670776,432.27982172012327,0.0,partial_volume_or_cash
507,2022-02-07,SH600778,sell,open,320300,320300,0,4.379400730133057,1402722.053861618,420.8166161584854,1402.7220538616182,filled
508,2022-02-07,SZ002417,sell,open,283200,0,283200,,0.0,0.0,0.0,down_limit
509,2022-02-07,SZ300478,sell,open,141800,141800,0,10.969630241394043,1555493.5682296753,466.6480704689026,1555.4935682296752,filled
510,2022-02-07,SH600768,buy,open,11200,11200,0,9.120528221130371,102149.91607666016,30.644974822998044,0.0,filled
511,2022-02-07,SH688309,buy,open,94500,94500,0,15.65721321105957,1479606.6484451294,443.8819945335388,0.0,filled
512,2022-02-07,SZ000702,buy,open,20200,20200,0,4.791434288024902,96786.97261810303,29.036091785430905,0.0,filled
513,2022-02-07,SH603709,buy,open,6100,6100,0,16.183897018432617,98721.77181243896,29.616531543731686,0.0,filled
514,2022-02-07,SH603813,buy,open,104200,82800,21400,14.204419136047363,1176125.9044647217,352.83777133941646,0.0,partial_volume_or_cash
515,2022-02-07,SZ002633,buy,open,300,0,300,,0.0,0.0,0.0,insufficient_cash
516,2022-02-07,SH603029,buy,open,5100,0,5100,,0.0,0.0,0.0,insufficient_cash
517,2022-02-07,SZ002209,buy,open,11400,0,11400,,0.0,0.0,0.0,insufficient_cash
518,2022-02-07,SH603389,buy,open,14200,0,14200,,0.0,0.0,0.0,insufficient_cash
519,2022-02-07,SH688215,buy,open,44200,0,44200,,0.0,0.0,0.0,insufficient_cash
520,2022-03-01,SH600768,sell,open,9600,9600,0,10.219282150268555,98105.10864257812,29.431532592773436,98.10510864257813,filled
521,2022-03-01,SH603029,sell,open,133200,133200,0,14.345091819763184,1910766.230392456,573.2298691177367,1910.766230392456,filled
522,2022-03-01,SH603813,sell,open,82800,82800,0,15.82950210571289,1310682.7743530273,393.20483230590816,1310.6827743530273,filled
523,2022-03-01,SZ000702,sell,open,7600,7600,0,5.17872953414917,39358.34445953369,11.807503337860107,39.35834445953369,filled
524,2022-03-01,SZ002417,sell,open,283200,283200,0,5.648745536804199,1599724.7360229492,479.9174208068847,1599.7247360229492,filled
525,2022-03-01,SH688309,buy,open,2400,2400,0,16.094820022583008,38627.56805419922,11.588270416259764,0.0,filled
526,2022-03-01,SH603709,buy,open,1800,1800,0,16.73219871520996,30117.95768737793,9.035387306213378,0.0,filled
527,2022-03-01,SZ002633,buy,open,5800,5800,0,8.93824577331543,51841.82548522949,15.552547645568847,0.0,filled
528,2022-03-01,SH603389,buy,open,21700,21700,0,5.299759864807129,115004.7890663147,34.50143671989441,0.0,filled
529,2022-03-01,SH688215,buy,open,44500,44500,0,35.02459716796875,1558594.5739746094,467.57837219238274,0.0,filled
530,2022-03-01,SH600778,buy,open,343700,343700,0,4.5386857986450195,1559946.3089942932,467.98389269828795,0.0,filled
531,2022-03-01,SZ002209,buy,open,5300,5300,0,7.27193021774292,38541.230154037476,11.562369046211241,0.0,filled
532,2022-03-01,SH603958,buy,open,240900,240600,300,6.476651668548584,1558282.3914527893,467.4847174358367,0.0,partial_volume_or_cash
533,2022-04-01,SH600778,sell,open,343700,343700,0,5.009937286376953,1721915.4453277588,516.5746335983276,1721.9154453277588,filled
534,2022-04-01,SH603389,sell,open,294400,294400,0,5.607625961303711,1650885.0830078125,495.2655249023437,1650.8850830078125,filled
535,2022-04-01,SZ000702,sell,open,301300,301300,0,5.651930332183838,1702926.6090869904,510.87798272609706,1702.9266090869903,filled
536,2022-04-01,SZ002209,sell,open,214500,214500,0,7.672271251678467,1645702.1834850311,493.71065504550927,1645.7021834850311,filled
537,2022-04-01,SZ002633,sell,open,5400,5400,0,9.369540214538574,50595.5171585083,15.178655147552488,50.5955171585083,filled
538,2022-04-01,SH688309,buy,open,10100,10100,0,14.80136775970459,149493.81437301636,44.8481443119049,0.0,filled
539,2022-04-01,SH600768,buy,open,11600,11600,0,9.648587226867676,111923.61183166504,33.577083549499505,0.0,filled
540,2022-04-01,SH603709,buy,open,3200,3200,0,16.44158172607422,52613.0615234375,15.783918457031248,0.0,filled
541,2022-04-01,SH600455,buy,open,74100,74100,0,21.367685317993164,1583345.4820632935,475.003644618988,0.0,filled
542,2022-04-01,SH688215,buy,open,3000,3000,0,33.3246955871582,99974.08676147461,29.99222602844238,0.0,filled
543,2022-04-01,SZ300478,buy,open,148200,148200,0,10.692693710327148,1584657.2078704834,475.397162361145,0.0,filled
544,2022-04-01,SZ002417,buy,open,310200,310200,0,5.109570026397705,1584988.622188568,475.4965866565704,0.0,filled
545,2022-04-01,SZ300736,buy,open,148000,148000,0,10.710394859313965,1585138.4391784668,475.54153175353997,0.0,filled
546,2022-04-01,SH603958,buy,open,1700,1400,300,6.540410995483398,9156.575393676758,5.0,0.0,partial_volume_or_cash
547,2022-05-05,SH600455,sell,open,1300,1300,0,17.39415740966797,22612.40463256836,6.783721389770507,22.61240463256836,filled
548,2022-05-05,SH600768,sell,open,4600,4600,0,7.93894100189209,36519.12860870361,10.955738582611083,36.51912860870362,filled
549,2022-05-05,SH603709,sell,open,7100,7100,0,14.190714836120605,100754.0753364563,30.226222600936886,100.7540753364563,filled
550,2022-05-05,SH603958,sell,open,2600,2600,0,5.295189380645752,13767.492389678955,5.0,13.767492389678955,filled
551,2022-05-05,SH688309,sell,open,107000,107000,0,12.274797439575195,1313403.326034546,394.0209978103637,1313.403326034546,filled
552,2022-05-05,SZ002417,sell,open,310200,310200,0,2.4305191040039062,753947.0260620117,226.1841078186035,753.9470260620118,filled
553,2022-05-05,SZ300478,sell,open,148200,148200,0,10.310770034790039,1528056.1191558838,458.4168357467651,1528.0561191558838,filled
554,2022-05-05,SZ300736,sell,open,148000,148000,0,8.949600219726562,1324540.8325195312,397.36224975585935,1324.5408325195312,filled
555,2022-05-05,SH688215,buy,open,200,200,0,26.553136825561523,5310.627365112305,5.0,0.0,filled
556,2022-05-05,SZ002633,buy,open,1900,1900,0,7.412866592407227,14084.44652557373,5.0,0.0,filled
557,2022-05-05,SZ002856,buy,open,152500,152500,0,8.308524131774902,1267049.9300956726,380.1149790287017,0.0,filled
558,2022-05-05,SH603389,buy,open,286800,286800,0,4.419576644897461,1267534.5817565918,380.2603745269775,0.0,filled
559,2022-05-05,SZ002862,buy,open,129200,129200,0,9.810616493225098,1267531.6509246826,380.25949527740477,0.0,filled
560,2022-05-05,SH600520,buy,open,170500,170000,500,7.431611061096191,1263373.8803863525,379.0121641159057,0.0,partial_volume_or_cash
561,2022-06-01,SH600520,sell,open,170000,170000,0,8.341039657592773,1417976.7417907715,425.3930225372314,1417.9767417907715,filled
562,2022-06-01,SZ002856,sell,open,152500,152500,0,12.261780738830566,1869921.5626716614,560.9764688014984,1869.9215626716614,filled
563,2022-06-01,SZ002862,sell,open,129200,129200,0,10.862083435058594,1403381.1798095703,421.0143539428711,1403.3811798095703,filled
564,2022-06-01,SH688555,buy,open,109800,109800,0,13.28565502166748,1458764.9213790894,437.62947641372676,0.0,filled
565,2022-06-01,SH688215,buy,open,2000,2000,0,29.328048706054688,58656.097412109375,17.59682922363281,0.0,filled
566,2022-06-01,SH600768,buy,open,2200,2200,0,9.01856517791748,19840.843391418457,5.952253017425536,0.0,filled
567,2022-06-01,SH600455,buy,open,2600,2600,0,19.349178314208984,50307.86361694336,15.092359085083006,0.0,filled
568,2022-06-01,SH603709,buy,open,4800,4800,0,15.500313758850098,74401.50604248047,22.32045181274414,0.0,filled
569,2022-06-01,SZ300736,buy,open,154100,154100,0,9.470922470092773,1459469.1526412964,437.8407457923889,0.0,filled
570,2022-06-01,SZ002633,buy,open,1700,1700,0,8.451459884643555,14367.481803894043,5.0,0.0,filled
571,2022-06-01,SH603958,buy,open,7600,7600,0,5.908388137817383,44903.74984741211,13.471124954223631,0.0,filled
572,2022-06-01,SH603389,buy,open,9300,9300,0,4.929380416870117,45843.23787689209,13.752971363067626,0.0,filled
573,2022-06-01,SZ300417,buy,open,152100,151900,200,9.591818809509277,1456997.2771644592,437.0991831493377,0.0,partial_volume_or_cash
574,2022-07-01,SH603389,sell,open,296100,296100,0,5.481899738311768,1623190.5125141144,486.9571537542343,1623.1905125141145,filled
575,2022-07-01,SH603958,sell,open,247000,247000,0,6.120504856109619,1511764.699459076,453.52940983772277,1511.764699459076,filled
576,2022-07-01,SH688215,sell,open,100,100,0,30.60381317138672,3060.381317138672,5.0,3.060381317138672,filled
577,2022-07-01,SZ002633,sell,open,172700,172700,0,9.099554061889648,1571492.9864883423,471.4478959465026,1571.4929864883422,filled
578,2022-07-01,SZ300417,sell,open,151900,151900,0,9.951807975769043,1511679.6315193176,453.5038894557953,1511.6796315193176,filled
579,2022-07-01,SZ300736,sell,open,900,900,0,9.919299125671387,8927.369213104248,5.0,8.927369213104248,filled
580,2022-07-01,SH688555,buy,open,2000,2000,0,13.59013557434082,27180.27114868164,8.154081344604492,0.0,filled
581,2022-07-01,SH600455,buy,open,3200,3200,0,19.3267879486084,61845.721435546875,18.55371643066406,0.0,filled
582,2022-07-01,SH600768,buy,open,4300,4300,0,9.150467872619629,39347.011852264404,11.80410355567932,0.0,filled
583,2022-07-01,SH603729,buy,open,113500,113500,0,13.393491744995117,1520161.3130569458,456.0483939170837,0.0,filled
584,2022-07-01,SH603709,buy,open,900,900,0,16.002155303955078,14401.93977355957,5.0,0.0,filled
585,2022-07-01,SH603269,buy,open,183000,183000,0,8.305231094360352,1519857.2902679443,455.9571870803833,0.0,filled
586,2022-07-01,SZ002209,buy,open,222900,222900,0,6.819028377532959,1519961.4253520966,455.98842760562894,0.0,filled
587,2022-07-01,SZ300779,buy,open,113200,113000,200,13.428027153015137,1517367.0682907104,455.2101204872131,0.0,partial_volume_or_cash
588,2022-08-01,SH600455,sell,open,800,800,0,21.24117088317871,16992.93670654297,5.09788101196289,16.99293670654297,filled
589,2022-08-01,SH603269,sell,open,183000,183000,0,9.339160919189453,1709066.44821167,512.719934463501,1709.06644821167,filled
590,2022-08-01,SH688215,sell,open,200,200,0,33.47013473510742,6694.026947021484,5.0,6.694026947021484,filled
591,2022-08-01,SZ002209,sell,open,222900,222900,0,8.619384765625,1921260.8642578125,576.3782592773437,1921.2608642578125,filled
592,2022-08-01,SZ300779,sell,open,113000,113000,0,14.689226150512695,1659882.5550079346,497.9647665023803,1659.8825550079346,filled
593,2022-08-01,SH688555,buy,open,9500,9500,0,13.628079414367676,129466.75443649292,38.84002633094787,0.0,filled
594,2022-08-01,SZ002719,buy,open,223100,223100,0,7.411067008972168,1653409.0497016907,496.02271491050715,0.0,filled
595,2022-08-01,SH603729,buy,open,3000,3000,0,14.1900053024292,42570.0159072876,12.771004772186279,0.0,filled
596,2022-08-01,SH600768,buy,open,700,700,0,9.908662796020508,6936.0639572143555,5.0,0.0,filled
597,2022-08-01,SH603709,buy,open,5700,5700,0,16.41458511352539,93563.13514709473,28.068940544128417,0.0,filled
598,2022-08-01,SZ300736,buy,open,7500,7500,0,10.290266036987305,77176.99527740479,23.153098583221432,0.0,filled
599,2022-08-01,SZ300478,buy,open,157600,157600,0,10.489005088806152,1653067.2019958496,495.9201605987548,0.0,filled
600,2022-08-01,SH603958,buy,open,259600,259100,500,6.367924213409424,1649929.1636943817,494.97874910831445,0.0,partial_volume_or_cash
601,2022-09-01,SH600768,sell,open,300,300,0,10.080876350402832,3024.2629051208496,5.0,3.0242629051208496,filled
602,2022-09-01,SH603958,sell,open,259100,259100,0,7.108621597290039,1841843.8558578491,552.5531567573547,1841.8438558578491,filled
603,2022-09-01,SZ002719,sell,open,9100,9100,0,7.840809345245361,71351.36504173279,21.405409512519835,71.35136504173279,filled
604,2022-09-01,SZ300736,sell,open,160700,160700,0,10.549402236938477,1695288.9394760132,508.5866818428039,1695.2889394760132,filled
605,2022-09-01,SH688555,buy,open,1200,1200,0,13.691603660583496,16429.924392700195,5.0,0.0,filled
606,2022-09-01,SH688215,buy,open,4100,4100,0,31.33364486694336,128467.94395446777,38.54038318634033,0.0,filled
607,2022-09-01,SH688004,buy,open,76200,76200,0,22.0024471282959,1676586.4711761475,502.9759413528442,0.0,filled
608,2022-09-01,SH600455,buy,open,3200,3200,0,20.708106994628906,66265.9423828125,19.87978271484375,0.0,filled
609,2022-09-01,SH603709,buy,open,1700,1700,0,16.378692626953125,27843.777465820312,8.353133239746093,0.0,filled
610,2022-09-01,SH603729,buy,open,100,100,0,14.39121150970459,1439.121150970459,5.0,0.0,filled
611,2022-09-01,SH688081,buy,open,126200,126200,0,13.29897689819336,1678330.884552002,503.49926536560054,0.0,filled
612,2022-09-01,SZ300478,buy,open,600,600,0,10.609696388244629,6365.817832946777,5.0,0.0,filled
613,2022-10-10,SH600455,sell,open,1600,1600,0,18.884563446044922,30215.301513671875,9.064590454101562,30.215301513671875,filled
614,2022-10-10,SH603709,sell,open,1700,1700,0,14.904982566833496,25338.470363616943,7.601541109085082,25.338470363616945,filled
615,2022-10-10,SH688004,sell,open,1700,1700,0,20.144062042236328,34244.90547180176,10.273471641540526,34.24490547180176,filled
616,2022-10-10,SH688215,sell,open,300,300,0,28.204038619995117,8461.211585998535,5.0,8.461211585998536,filled
617,2022-10-10,SZ002719,sell,open,2400,2400,0,7.090810775756836,17017.945861816406,5.105383758544922,17.017945861816408,filled
618,2022-10-10,SZ300478,sell,open,158200,158200,0,9.802469253540039,1550750.6359100342,465.22519077301024,1550.7506359100341,filled
619,2022-10-10,SH688555,buy,open,8000,8000,0,11.499003410339355,91992.02728271484,27.59760818481445,0.0,filled
620,2022-10-10,SH600768,buy,open,1700,1700,0,8.919692039489746,15163.476467132568,5.0,0.0,filled
621,2022-10-10,SH688081,buy,open,3000,3000,0,11.616701126098633,34850.1033782959,10.45503101348877,0.0,filled
622,2022-10-10,SH603729,buy,open,1700,1700,0,12.67820930480957,21552.95581817627,6.46588674545288,0.0,filled
623,2022-10-10,SH688096,buy,open,184100,184100,0,8.151605606079102,1500710.5920791626,450.2131776237487,0.0,filled
624,2022-11-01,SH600455,sell,open,1500,1500,0,20.59349822998047,30890.247344970703,9.26707420349121,30.890247344970703,filled
625,2022-11-01,SH688004,sell,open,5300,5300,0,23.19920539855957,122955.78861236572,36.88673658370971,122.95578861236572,filled
626,2022-11-01,SH688081,sell,open,129200,129200,0,12.992596626281738,1678643.4841156006,503.5930452346801,1678.6434841156006,filled
627,2022-11-01,SH688096,sell,open,184100,184100,0,8.73690128326416,1608463.526248932,482.53905787467954,1608.4635262489319,filled
628,2022-11-01,SH688215,sell,open,2500,2500,0,31.646080017089844,79115.20004272461,23.73456001281738,79.11520004272461,filled
629,2022-11-01,SH688555,buy,open,400,400,0,12.261757850646973,4904.703140258789,5.0,0.0,filled
630,2022-11-01,SH603729,buy,open,6100,6100,0,12.90065860748291,78694.01750564575,23.60820525169372,0.0,filled
631,2022-11-01,SH603709,buy,open,5400,5400,0,15.125215530395508,81676.16386413574,24.50284915924072,0.0,filled
632,2022-11-01,SH600768,buy,open,7600,7600,0,9.131162643432617,69396.83609008789,20.819050827026366,0.0,filled
633,2022-11-01,SZ300478,buy,open,163900,163900,0,9.791001319885254,1604745.116329193,481.4235348987579,0.0,filled
634,2022-11-01,SZ002719,buy,open,10000,10000,0,7.2439045906066895,72439.0459060669,21.731713771820065,0.0,filled
635,2022-11-01,SH688701,buy,open,164100,164100,0,9.783394813537598,1605455.0889015198,481.6365266704559,0.0,filled
636,2022-12-01,SH600455,sell,open,3500,3500,0,21.29742431640625,74540.98510742188,22.36229553222656,74.54098510742188,filled
637,2022-12-01,SH600768,sell,open,14500,14500,0,9.830028533935547,142535.41374206543,42.760624122619625,142.53541374206543,filled
638,2022-12-01,SH603709,sell,open,10100,10100,0,16.510984420776367,166760.9426498413,50.02828279495239,166.76094264984133,filled
639,2022-12-01,SH603729,sell,open,11300,11300,0,14.012871742248535,158345.45068740845,47.50363520622253,158.34545068740846,filled
640,2022-12-01,SH688215,sell,open,1400,1400,0,32.14762878417969,45006.68029785156,13.502004089355468,45.00668029785157,filled
641,2022-12-01,SH688555,sell,open,130900,130900,0,6.046514511108398,791488.7495040894,237.44662485122677,791.4887495040894,filled
642,2022-12-01,SZ002719,sell,open,19200,19200,0,7.832849025726318,150390.7012939453,45.11721038818359,150.3907012939453,filled
643,2022-12-01,SZ300478,sell,open,10900,10900,0,10.360749244689941,112932.16676712036,33.879650030136105,112.93216676712036,filled
644,2022-12-01,SH688004,buy,open,1500,1500,0,22.4243106842041,33636.46602630615,10.090939807891845,0.0,filled
645,2022-12-01,SH688701,buy,open,1800,1800,0,9.555623054504395,17200.12149810791,5.160036449432373,0.0,filled
646,2022-12-01,SZ300899,buy,open,73600,73600,0,21.54558563232422,1585755.1025390625,475.7265307617187,0.0,filled
647,2023-01-03,SH600455,sell,open,74400,74400,0,22.1141414642334,1645292.1249389648,493.5876374816894,1645.292124938965,filled
648,2023-01-03,SZ002719,sell,open,202400,202400,0,15.70120906829834,3177924.715423584,953.3774146270752,3177.924715423584,filled
649,2023-01-03,SH688701,buy,open,35000,35000,0,8.185088157653809,286478.0855178833,85.94342565536498,0.0,filled
650,2023-01-03,SH688004,buy,open,8700,8700,0,20.694923400878906,180045.83358764648,54.01375007629394,0.0,filled
651,2023-01-03,SZ300478,buy,open,25400,25400,0,9.218697547912598,234154.91771697998,70.24647531509399,0.0,filled
652,2023-01-03,SH688081,buy,open,139600,139600,0,11.77815055847168,1644229.8179626465,493.2689453887939,0.0,filled
653,2023-01-03,SH603709,buy,open,10700,10700,0,15.4043607711792,164826.66025161743,49.44799807548522,0.0,filled
654,2023-01-03,SH600768,buy,open,17500,17500,0,9.198871612548828,160980.2532196045,48.29407596588134,0.0,filled
655,2023-01-03,SH688215,buy,open,5000,5000,0,30.271631240844727,151358.15620422363,45.40744686126708,0.0,filled
656,2023-01-03,SH603729,buy,open,10900,10900,0,13.261019706726074,144545.1148033142,43.36353444099426,0.0,filled
657,2023-01-03,SZ300899,buy,open,10600,10600,0,19.514339447021484,206851.99813842773,62.055599441528315,0.0,filled
658,2023-01-03,SZ002816,buy,open,130400,130400,0,12.609991073608398,1644342.8359985352,493.30285079956053,0.0,filled
659,2023-02-01,SH600768,sell,open,178800,178800,0,10.729811668395996,1918490.326309204,575.5470978927611,1918.4903263092042,filled
660,2023-02-01,SH688004,sell,open,500,500,0,23.371597290039062,11685.798645019531,5.0,11.685798645019531,filled
661,2023-02-01,SH688081,sell,open,139600,139600,0,15.269916534423828,2131680.3482055664,639.5041044616698,2131.6803482055666,filled
662,2023-02-01,SZ002816,sell,open,130400,130400,0,14.195923805236816,1851148.4642028809,555.3445392608642,1851.1484642028809,filled
663,2023-02-01,SH688701,buy,open,14000,14000,0,8.581202507019043,120136.8350982666,36.041050529479975,0.0,filled
664,2023-02-01,SZ300478,buy,open,6900,6900,0,9.951059341430664,68662.30945587158,20.598692836761472,0.0,filled
665,2023-02-01,SH603729,buy,open,7800,7800,0,13.990005493164062,109122.04284667969,32.7366128540039,0.0,filled
666,2023-02-01,SH603709,buy,open,3200,3200,0,16.775903701782227,53682.891845703125,16.104867553710935,0.0,filled
667,2023-02-01,SH688215,buy,open,100,100,0,33.891998291015625,3389.1998291015625,5.0,0.0,filled
668,2023-02-01,SH688096,buy,open,206200,206200,0,8.941779136657715,1843794.8579788208,553.1384573936461,0.0,filled
669,2023-02-01,SH688067,buy,open,91300,91300,0,20.1932373046875,1843642.5659179688,553.0927697753906,0.0,filled
670,2023-02-01,SZ300899,buy,open,1000,1000,0,21.64474105834961,21644.74105834961,6.493422317504883,0.0,filled
671,2023-02-01,SH688565,buy,open,208600,208100,500,8.840169906616211,1839639.3575668335,551.89180727005,0.0,partial_volume_or_cash
672,2023-03-01,SH603709,sell,open,109900,109900,0,18.40407943725586,2022608.330154419,606.7824990463256,2022.608330154419,filled
673,2023-03-01,SH688004,sell,open,78900,0,78900,,0.0,0.0,0.0,insufficient_limit_quality
674,2023-03-01,SH688067,sell,open,100,100,0,21.33989143371582,2133.989143371582,5.0,2.1339891433715823,filled
675,2023-03-01,SH688701,buy,open,4600,4600,0,8.869738578796387,40800.79746246338,12.240239238739013,0.0,filled
676,2023-03-01,SZ300478,buy,open,7800,7800,0,10.082540512084961,78643.8159942627,23.593144798278807,0.0,filled
677,2023-03-01,SH603729,buy,open,5600,5600,0,14.16991138458252,79351.50375366211,23.80545112609863,0.0,filled
678,2023-03-01,SH688215,buy,open,1200,1200,0,34.96831512451172,41961.97814941406,12.588593444824218,0.0,filled
679,2023-03-01,SH688096,buy,open,2500,2500,0,9.330981254577637,23327.45313644409,6.998235940933227,0.0,filled
680,2023-03-01,SH688565,buy,open,4700,4700,0,9.149419784545898,43002.27298736572,12.900681896209715,0.0,filled
681,2023-03-01,SZ002816,buy,open,136100,119800,16300,14.306716918945312,1713944.6868896484,514.1834060668945,0.0,partial_volume_or_cash
682,2023-03-01,SZ300899,buy,open,2100,0,2100,,0.0,0.0,0.0,insufficient_cash
683,2023-03-01,SZ002856,buy,open,182100,100,182000,10.690954208374023,1069.0954208374023,5.0,0.0,partial_volume_or_cash
684,2023-04-03,SH603729,sell,open,137400,137400,0,14.761411666870117,2028217.963027954,608.4653889083862,2028.217963027954,filled
685,2023-04-03,SH688004,sell,open,78900,78900,0,31.307931900024414,2470195.8269119263,741.0587480735778,2470.1958269119264,filled
686,2023-04-03,SH688067,sell,open,91200,91200,0,20.855403900146484,1902012.8356933594,570.6038507080077,1902.0128356933594,filled
687,2023-04-03,SH688096,sell,open,208700,208700,0,9.285379409790039,1937858.6828231812,581.3576048469542,1937.8586828231812,filled
688,2023-04-03,SZ300899,sell,open,85200,85200,0,21.76491355895996,1854370.6352233887,556.3111905670165,1854.3706352233887,filled
689,2023-04-03,SH688701,buy,open,2600,2600,0,8.642189979553223,22469.69394683838,6.740908184051513,0.0,filled
690,2023-04-03,SZ300742,buy,open,222600,222600,0,8.62287712097168,1919452.447128296,575.8357341384888,0.0,filled
691,2023-04-03,SZ300478,buy,open,3500,3500,0,9.761719703674316,34166.01896286011,10.24980568885803,0.0,filled
692,2023-04-03,SH603030,buy,open,865200,865200,0,2.2189509868621826,1919836.3938331604,575.950918149948,0.0,filled
693,2023-04-03,SZ002816,buy,open,27000,27000,0,13.071142196655273,352920.8393096924,105.87625179290771,0.0,filled
694,2023-04-03,SH688565,buy,open,16000,16000,0,8.38965129852295,134234.4207763672,40.27032623291015,0.0,filled
695,2023-04-03,SH603709,buy,open,114800,114800,0,16.71763801574707,1919184.8442077637,575.7554532623291,0.0,filled
696,2023-04-03,SZ002652,buy,open,724400,724400,0,2.650137186050415,1919759.3775749207,575.9278132724761,0.0,filled
697,2023-04-03,SH688215,buy,open,1400,1400,0,33.66893005371094,47136.50207519531,14.140950622558593,0.0,filled
698,2023-04-03,SZ002856,buy,open,188300,187100,1200,10.189335823059082,1906424.7324943542,571.9274197483062,0.0,partial_volume_or_cash
699,2023-05-04,SH603030,sell,open,865200,0,865200,,0.0,0.0,0.0,missing_open
700,2023-05-04,SH603709,sell,open,3200,3200,0,16.271730422973633,52069.537353515625,15.620861206054686,52.06953735351563,filled
701,2023-05-04,SH688215,sell,open,57000,57000,0,33.00761032104492,1881433.7882995605,564.4301364898681,1881.4337882995605,filled
702,2023-05-04,SH688701,sell,open,10900,10900,0,8.602359771728516,93765.72151184082,28.129716453552245,93.76572151184082,filled
703,2023-05-04,SZ002652,sell,open,22700,22700,0,2.5898683071136475,58790.0105714798,17.637003171443936,58.7900105714798,filled
704,2023-05-04,SZ002816,sell,open,146800,146800,0,9.799942016601562,1438631.4880371094,431.58944641113277,1438.6314880371094,filled
705,2023-05-04,SZ002856,sell,open,1100,1100,0,9.762680053710938,10738.948059082031,5.0,10.738948059082032,filled
706,2023-05-04,SZ300478,sell,open,7000,7000,0,9.582780838012695,67079.46586608887,20.12383975982666,67.07946586608887,filled
707,2023-05-04,SZ300742,sell,open,222600,222600,0,7.598318576812744,1691385.7151985168,507.415714559555,1691.385715198517,filled
708,2023-05-04,SH688565,buy,open,3600,3600,0,7.819428443908691,28149.94239807129,8.444982719421386,0.0,filled
709,2023-05-04,SZ300169,buy,open,453200,453200,0,4.010015487670898,1817339.0190124512,545.2017057037353,0.0,filled
710,2023-05-04,SH603389,buy,open,363100,363100,0,5.0040740966796875,1816979.3045043945,545.0937913513183,0.0,filled
711,2023-05-04,SZ300417,buy,open,187500,167500,20000,9.690895080566406,1623224.925994873,486.96747779846186,0.0,partial_volume_or_cash
712,2023-05-04,SH603729,buy,open,127400,0,127400,,0.0,0.0,0.0,insufficient_cash
713,2023-06-01,SH603030,sell,open,865200,865200,0,1.8703246116638184,1618204.8540115356,485.46145620346067,1618.2048540115356,filled
714,2023-06-01,SH603389,sell,open,8800,8800,0,5.144187927246094,45268.853759765625,13.580656127929686,45.268853759765626,filled
715,2023-06-01,SH603709,sell,open,3200,3200,0,16.80788230895996,53785.223388671875,16.135567016601563,53.785223388671874,filled
716,2023-06-01,SH688565,sell,open,8900,8900,0,8.1552734375,72581.93359375,21.774580078125,72.58193359375001,filled
717,2023-06-01,SH688701,sell,open,12900,12900,0,9.189282417297363,118541.74318313599,35.562522954940796,118.54174318313599,filled
718,2023-06-01,SZ002856,sell,open,4200,4200,0,10.018488883972168,42077.653312683105,12.62329599380493,42.077653312683104,filled
719,2023-06-01,SZ300169,sell,open,5400,5400,0,4.07028865814209,21979.558753967285,6.593867626190185,21.979558753967286,filled
720,2023-06-01,SZ300417,sell,open,167500,167500,0,10.381819725036621,1738954.803943634,521.6864411830902,1738.954803943634,filled
721,2023-06-01,SZ300478,buy,open,4700,4700,0,9.381248474121094,44091.86782836914,13.22756034851074,0.0,filled
722,2023-06-01,SZ002652,buy,open,7400,7400,0,2.5705440044403076,19022.025632858276,5.706607689857482,0.0,filled
723,2023-06-01,SZ000691,buy,open,443700,443700,0,4.108310222625732,1822857.2457790375,546.8571737337112,0.0,filled
724,2023-06-01,SZ000702,buy,open,360200,359700,500,5.059729099273682,1819984.5570087433,545.9953671026229,0.0,partial_volume_or_cash
