trade_date,event,symbol,amount,cash_after
,initial_cash,,10000000.0,10000000.0
2019-01-02,buy,SZ002072,-1000208.2706003952,8999791.729399605
2019-01-02,buy,SZ002200,-999766.8302818394,8000024.899117765
2019-01-02,buy,SZ300029,-1000003.2849211693,7000021.614196596
2019-01-02,buy,SZ300069,-1000150.2560699082,5999871.358126688
2019-01-02,buy,SZ300106,-999851.8420352697,5000019.516091418
2019-01-02,buy,SZ300321,-999196.2658876419,4000823.2502037766
2019-01-02,buy,SZ300354,-999793.9325835228,3001029.317620254
2019-01-02,buy,SZ300405,-1000002.4994778585,2001026.8181423955
2019-01-02,buy,SZ300489,-1000274.1854494858,1000752.6326929097
2019-01-02,buy,SZ300592,-999666.4480796527,1086.184613256948
2019-02-01,sell,SZ300069,1004803.364825964,1005889.5494392209
2019-02-01,sell,SZ300106,41361.49286155701,1047251.042300778
2019-02-01,sell,SZ300321,29119.32407283783,1076370.3663736158
2019-02-01,sell,SZ300354,999370.9882284164,2075741.3546020323
2019-02-01,sell,SZ300489,26292.349302721024,2102033.7039047536
2019-02-01,buy,SZ002072,-163368.3297826624,1938665.374122091
2019-02-01,buy,SZ002200,-1058.8101196289062,1937606.5640024622
2019-02-01,buy,SZ002633,-939737.3490820122,997869.21492045
2019-02-01,buy,SZ002890,-939874.4602866555,57994.75463379454
2019-02-01,buy,SZ300029,-25113.779633193015,32880.975000601524
2019-02-01,buy,SZ300405,-13154.803161621094,19726.17183898043
2019-02-01,buy,SZ300592,-19235.76205516815,490.4097838122798
2019-03-01,sell,SZ002072,126630.20624509334,127120.61602890563
2019-03-01,sell,SZ002890,1130048.0503071214,1257168.666336027
2019-03-01,sell,SZ300029,30897.07066672325,1288065.7370027502
2019-03-01,buy,SH600306,-1147783.0438995361,140282.69310321403
2019-03-01,buy,SZ002200,-22696.188795490263,117586.50430772376
2019-03-01,buy,SZ002633,-20066.173056726457,97520.3312509973
2019-03-01,buy,SZ300106,-31959.95494585037,65560.37630514693
2019-03-01,buy,SZ300321,-18241.76782893181,47318.608476215115
2019-03-01,buy,SZ300405,-11605.238990783691,35713.36948543142
2019-03-01,buy,SZ300489,-27787.76335995674,7925.606125474682
2019-03-01,buy,SZ300592,-5083.5346031188965,2842.0715223557854
2019-04-01,sell,SZ002633,1409498.683020544,1412340.7545428998
2019-04-01,sell,SZ300029,17724.520102787017,1430065.2746456868
2019-04-01,sell,SZ300321,1256439.151051655,2686504.4256973416
2019-04-01,sell,SZ300489,60544.160528812405,2747048.586226154
2019-04-01,sell,SZ300592,33027.04164945603,2780075.6278756103
2019-04-01,buy,SH600306,-44631.69661241531,2735443.931263195
2019-04-01,buy,SZ002072,-195422.4857918644,2540021.4454713305
2019-04-01,buy,SZ002200,-6858.83939743042,2533162.6060739
2019-04-01,buy,SZ300106,-13299.111251831055,2519863.494822069
2019-04-01,buy,SZ300405,-11639.03868675232,2508224.4561353168
2019-04-01,buy,SZ300665,-1254672.599317932,1253551.8568173847
2019-04-01,buy,SZ300680,-1252992.9743733788,558.8824440059252
2019-05-06,sell,SH600306,1150991.6639563323,1151550.5464003382
2019-05-06,sell,SZ002200,1334483.1099919796,2486033.6563923177
2019-05-06,sell,SZ300106,1275707.6779306126,3761741.3343229303
2019-05-06,sell,SZ300405,2064430.7710128021,5826172.105335733
2019-05-06,sell,SZ300489,1377022.5497005177,7203194.65503625
2019-05-06,sell,SZ300680,1290915.0624102403,8494109.717446491
2019-05-06,buy,SH603029,-1285696.8302294253,7208412.887217065
2019-05-06,buy,SH603269,-1285903.3837425995,5922509.503474466
2019-05-06,buy,SH603286,-1285504.5491088675,4637004.954365598
2019-05-06,buy,SZ002890,-1285423.1659823798,3351581.7883832185
2019-05-06,buy,SZ300029,-156038.429235816,3195543.3591474025
2019-05-06,buy,SZ300321,-1285351.577167511,1910191.7819798915
2019-05-06,buy,SZ300354,-1285988.5220388793,624203.2599410121
2019-05-06,buy,SZ300442,-623799.6055479955,403.65439301659353
2019-06-03,sell,SZ002072,1054451.1859063338,1054854.8402993504
2019-06-03,sell,SZ300029,161536.15846600055,1216390.998765351
2019-06-03,sell,SZ300321,1331681.4966487885,2548072.4954141397
2019-06-03,sell,SZ300354,1523039.3911364365,4071111.8865505764
2019-06-03,sell,SZ300442,654002.0514269399,4725113.937977516
2019-06-03,buy,SH600306,-1394541.5724574851,3330572.365520031
2019-06-03,buy,SH603029,-80682.89330649376,3249889.4722135374
2019-06-03,buy,SH603269,-116486.86543430328,3133402.606779234
2019-06-03,buy,SH603286,-42682.55457294464,3090720.0522062895
2019-06-03,buy,SZ000691,-1394623.7612989426,1696096.2909073469
2019-06-03,buy,SZ000835,-1394633.4840635299,301462.806843817
2019-06-03,buy,SZ002473,-301135.51390800474,327.29293581226375
2019-07-01,sell,SH603029,16726.055354118347,17053.34828993061
2019-07-01,sell,SH603269,23896.832712764743,40950.18100269535
2019-07-01,sell,SH603286,7855.825134754181,48806.006137449534
2019-07-01,sell,SZ000835,1476309.1486857892,1525115.1548232387
2019-07-01,sell,SZ300029,48482.859916391375,1573598.01473963
2019-07-01,buy,SZ000691,-25143.734515018463,1548454.2802246115
2019-07-01,buy,SZ002473,-1128251.655234375,420202.6249902365
2019-07-01,buy,SZ002890,-34923.03442188263,385279.59056835383
2019-07-01,buy,SZ300321,-384150.14929389954,1129.4412744542933
2019-07-01,buy,SZ300592,-1117.7354621887207,11.705812265572604
2019-08-01,sell,SH603029,1406699.740018072,1406711.4458303377
2019-08-01,sell,SH603269,1439746.1213270759,2846457.567157414
2019-08-01,sell,SH603286,1417711.3215695,4264168.888726914
2019-08-01,sell,SZ000691,36737.72833087921,4300906.617057794
2019-08-01,sell,SZ300029,6477.056396007538,4307383.673453801
2019-08-01,buy,SH600306,-225576.4711765957,4081807.2022772054
2019-08-01,buy,SZ002209,-1351628.6178888942,2730178.584388311
2019-08-01,buy,SZ002473,-12574.438934326172,2717604.145453985
2019-08-01,buy,SZ002633,-1351092.0896099852,1366512.0558439996
2019-08-01,buy,SZ002890,-6758.694629669189,1359753.3612143304
2019-08-01,buy,SZ300321,-975079.1825258732,384674.17868845724
2019-08-01,buy,SZ300592,-190710.88272479057,193963.29596366666
2019-08-01,buy,SZ300665,-193456.68474160193,506.61122206473374
2019-09-02,sell,SZ002473,86975.61699153899,87482.22821360372
2019-09-02,sell,SZ002890,17854.426935625077,105336.6551492288
2019-09-02,sell,SZ300029,15782.389661073685,121119.04481030248
2019-09-02,sell,SZ300592,1358662.7569978524,1479781.801808155
2019-09-02,buy,SH600306,-55716.03841186524,1424065.7633962897
2019-09-02,buy,SH603269,-1300474.0568867493,123591.70650954032
2019-09-02,buy,SZ000691,-9933.550148010254,113658.15636153007
2019-09-02,buy,SZ002209,-32447.451328668594,81210.70503286147
2019-09-02,buy,SZ002633,-74173.52998468399,7037.17504817748
2019-09-02,buy,SZ300665,-5043.962459564209,1993.2125886132708
2019-10-08,sell,SZ002209,44514.57026510239,46507.78285371566
2019-10-08,sell,SZ002473,1428902.8478166962,1475410.6306704117
2019-10-08,sell,SZ002633,41384.23471252441,1516794.865382936
2019-10-08,sell,SZ002890,1357319.4850395585,2874114.3504224946
2019-10-08,sell,SZ300321,1349686.7282597064,4223801.078682201
2019-10-08,buy,SH600306,-72191.37748046876,4151609.7012017323
2019-10-08,buy,SH603269,-1723.522071838379,4149886.179129894
2019-10-08,buy,SH603286,-1336307.0320823765,2813579.1470475174
2019-10-08,buy,SZ000679,-1336212.033651209,1477367.1133963084
2019-10-08,buy,SZ000691,-45119.89088882685,1432247.2225074815
2019-10-08,buy,SZ300029,-69575.12204836846,1362672.100459113
2019-10-08,buy,SZ300592,-1335849.5224913596,26822.5779677534
2019-10-08,buy,SZ300665,-26744.836163325308,77.74180442809302
2019-11-01,sell,SH603269,6967.57290725708,7045.314711685173
2019-11-01,sell,SH603286,1358751.8405814457,1365797.1552931308
2019-11-01,sell,SZ000679,1385679.2819024562,2751476.437195587
2019-11-01,sell,SZ300029,66449.28296284676,2817925.7201584335
2019-11-01,sell,SZ300592,1424494.7300857543,4242420.450244188
2019-11-01,buy,SH600306,-50441.39779369354,4191979.052450495
2019-11-01,buy,SH603991,-1349425.959580307,2842553.092870188
2019-11-01,buy,SZ000691,-17009.966509830952,2825543.126360357
2019-11-01,buy,SZ000835,-1349125.5426819206,1476417.5836784362
2019-11-01,buy,SZ000929,-1349149.396581435,127268.18709700112
2019-11-01,buy,SZ002209,-63069.65064657688,64198.53645042424
2019-11-01,buy,SZ002633,-63796.426679410935,402.10977101330354
2019-12-02,sell,SZ000835,1726636.6846855402,1727038.7944565534
2019-12-02,sell,SZ002209,1396439.8389970064,3123478.63345356
2019-12-02,sell,SZ300029,1303432.9947144126,4426911.628167973
2019-12-02,buy,SH600306,-4358.202438354492,4422553.425729618
2019-12-02,buy,SH603269,-111559.84894666672,4310993.576782952
2019-12-02,buy,SH603991,-68127.26188293457,4242866.314900017
2019-12-02,buy,SZ000691,-20032.548623056413,4222833.766276961
2019-12-02,buy,SZ000929,-99075.43810925484,4123758.3281677063
2019-12-02,buy,SZ002473,-1343718.1686550141,2780040.159512692
2019-12-02,buy,SZ002633,-53237.237753252986,2726802.921759439
2019-12-02,buy,SZ300362,-1344121.8623815347,1382681.0593779045
2019-12-02,buy,SZ300431,-1343974.4563222409,38706.60305566364
2019-12-02,buy,SZ300665,-38176.55268035889,530.0503753047524
2020-01-02,sell,SZ000691,18462.7685916996,18992.818967004354
2020-01-02,sell,SZ002473,1523018.6097767258,1542011.42874373
2020-01-02,sell,SZ002633,10259.853045654298,1552271.2817893843
2020-01-02,sell,SZ300431,42766.50219818115,1595037.7839875654
2020-01-02,sell,SZ300665,1444739.016578765,3039776.8005663306
2020-01-02,buy,SH600306,-30212.716721076966,3009564.0838452536
2020-01-02,buy,SH603269,-16856.70764102936,2992707.3762042243
2020-01-02,buy,SH603991,-12045.718841552734,2980661.6573626716
2020-01-02,buy,SZ000679,-1437829.7261456824,1542831.9312169892
2020-01-02,buy,SZ000929,-11836.694459915161,1530995.236757074
2020-01-02,buy,SZ300029,-1437652.7404925919,93342.49626448215
2020-01-02,buy,SZ300362,-93232.18132255078,110.31494193137041
2020-03-02,sell,SH603269,1373031.6067746733,1373141.9217166046
2020-03-02,sell,SH603991,40371.508209056854,1413513.4299256615
2020-03-02,sell,SZ000679,46420.990622448924,1459934.4205481105
2020-03-02,sell,SZ000691,1303938.4944651818,2763872.9150132923
2020-03-02,sell,SZ000929,18519.32767868042,2782392.2426919728
2020-03-02,sell,SZ002633,1326846.7575336313,4109239.000225604
2020-03-02,sell,SZ300029,43352.35916061401,4152591.3593862182
2020-03-02,buy,SH600241,-1258323.3982086182,2894267.9611776
2020-03-02,buy,SH600306,-97995.64592310906,2796272.315254491
2020-03-02,buy,SH600561,-1258637.156267309,1537635.1589871817
2020-03-02,buy,SZ300106,-1258114.6955180168,279520.4634691649
2020-03-02,buy,SZ300362,-143779.11303857804,135741.35043058687
2020-03-02,buy,SZ300431,-135639.37689006806,101.9735405188112
2020-04-01,sell,SH603991,1551914.9687333107,1552016.9422738296
2020-04-01,sell,SZ000929,1335514.8194682598,2887531.7617420894
2020-04-01,sell,SZ300029,1432567.513432617,4320099.275174706
2020-04-01,sell,SZ300106,1744459.9877271652,6064559.262901871
2020-04-01,buy,SH600241,-123158.4791549921,5941400.78374688
2020-04-01,buy,SH600306,-72808.16707611084,5868592.616670769
2020-04-01,buy,SH600561,-2958.034019470215,5865634.5826512985
2020-04-01,buy,SH600599,-1317519.5025916432,4548115.080059655
2020-04-01,buy,SH603389,-1317505.885808325,3230609.19425133
2020-04-01,buy,SZ000679,-105802.97790258407,3124806.216348746
2020-04-01,buy,SZ000691,-1317423.6994948625,1807382.5168538834
2020-04-01,buy,SZ002633,-1317280.2209383107,490102.2959155727
2020-04-01,buy,SZ300362,-260670.17341020584,229432.12250536683
2020-04-01,buy,SZ300431,-229214.55761459112,217.56489077571314
2020-05-06,sell,SH600241,1068753.2597832442,1068970.82467402
2020-05-06,sell,SH600561,48594.31523488999,1117565.13990891
2020-05-06,sell,SH603389,1106760.109233756,2224325.2491426663
2020-05-06,sell,SZ000679,1088498.6214430332,3312823.8705856996
2020-05-06,sell,SZ000691,1565267.0845907163,4878090.955176416
2020-05-06,sell,SZ002633,50237.01699256897,4928327.972168985
2020-05-06,buy,SH600599,-4822.307281494141,4923505.664887491
2020-05-06,buy,SZ000835,-1180046.8475925303,3743458.8172949604
2020-05-06,buy,SZ000929,-1180175.844075966,2563282.973218994
2020-05-06,buy,SZ002071,-1180099.8205852986,1383183.1526336956
2020-05-06,buy,SZ002209,-1180091.5850450038,203091.56758869183
2020-05-06,buy,SZ300029,-202865.02907868862,226.53851000321447
2020-06-01,sell,SZ000929,1250561.9691420365,1250788.5076520396
2020-06-01,sell,SZ002071,395293.4146380329,1646081.9222900725
2020-06-01,buy,SH600561,-100379.14312170983,1545702.7791683627
2020-06-01,buy,SZ000835,-31349.994848241808,1514352.784320121
2020-06-01,buy,SZ002209,-33371.48152542114,1480981.3027946998
2020-06-01,buy,SZ002633,-24831.398906707764,1456149.903887992
2020-06-01,buy,SZ300029,-1062321.3211243963,393828.58276359574
2020-06-01,buy,SZ300090,-393809.79714419454,18.785619401198346
2020-07-01,sell,SH600306,1373357.327910447,1373376.1135298482
2020-07-01,sell,SH600561,112183.06696818353,1485559.1804980317
2020-07-01,sell,SH600599,1005588.3297528361,2491147.510250868
2020-07-01,sell,SZ002209,120110.32384148598,2611257.834092354
2020-07-01,sell,SZ002633,92051.92060275078,2703309.754695105
2020-07-01,sell,SZ300029,95739.05976882935,2799048.8144639344
2020-07-01,buy,SH600768,-1189127.4896406936,1609921.3248232407
2020-07-01,buy,SH603269,-1189314.7089518737,420606.61587136704
2020-07-01,buy,SZ000929,-419992.39822494506,614.217646421981
2020-07-01,buy,SZ300405,-442.6883029937744,171.52934342820663
2020-08-03,sell,SH600561,1294318.4213717221,1294489.9507151502
2020-08-03,sell,SH600768,1325169.214815674,2619659.165530824
2020-08-03,sell,SH603269,1324418.8903139879,3944078.0558448117
2020-08-03,sell,SZ000835,882482.5647341323,4826560.620578944
2020-08-03,sell,SZ002071,821878.5451945781,5648439.165773522
2020-08-03,sell,SZ002209,84733.90600762368,5733173.071781145
2020-08-03,sell,SZ002633,72937.7142159462,5806110.785997092
2020-08-03,sell,SZ300029,226893.7529112625,6033004.538908354
2020-08-03,sell,SZ300090,180688.79476129063,6213693.333669645
2020-08-03,sell,SZ300405,491.7631194114685,6214185.096789056
2020-08-03,buy,SH600365,-1224080.0434853197,4990105.053303737
2020-08-03,buy,SZ000502,-1224075.5886094093,3766029.4646943277
2020-08-03,buy,SZ000929,-762766.6514198113,3003262.8132745163
2020-08-03,buy,SZ300312,-1223831.0280730056,1779431.7852015106
2020-08-03,buy,SZ300535,-1223682.9631132507,555748.82208826
2020-08-03,buy,SZ300665,-555056.1506762648,692.6714119951939
2020-09-01,sell,SH600365,1040762.5459958196,1041455.2174078148
2020-09-01,sell,SZ000502,95505.69882957458,1136960.9162373894
2020-09-01,sell,SZ000929,27224.1800642252,1164185.0963016145
2020-09-01,sell,SZ002633,66827.19765426635,1231012.293955881
2020-09-01,sell,SZ300312,1620620.4375897218,2851632.731545603
2020-09-01,sell,SZ300535,29699.895023574827,2881332.626569178
2020-09-01,buy,SH600520,-1314247.4095313645,1567085.2170378135
2020-09-01,buy,SH600561,-1314669.5558096599,252415.66122815362
2020-09-01,buy,SH600768,-251428.40577789306,987.2554502605635
2020-09-01,buy,SZ002209,-719.1603946685791,268.0950555919844
2020-10-09,sell,SH600520,13105.641798400879,13373.736853992863
2020-10-09,sell,SH600561,43561.7590850687,56935.49593906156
2020-10-09,sell,SZ000502,1247271.86964818,1304207.3655872415
2020-10-09,sell,SZ000929,1392597.0070234681,2696804.3726107096
2020-10-09,sell,SZ002209,38627.497037057874,2735431.8696477674
2020-10-09,sell,SZ300535,1390089.1097296143,4125520.9793773815
2020-10-09,buy,SH600768,-954743.0180651093,3170777.961312272
2020-10-09,buy,SH603029,-1183623.5587213326,1987154.4025909395
2020-10-09,buy,SH603269,-1183680.127238617,803474.2753523225
2020-10-09,buy,SH603286,-803376.3623794556,97.91297286690678
2020-11-02,sell,SH600561,1287784.3155011844,1287882.2284740512
2020-11-02,sell,SH603269,1169895.189394226,2457777.417868277
2020-11-02,sell,SH603286,801047.497259674,3258824.915127951
2020-11-02,sell,SZ002209,1279330.4966206455,4538155.4117485965
2020-11-02,sell,SZ002633,3531.94946975708,4541687.361218354
2020-11-02,sell,SZ300029,950600.0508656502,5492287.412084004
2020-11-02,sell,SZ300431,148011.33543015452,5640298.7475141585
2020-11-02,sell,SZ300665,661593.6446050644,6301892.392119223
2020-11-02,buy,SH600355,-1196491.0292883515,5105401.362830872
2020-11-02,buy,SH600506,-1196569.6874507524,3908831.675380119
2020-11-02,buy,SH600520,-112711.39412426949,3796120.2812558496
2020-11-02,buy,SH600768,-54194.03443937302,3741926.246816477
2020-11-02,buy,SH600778,-1196328.3233495236,2545597.9234669534
2020-11-02,buy,SH603029,-65026.57781393051,2480571.345653023
2020-11-02,buy,SH603958,-1196381.8494008447,1284189.4962521784
2020-11-02,buy,SZ000695,-1196239.6620297194,87949.834222459
2020-11-02,buy,SZ000702,-87895.91013922691,53.924083232093835
2020-12-01,sell,SH600506,1267482.7219267273,1267536.6460099595
2020-12-01,sell,SH600768,19815.432983207702,1287352.0789931673
2020-12-01,sell,SH603958,1446388.986221552,2733741.065214719
2020-12-01,sell,SZ000695,1252131.2722938538,3985872.337508573
2020-12-01,sell,SZ000702,96409.72864594459,4082282.0661545177
2020-12-01,buy,SH600355,-16361.927108764648,4065920.139045753
2020-12-01,buy,SH600520,-19336.220812678337,4046583.9182330747
2020-12-01,buy,SH600561,-1250776.7504137517,2795807.167819323
2020-12-01,buy,SH600778,-22052.576313171387,2773754.5915061515
2020-12-01,buy,SH603029,-8021.174793243408,2765733.416712908
2020-12-01,buy,SH603269,-1250563.7065354728,1515169.7101774353
2020-12-01,buy,SZ000502,-1250427.796939373,264741.9132380623
2020-12-01,buy,SZ002633,-118911.97877458572,145829.9344634766
2020-12-01,buy,SZ300478,-145774.9163348007,55.01812867587432
2021-01-04,sell,SH603269,1129626.0336105537,1129681.0517392296
2021-01-04,sell,SZ000502,1495326.2324652672,2625007.284204497
2021-01-04,buy,SH600355,-60180.764845883845,2564826.519358613
2021-01-04,buy,SH600455,-1156711.9647915459,1408114.5545670672
2021-01-04,buy,SH600520,-56457.574931163785,1351656.9796359034
2021-01-04,buy,SH600561,-29447.031552343367,1322209.94808356
2021-01-04,buy,SH600615,-1156102.6161825657,166107.3319009943
2021-01-04,buy,SH600768,-49187.658366088865,116919.67353490542
2021-01-04,buy,SH600778,-44422.055892534256,72497.61764237116
2021-01-04,buy,SH603029,-71527.39660766601,970.2210347051441
2021-01-04,buy,SZ002633,-726.1230754852295,244.09795921991463
2021-02-01,sell,SH600455,1002726.9050444412,1002971.0030036612
2021-02-01,sell,SH600520,1115631.5885181427,2118602.5915218038
2021-02-01,sell,SH600561,958336.3148977661,3076938.9064195696
2021-02-01,sell,SH600615,925121.8257018328,4002060.7321214024
2021-02-01,sell,SH600768,2273.0257947444916,4004333.757916147
2021-02-01,buy,SH600355,-72373.17896424294,3931960.578951904
2021-02-01,buy,SH600766,-997963.2896947383,2933997.289257166
2021-02-01,buy,SH600778,-35310.262123804096,2898687.027133362
2021-02-01,buy,SH603029,-7662.404613494873,2891024.622519867
2021-02-01,buy,SZ000007,-998102.4769795919,1892922.1455402751
2021-02-01,buy,SZ002633,-116272.31291532039,1776649.8326249546
2021-02-01,buy,SZ002862,-998277.1752025414,778372.6574224132
2021-02-01,buy,SZ300478,-777777.3163890172,595.3410333960783
2021-03-01,sell,SZ000007,1558613.3498941897,1559208.6909275858
2021-03-01,sell,SZ002862,1184885.3924163436,2744094.0833439296
2021-03-01,buy,SH600355,-64541.06347467422,2679553.0198692554
2021-03-01,buy,SH600520,-1125918.9939187146,1553634.0259505408
2021-03-01,buy,SH600768,-130399.59761064529,1423234.4283398956
2021-03-01,buy,SH600778,-41629.78379263878,1381604.6445472569
2021-03-01,buy,SH603029,-119246.43462629318,1262358.2099209637
2021-03-01,buy,SH603269,-1126330.780759239,136027.42916172463
2021-03-01,buy,SH603813,-135590.3704170227,437.0587447019352
2021-04-01,sell,SH600355,34992.93097178936,35429.9897164913
2021-04-01,sell,SH600766,11623.589853382111,47053.57956987341
2021-04-01,sell,SH600768,91340.54829265593,138394.12786252933
2021-04-01,sell,SH600778,1133990.7109926224,1272384.8388551518
2021-04-01,sell,SH603029,1235441.8380477906,2507826.6769029424
2021-04-01,sell,SH603269,1138034.7270950316,3645861.403997974
2021-04-01,sell,SH603813,143864.31337451935,3789725.7173724934
2021-04-01,buy,SH600520,-40317.53401361942,3749408.1833588737
2021-04-01,buy,SH600701,-305857.9091292953,3443550.274229578
2021-04-01,buy,SH600891,-96759.32564282566,3346790.9485867526
2021-04-01,buy,SZ000609,-1132944.4054201841,2213846.5431665685
2021-04-01,buy,SZ002633,-60256.97900938988,2153589.5641571786
2021-04-01,buy,SZ300478,-264566.63676029205,1889022.9273968865
2021-04-01,buy,SZ300736,-1132634.1343253136,756388.7930715729
2021-04-26,delisting,SH600701,507240.0201559067,1263628.8132274796
2021-04-30,delisting,SH600891,89869.99887228012,1353498.8120997597
2021-05-06,sell,SH600520,8774.702757835388,1362273.514857595
2021-05-06,sell,SZ002633,86457.77114137172,1448731.2859989668
2021-05-06,sell,SZ300478,18726.201318140033,1467457.487317107
2021-05-06,sell,SZ300736,21344.41653316498,1488801.9038502718
2021-05-06,buy,SH600355,-5087.166028022766,1483714.737822249
2021-05-06,buy,SH600455,-1111383.5851615905,372331.1526606586
2021-05-06,buy,SH600768,-11219.853477478027,361111.29918318056
2021-05-06,buy,SH603029,-360441.13518890383,670.1639942767215
2021-06-01,sell,SH600355,1287216.2772793937,1287886.4412736704
2021-06-01,sell,SH600766,918254.1520397544,2206140.593313425
2021-06-01,sell,SZ000609,770271.832804656,2976412.426118081
2021-06-01,sell,SZ300478,34530.55957614899,3010942.98569423
2021-06-01,sell,SZ300736,1721207.1987744425,4732150.184468673
2021-06-01,buy,SH600455,-54489.8241765976,4677660.360292075
2021-06-01,buy,SH600520,-5115.831928253174,4672544.528363822
2021-06-01,buy,SH600561,-1206507.1684952355,3466037.3598685865
2021-06-01,buy,SH600768,-57147.96610276222,3408889.3937658244
2021-06-01,buy,SH603029,-841715.1585424804,2567174.235223344
2021-06-01,buy,SH603269,-1206285.636277151,1360888.598946193
2021-06-01,buy,SH603389,-1206506.0588484765,154382.5400977165
2021-06-01,buy,SH603813,-153064.43697727204,1318.103120444459
2021-06-01,buy,SZ002633,-700.2601909637451,617.8429294807138
2021-07-01,sell,SH600520,1570431.4141545868,1571049.2570840674
2021-07-01,sell,SH603389,13138.614316558838,1584187.8714006264
2021-07-01,buy,SH600455,-91582.01291090011,1492605.8584897262
2021-07-01,buy,SH600561,-67710.15552062512,1424895.702969101
2021-07-01,buy,SH600768,-40106.43359120369,1384789.2693778973
2021-07-01,buy,SH603029,-2996.4758682250977,1381792.7935096722
2021-07-01,buy,SH603269,-32490.216706466676,1349302.5768032055
2021-07-01,buy,SH603813,-1132056.2985586165,217246.278244589
2021-07-01,buy,SZ002633,-10746.63236618042,206499.64587840857
2021-07-01,buy,SZ300478,-24687.622189826965,181812.0236885816
2021-08-02,sell,SH600455,13485.291065979003,195297.3147545606
2021-08-02,sell,SH600561,57848.947457799906,253146.2622123605
2021-08-02,sell,SH600768,155887.3667873955,409033.628999756
2021-08-02,sell,SH603029,63410.95011048317,472444.57911023917
2021-08-02,sell,SH603269,41882.11010574818,514326.68921598734
2021-08-02,sell,SH603389,57667.270569334025,571993.9597853214
2021-08-02,sell,SZ002633,23994.88789637089,595988.8476816922
2021-08-02,sell,SZ300362,598539.8870617658,1194528.734743458
2021-08-02,sell,SZ300478,1204384.2963523865,2398913.0310958447
2021-08-02,buy,SH603813,-9646.316223144531,2389266.7148727
2021-08-02,buy,SZ000702,-1194022.1807979583,1195244.5340747419
2021-08-02,buy,SZ002830,-1193570.1501832104,1674.383891531499
2021-09-01,sell,SH600455,13306.975678634644,14981.359570166143
2021-09-01,sell,SH600561,1486202.2521171141,1501183.6116872802
2021-09-01,sell,SH603029,1315537.5812860678,2816721.1929733483
2021-09-01,sell,SH603269,26699.693364229202,2843420.8863375774
2021-09-01,sell,SH603389,1361868.160297823,4205289.0466354005
2021-09-01,sell,SZ002830,1336957.425872612,5542246.472508012
2021-09-01,buy,SH600768,-116229.89787948609,5426016.574628526
2021-09-01,buy,SH603709,-1333469.0109980775,4092547.5636304487
2021-09-01,buy,SH603813,-17287.957182016373,4075259.6064484324
2021-09-01,buy,SZ000702,-64646.86712931633,4010612.739319116
2021-09-01,buy,SZ002417,-1333509.034789028,2677103.7045300878
2021-09-01,buy,SZ002633,-15282.96049118042,2661820.7440389073
2021-09-01,buy,SZ002836,-1333430.7748812533,1328389.969157654
2021-09-01,buy,SZ300478,-1327970.7783704854,419.19078716868535
2021-10-08,sell,SH600455,57038.62062778473,57457.811414953416
2021-10-08,sell,SH603269,1341045.7863747596,1398503.597789713
2021-10-08,sell,SH603709,20607.151147184373,1419110.7489368974
2021-10-08,sell,SH603813,20674.307592315676,1439785.056529213
2021-10-08,sell,SZ000702,47399.16184837818,1487184.218377591
2021-10-08,sell,SZ002417,1228259.1557812358,2715443.3741588267
2021-10-08,sell,SZ002836,1307689.3993379974,4023132.7734968243
2021-10-08,buy,SH600520,-1276640.3554806232,2746492.418016201
2021-10-08,buy,SH600768,-60128.0038469696,2686364.4141692314
2021-10-08,buy,SH603029,-1276609.245782013,1409755.1683872184
2021-10-08,buy,SZ002209,-1277219.846941023,132535.32144619548
2021-10-08,buy,SZ002633,-27868.90198638916,104666.41945980632
2021-10-08,buy,SZ300478,-104396.64649605751,269.77296374880825
2021-11-01,sell,SH600768,23182.357656669617,23452.130620418426
2021-11-01,sell,SH603709,1205928.8727796555,1229381.0034000739
2021-11-01,sell,SZ300478,1525932.8297412873,2755313.8331413614
2021-11-01,buy,SH600455,-14683.038024902344,2740630.795116459
2021-11-01,buy,SH600520,-48206.254223270415,2692424.5408931887
2021-11-01,buy,SH603029,-46831.89127052307,2645592.6496226657
2021-11-01,buy,SH603813,-12480.711822509766,2633111.937800156
2021-11-01,buy,SZ000702,-7012.540130615234,2626099.3976695407
2021-11-01,buy,SZ002209,-110584.16751700401,2515515.2301525366
2021-11-01,buy,SZ002417,-1244958.089922409,1270557.1402301276
2021-11-01,buy,SZ002633,-25175.461187529563,1245381.679042598
2021-11-01,buy,SZ002830,-1244727.2482907868,654.4307518112473
2021-12-01,sell,SH600455,1526180.9587495422,1526835.3895013535
2021-12-01,sell,SH600520,1533431.8124230956,3060267.201924449
2021-12-01,sell,SH600768,15099.655615234375,3075366.857539683
2021-12-01,sell,SZ002830,1372496.6524857332,4447863.5100254165
2021-12-01,buy,SH600561,-1403602.5330620622,3044260.9769633543
2021-12-01,buy,SH603029,-14357.847862243652,3029903.1291011106
2021-12-01,buy,SH603709,-1403466.6866658402,1626436.4424352704
2021-12-01,buy,SH603813,-51515.590613765715,1574920.8518215048
2021-12-01,buy,SZ000702,-45886.72636688232,1529034.1254546226
2021-12-01,buy,SZ002209,-67846.41002111435,1461187.7154335082
2021-12-01,buy,SZ002417,-12830.0,1448357.7154335082
2021-12-01,buy,SZ002633,-48572.35103414536,1399785.3643993628
2021-12-01,buy,SZ300478,-1398967.6677635193,817.6966358434875
2022-01-04,sell,SH600561,1528790.1906496095,1529607.887285453
2022-01-04,sell,SH603813,1695733.1480835914,3225341.035369044
2022-01-04,sell,SZ002209,34459.822167634964,3259800.857536679
2022-01-04,sell,SZ002633,25640.245470142363,3285441.1030068216
2022-01-04,buy,SH600768,-87981.39100269317,3197459.7120041284
2022-01-04,buy,SH600778,-1508415.7175508118,1689043.9944533166
2022-01-04,buy,SH603029,-23843.853166713714,1665200.141286603
2022-01-04,buy,SH603389,-1508316.5887095213,156883.5525770816
2022-01-04,buy,SH603709,-23699.142522583006,133184.41005449858
2022-01-04,buy,SZ000702,-39509.73607141018,93674.6739830884
2022-01-04,buy,SZ002417,-1534.4251918792725,92140.24879120913
2022-01-04,buy,SZ300478,-91647.79783058167,492.450960627466
2022-02-07,sell,SH600778,1466066.7570784378,1466559.2080390654
2022-02-07,sell,SZ300478,1620299.1818956663,3086858.3899347316
2022-02-07,buy,SH600768,-107654.51967924117,2979203.8702554903
2022-02-07,buy,SH603029,-56731.23879662514,2922472.631458865
2022-02-07,buy,SH603389,-76374.23405765534,2846098.3974012095
2022-02-07,buy,SH603709,-103608.01400024415,2742490.3834009655
2022-02-07,buy,SH603813,-1545904.4342425538,1196585.9491584117
2022-02-07,buy,SH688215,-1194232.84387722,2353.105281191645
2022-02-07,buy,SH688309,-1570.721321105957,782.3839600856882
2022-02-07,buy,SZ000702,-484.14342880249023,298.2405312831979
2022-03-01,sell,SH600768,95936.37258464812,96234.61311593132
2022-03-01,sell,SH603029,2068738.3981373976,2164973.011253329
2022-03-01,sell,SH603813,1720010.9043237304,3884983.9155770596
2022-03-01,sell,SZ002417,1668726.7611779594,5553710.6767550185
2022-03-01,buy,SH600778,-1636233.0845402146,3917477.592214804
2022-03-01,buy,SH603389,-47712.14813489914,3869765.444079905
2022-03-01,buy,SH603709,-36821.880424613955,3832943.5636552908
2022-03-01,buy,SH603958,-1636493.012138815,2196450.551516476
2022-03-01,buy,SH688215,-385386.1500183105,1811064.4014981654
2022-03-01,buy,SH688309,-1634114.3195618629,176950.0819363026
2022-03-01,buy,SZ000702,-73560.02077273368,103390.06116356891
2022-03-01,buy,SZ002209,-46554.31549957275,56835.74566399616
2022-03-01,buy,SZ002633,-56327.84165639877,507.90400759738986
2022-04-01,sell,SH600778,1803234.1421928406,1803742.046200438
2022-04-01,sell,SH603389,1728823.737879925,3532565.784080363
2022-04-01,sell,SZ000702,1783123.7137073565,5315689.49778772
2022-04-01,sell,SZ002209,1723250.6625566338,7038940.160344353
2022-04-01,sell,SZ002633,48658.271023750305,7087598.431368103
2022-04-01,buy,SH600455,-1660767.2299528313,5426831.201415272
2022-04-01,buy,SH600768,-116782.9298167324,5310048.27159854
2022-04-01,buy,SH603709,-54273.49686195373,5255774.774736587
2022-04-01,buy,SH603958,-9815.616493225098,5245959.158243362
2022-04-01,buy,SH688215,-103337.54828708648,5142621.609956276
2022-04-01,buy,SH688309,-156941.5666023445,4985680.043353931
2022-04-01,buy,SZ002417,-1662130.6622363091,3323549.381117622
2022-04-01,buy,SZ300478,-1662143.0959656143,1661406.2851520076
2022-04-01,buy,SZ300736,-1660609.2365546227,797.0485973849427
2022-05-05,sell,SH600455,22583.008506546023,23380.057103930965
2022-05-05,sell,SH600768,38057.377817230226,61437.43492116119
2022-05-05,sell,SH603709,104874.775110569,166312.21003173018
2022-05-05,sell,SH603958,16393.67199292183,182705.882024652
2022-05-05,sell,SH688309,1375441.8707658004,1558147.7527904524
2022-05-05,sell,SZ002417,789377.2863656615,2347525.0391561138
2022-05-05,sell,SZ300478,1600210.6816439438,3947735.7208000575
2022-05-05,sell,SZ300736,1385384.6896133423,5333120.410413399
2022-05-05,buy,SH600520,-1329170.6893413162,4003949.7210720833
2022-05-05,buy,SH603389,-1329365.3871298027,2674584.3339422806
2022-05-05,buy,SH688215,-5315.627365112305,2669268.7065771683
2022-05-05,buy,SZ002633,-14830.733184814453,2654437.973392354
2022-05-05,buy,SZ002856,-1328931.568573408,1325506.4048189458
2022-05-05,buy,SZ002862,-1324830.5565533638,675.8482655819971
2022-06-01,sell,SH600520,1489439.099519577,1490114.947785159
2022-06-01,sell,SZ002856,1958109.8837768268,3448224.831561986
2022-06-01,sell,SZ002862,1464474.9680900574,4912699.799652044
2022-06-01,buy,SH600455,-50322.95597602844,4862376.843676016
2022-06-01,buy,SH600768,-20748.922719182967,4841627.920956832
2022-06-01,buy,SH603389,-47829.33454065323,4793798.586416179
2022-06-01,buy,SH603709,-79075.31565018655,4714723.270765993
2022-06-01,buy,SH603958,-47281.28523406982,4667441.985531923
2022-06-01,buy,SH688215,-61607.37895339966,4605834.606578523
2022-06-01,buy,SH688555,-1529637.6466618252,3076196.959916698
2022-06-01,buy,SZ002633,-14372.481803894043,3061824.478112804
2022-06-01,buy,SZ300417,-1530354.0686467648,1531470.409466039
2022-06-01,buy,SZ300736,-1530012.8451136588,1457.5643523801118
2022-07-01,sell,SH603389,1699369.622589569,1700827.1869419492
2022-07-01,sell,SH603958,1583149.9837473393,3283977.1706892885
2022-07-01,sell,SH688215,3052.320935821533,3287029.49162511
2022-07-01,sell,SZ002633,1644878.1601312638,4931907.651756374
2022-07-01,sell,SZ300417,1585249.8647513867,6517157.516507761
2022-07-01,sell,SZ300736,7922.503861236572,6525080.020368997
2022-07-01,buy,SH600455,-65730.79234897613,6459349.228020021
2022-07-01,buy,SH600768,-41189.458558416365,6418159.769461605
2022-07-01,buy,SH603269,-1594251.979161854,4823907.790299751
2022-07-01,buy,SH603709,-14406.93977355957,4809500.850526191
2022-07-01,buy,SH603729,-1594303.6653097153,3215197.185216476
2022-07-01,buy,SH688555,-29907.26775302887,3185289.9174634474
2022-07-01,buy,SZ002209,-1594085.0139090014,1591204.903554446
2022-07-01,buy,SZ300779,-1590355.3784414672,849.5251129788812
2022-08-01,sell,SH600455,16970.845888824464,17820.371001803345
2022-08-01,sell,SH603269,1789855.139917946,1807675.5109197493
2022-08-01,sell,SH688215,6682.332920074463,1814357.8438398237
2022-08-01,sell,SZ002209,2011731.564440918,3826089.4082807414
2022-08-01,sell,SZ300779,1736943.4105316163,5563032.818812357
2022-08-01,buy,SH600768,-6941.0639572143555,5556091.754855143
2022-08-01,buy,SH603709,-98517.05693435669,5457574.697920786
2022-08-01,buy,SH603729,-44002.21314246178,5413572.484778324
2022-08-01,buy,SH603958,-1733868.975581312,3679703.509197012
2022-08-01,buy,SH688555,-134958.46159810066,3544745.0475989114
2022-08-01,buy,SZ002719,-1733968.6079706096,1810776.439628302
2022-08-01,buy,SZ300478,-1734352.6909420108,76423.74868629104
2022-08-01,buy,SZ300736,-76170.81306430817,252.9356219828769
2022-09-01,sell,SH600768,4023.3181896209717,4276.253811603849
2022-09-01,sell,SH603958,1932451.3419439315,1936727.5957555354
2022-09-01,sell,SZ002719,74390.85478441716,2011118.4505399526
2022-09-01,sell,SZ300736,1771049.1551585197,3782167.6056984724
2022-09-01,buy,SH600455,-68357.25410820007,3713810.3515902725
2022-09-01,buy,SH603709,-29490.49122253418,3684319.860367738
2022-09-01,buy,SH603729,-2883.242301940918,3681436.6180657973
2022-09-01,buy,SH688004,-1758522.9242085076,1922913.6938572896
2022-09-01,buy,SH688081,-1759982.4800240707,162931.2138332189
2022-09-01,buy,SH688215,-134775.0933297348,28156.120503484097
2022-09-01,buy,SH688555,-17804.424484186173,10351.696019297924
2022-09-01,buy,SZ300478,-5309.848194122314,5041.84782517561
2022-10-10,sell,SH600455,30176.0216217041,35217.86944687971
2022-10-10,sell,SH603709,28282.651570043563,63500.521016923274
2022-10-10,sell,SH688004,36212.17457084656,99712.69558776983
2022-10-10,sell,SH688215,8447.750374412537,108160.44596218238
2022-10-10,sell,SZ002719,17703.98180437088,125864.42776655326
2022-10-10,sell,SZ300478,1623136.5780140306,1749001.005780584
2022-10-10,buy,SH600768,-16952.499099493027,1732048.506681091
2022-10-10,buy,SH603729,-22827.622981681823,1709220.8836994092
2022-10-10,buy,SH688081,-36022.57702295303,1673198.3066764562
2022-10-10,buy,SH688096,-1573731.8599378585,99466.4467385977
2022-10-10,buy,SH688555,-95470.3608243084,3996.0859142893023
2022-11-01,sell,SH600455,32906.76269165039,36902.84860593969
2022-11-01,sell,SH688004,129746.66001663209,166649.50862257177
2022-11-01,sell,SH688081,1756910.6263403893,1923560.134962961
2022-11-01,sell,SH688096,1684029.859138012,3607589.994100973
2022-11-01,sell,SH688215,85333.3383052826,3692923.3324062554
2022-11-01,buy,SH600768,-72157.82573858261,3620765.5066676727
2022-11-01,buy,SH603709,-87752.56795131683,3533012.9387163557
2022-11-01,buy,SH603729,-81298.53147191048,3451714.4072444453
2022-11-01,buy,SH688555,-4909.703140258789,3446804.7041041865
2022-11-01,buy,SH688701,-1683248.7311008454,1763555.9730033411
2022-11-01,buy,SZ002719,-75359.20872463226,1688196.764278709
2022-11-01,buy,SZ300478,-1683578.0488263415,4618.71545236744
2022-12-01,sell,SH600455,78698.02935974121,83316.74481210865
2022-12-01,sell,SH600768,149222.19235198974,232538.93716409837
2022-12-01,sell,SH603709,174788.9134949112,407327.85065900953
2022-12-01,sell,SH603729,165136.92910600663,572464.7797650162
2022-12-01,sell,SH688215,44948.17161346435,617412.9513784805
2022-12-01,sell,SH688555,828503.3345958709,1445916.2859743515
2022-12-01,sell,SZ002719,157235.59307205677,1603151.8790464082
2022-12-01,sell,SZ300478,118993.7231127262,1722145.6021591343
2022-12-01,buy,SH688004,-35889.66076385498,1686255.9413952793
2022-12-01,buy,SH688701,-19116.979482841492,1667138.9619124378
2022-12-01,buy,SZ300899,-1661663.0016478729,5475.9602645649575
2023-01-03,sell,SH600455,1722660.6602657319,1728136.6205302968
2023-01-03,sell,SZ002719,3327465.228759327,5055601.849289624
2023-01-03,buy,SH600768,-168389.85231479644,4887211.996974828
2023-01-03,buy,SH603709,-172580.5992893982,4714631.397685429
2023-01-03,buy,SH603729,-151220.97734407426,4563410.420341355
2023-01-03,buy,SH688004,-190450.41327667236,4372960.007064682
2023-01-03,buy,SH688081,-1724838.538132782,2648121.4689319003
2023-01-03,buy,SH688215,-157459.70619712828,2490661.762734772
2023-01-03,buy,SH688701,-300482.85320651054,2190178.9095282615
2023-01-03,buy,SZ002816,-1724302.9154961968,465875.9940320647
2023-01-03,buy,SZ300478,-245290.91998090743,220585.07405115725
2023-01-03,buy,SZ300899,-218626.16998718263,1958.9040639746236
2023-02-01,sell,SH600768,2008152.709938755,2010111.6140027298
2023-02-01,sell,SH688004,14003.935415649414,2024115.549418379
2023-02-01,sell,SH688081,2232609.6101248167,4256725.159543196
2023-02-01,sell,SZ002816,1938060.0265564441,6194785.18609964
2023-02-01,buy,SH603709,-55377.09036054611,6139408.095739094
2023-02-01,buy,SH603729,-114752.4604574585,6024655.635281635
2023-02-01,buy,SH688067,-1933072.5579016113,4091583.077380024
2023-02-01,buy,SH688096,-1933792.6131402017,2157790.4642398222
2023-02-01,buy,SH688215,-3394.1998291015625,2154396.2644107207
2023-02-01,buy,SH688565,-1933925.1621245383,220471.10228618234
2023-02-01,buy,SH688701,-125323.14226945877,95147.96001672358
2023-02-01,buy,SZ300478,-72664.52601240158,22483.434004322
2023-02-01,buy,SZ300899,-21651.234480667114,832.1995236548864
2023-03-01,sell,SH603709,2117393.7562353513,2118225.955759006
2023-03-01,sell,SH688067,2126.8551542282103,2120352.8109132345
2023-03-01,buy,SH603729,-83627.55791218758,2036725.2530010468
2023-03-01,buy,SH688096,-24267.829427280427,2012457.4235737664
2023-03-01,buy,SH688215,-45472.447304763795,1966984.9762690025
2023-03-01,buy,SH688565,-40269.52428611755,1926715.451982885
2023-03-01,buy,SH688701,-43474.75755181313,1883240.6944310719
2023-03-01,buy,SZ002816,-1881897.674823761,1343.0196073108818
2023-03-01,buy,SZ002856,-1074.0954208374023,268.9241864734795
2023-04-03,sell,SH603729,2124354.165948429,2124623.090134903
2023-04-03,sell,SH688004,2585800.0523734475,4710423.14250835
2023-04-03,sell,SH688067,1991184.7032572937,6701607.845765644
2023-04-03,sell,SH688096,2028999.88154274,8730607.727308383
2023-04-03,sell,SZ300899,1941080.092000065,10671687.819308449
2023-04-03,buy,SH603030,-2013192.3216475248,8658495.497660924
2023-04-03,buy,SH603709,-2011735.1928503609,6646760.304810563
2023-04-03,buy,SH688215,-47150.64302581787,6599609.661784745
2023-04-03,buy,SH688565,-140149.20883833885,6459460.452946406
2023-04-03,buy,SH688701,-22476.43485502243,6436984.018091383
2023-04-03,buy,SZ002652,-2013117.9333404112,4423866.084750973
2023-04-03,buy,SZ002816,-292881.42328063963,4130984.661470333
2023-04-03,buy,SZ002856,-2011978.3039393043,2119006.357531029
2023-04-03,buy,SZ300478,-115222.84899110794,2003783.508539921
2023-04-03,buy,SZ300742,-2003695.2835082817,88.22503163921647
2023-05-04,sell,SH603709,53626.90467229843,53715.129703937644
2023-05-04,sell,SH688215,1967992.6155293654,2021707.745233303
2023-05-04,sell,SH688701,97939.41442588807,2119647.159659191
2023-05-04,sell,SZ002652,61558.735183882716,2181205.8948430736
2023-05-04,sell,SZ002816,1506250.4019557189,3687456.2967987927
2023-05-04,sell,SZ002856,23399.972567138673,3710856.2693659314
2023-05-04,sell,SZ300478,69863.35952733994,3780719.6288932716
2023-05-04,sell,SZ300742,1762794.7891665888,5543514.41805986
2023-05-04,buy,SH603389,-1905622.5239085387,3637891.8941513216
2023-05-04,buy,SH603729,-1904763.3047332764,1733128.5894180452
2023-05-04,buy,SH688565,-29722.74223527908,1703405.847182766
2023-05-04,buy,SZ300169,-1703163.371837883,242.47534488304518
2023-06-01,sell,SH603030,1694179.1230294704,1694421.5983743535
2023-06-01,sell,SH603389,54457.505119171146,1748879.1034935247
2023-06-01,sell,SH603709,63786.92183544159,1812666.0253289663
2023-06-01,sell,SH603729,1958984.1995404244,3771650.224869391
2023-06-01,sell,SH688565,82261.18297851563,3853911.4078479065
2023-06-01,sell,SH688701,130318.17617219925,3984229.5840201057
2023-06-01,sell,SZ002856,51027.87072695732,4035257.454747063
2023-06-01,buy,SZ000691,-1904773.048723483,2130484.40602358
2023-06-01,buy,SZ000702,-1904547.2528747034,225937.15314887674
2023-06-01,buy,SZ002652,-13371.8288230896,212565.32432578714
2023-06-01,buy,SZ300169,-175889.2209727478,36676.10335303933
2023-06-01,buy,SZ300478,-36597.845109786984,78.25824325234862
