observation_date,execution_date_local,execution_date_jq,universe_count_local,universe_count_jq,universe_count_difference,selected_local,selected_jq,selected_exact_match,selected_jaccard,target_weight_l1,risk_weight_local,risk_weight_jq
2014-01-03,2014-01-06,2014-01-06,8,8,0,159901.XSHE;159902.XSHE;159915.XSHE,159901.XSHE;159902.XSHE;159915.XSHE,True,1.0,0.0007515149126424148,0.8380095779068966,0.8382011123904798
2014-01-10,2014-01-13,2014-01-13,8,9,1,159902.XSHE;159915.XSHE,159902.XSHE;159915.XSHE,True,1.0,0.0003289861758615231,0.6500923012713298,0.6502567943592605
2014-01-17,2014-01-20,2014-01-20,8,9,1,159902.XSHE;159915.XSHE,159902.XSHE;159915.XSHE,True,1.0,0.0003118663435994762,0.6870518195323768,0.6872077527041766
2014-01-24,2014-01-27,2014-01-27,8,9,1,159902.XSHE;159915.XSHE,159902.XSHE;159915.XSHE,True,1.0,4.446764982124485e-05,0.696447798185879,0.6964255643609684
2014-01-30,2014-02-07,2014-02-07,8,9,1,159902.XSHE;159915.XSHE,159902.XSHE;159915.XSHE,True,1.0,4.6857299979441436e-05,0.7069602306337784,0.7069836592837682
2014-02-07,2014-02-10,2014-02-10,8,9,1,159902.XSHE;159915.XSHE,159902.XSHE;159915.XSHE,True,1.0,0.0003288809929293812,0.7064545498211502,0.7062901093246855
2014-02-14,2014-02-17,2014-02-17,8,9,1,159902.XSHE;159915.XSHE,159902.XSHE;159915.XSHE,True,1.0,0.00016664314846326356,0.6909238986317887,0.6908405770575571
2014-02-21,2014-02-24,2014-02-24,8,9,1,159902.XSHE;159915.XSHE,159902.XSHE;159915.XSHE,True,1.0,0.0002805828115965969,1.0,1.0
2014-02-28,2014-03-03,2014-03-03,8,9,1,159902.XSHE;159915.XSHE,159902.XSHE;159915.XSHE,True,1.0,0.0001403379987763298,1.0,1.0
2014-03-07,2014-03-10,2014-03-10,8,11,3,159902.XSHE;159915.XSHE,159902.XSHE;159915.XSHE,True,1.0,5.605032622479911e-07,1.0,1.0
2014-03-14,2014-03-17,2014-03-17,7,9,2,159915.XSHE,159915.XSHE,True,1.0,0.0,1.0,1.0
2014-03-21,2014-03-24,2014-03-24,7,9,2,159915.XSHE,159915.XSHE,True,1.0,0.0,1.0,1.0
2014-03-28,2014-03-31,2014-03-31,7,10,3,159915.XSHE,159915.XSHE,True,1.0,0.0,1.0,1.0
2014-04-04,2014-04-08,2014-04-08,7,9,2,159915.XSHE,159915.XSHE,True,1.0,0.0,1.0,1.0
2014-04-11,2014-04-14,2014-04-14,7,9,2,159915.XSHE,159915.XSHE,True,1.0,0.0,1.0,1.0
2014-04-18,2014-04-21,2014-04-21,7,9,2,159915.XSHE,159915.XSHE,True,1.0,0.0,1.0,1.0
2014-04-25,2014-04-28,2014-04-28,7,9,2,,,True,1.0,0.0,1.0,1.0
2014-04-30,2014-05-05,2014-05-05,7,9,2,159915.XSHE,159915.XSHE,True,1.0,0.0,1.0,1.0
2014-05-09,2014-05-12,2014-05-12,7,9,2,159915.XSHE,159915.XSHE,True,1.0,0.0,1.0,1.0
2014-05-16,2014-05-19,2014-05-19,7,8,1,159915.XSHE,159915.XSHE,True,1.0,0.0,1.0,1.0
2014-05-23,2014-05-26,2014-05-26,8,8,0,159915.XSHE,159915.XSHE,True,1.0,0.0,1.0,1.0
2014-05-30,2014-06-03,2014-06-03,7,7,0,159915.XSHE,159915.XSHE,True,1.0,0.0,1.0,1.0
2014-06-06,2014-06-09,2014-06-09,7,7,0,159915.XSHE,159915.XSHE,True,1.0,0.0,1.0,1.0
2014-06-13,2014-06-16,2014-06-16,7,7,0,159915.XSHE,159915.XSHE,True,1.0,0.0,1.0,1.0
2014-06-20,2014-06-23,2014-06-23,7,7,0,159915.XSHE,159915.XSHE,True,1.0,0.0,1.0,1.0
2014-06-27,2014-06-30,2014-06-30,7,7,0,159915.XSHE,159915.XSHE,True,1.0,0.0,1.0,1.0
2014-07-04,2014-07-07,2014-07-07,6,6,0,159902.XSHE;159915.XSHE;510050.XSHG,159902.XSHE;159915.XSHE;510050.XSHG,True,1.0,0.00028443176569581397,1.0,1.0
2014-07-11,2014-07-14,2014-07-14,6,6,0,159915.XSHE,159915.XSHE,True,1.0,0.0,1.0,1.0
2014-07-18,2014-07-21,2014-07-21,6,6,0,510050.XSHG,510050.XSHG,True,1.0,0.0,1.0,1.0
2014-07-25,2014-07-28,2014-07-28,7,7,0,159901.XSHE;510050.XSHG,159901.XSHE;510050.XSHG,True,1.0,0.0,1.0,1.0
2014-08-01,2014-08-04,2014-08-04,9,9,0,159915.XSHE;510050.XSHG;510500.XSHG,159915.XSHE;510050.XSHG;510500.XSHG,True,1.0,0.003088037787276676,1.0,1.0
2014-08-08,2014-08-11,2014-08-11,11,12,1,159901.XSHE;510050.XSHG;510500.XSHG,159901.XSHE;510050.XSHG;510500.XSHG,True,1.0,0.0077631779015324975,1.0,1.0
2014-08-15,2014-08-18,2014-08-18,12,12,0,510050.XSHG;510170.XSHG;510500.XSHG,159901.XSHE;510050.XSHG;510500.XSHG,False,0.5,0.6382863587193364,1.0,1.0
2014-08-22,2014-08-25,2014-08-25,11,12,1,159915.XSHE;510180.XSHG;510500.XSHG,159901.XSHE;510230.XSHG;510500.XSHG,False,0.2,1.248784425518706,1.0,1.0
2014-08-29,2014-09-01,2014-09-01,7,9,2,159915.XSHE;510180.XSHG;510500.XSHG,159901.XSHE;510180.XSHG;510500.XSHG,False,0.5,0.638062834564815,1.0,1.0
2014-09-05,2014-09-09,2014-09-09,8,8,0,159901.XSHE;510180.XSHG;510500.XSHG,159901.XSHE;510180.XSHG;510500.XSHG,True,1.0,0.010011352255198364,1.0,1.0
2014-09-12,2014-09-15,2014-09-15,8,8,0,159901.XSHE;510180.XSHG;510500.XSHG,159901.XSHE;510180.XSHG;510500.XSHG,True,1.0,0.010345531324673612,1.0,1.0
2014-09-19,2014-09-22,2014-09-22,9,9,0,159901.XSHE;510180.XSHG;510500.XSHG,159901.XSHE;510180.XSHG;510500.XSHG,True,1.0,0.011360475076570092,1.0,1.0
2014-09-26,2014-09-29,2014-09-29,9,9,0,159915.XSHE;510180.XSHG;510500.XSHG,159901.XSHE;510180.XSHG;510500.XSHG,False,0.5,0.6350633403564108,1.0,1.0
2014-09-30,2014-10-08,2014-10-08,9,9,0,159915.XSHE;510180.XSHG;510500.XSHG,159901.XSHE;510180.XSHG;510500.XSHG,False,0.5,0.6362490667181292,1.0,1.0
2014-10-10,2014-10-13,2014-10-13,9,9,0,159915.XSHE;510300.XSHG;510500.XSHG,159901.XSHE;159915.XSHE;510500.XSHG,False,0.5,0.7431123888145539,1.0,1.0
2014-10-17,2014-10-20,2014-10-20,10,10,0,159901.XSHE;159915.XSHE;510500.XSHG,159901.XSHE;159915.XSHE;510500.XSHG,True,1.0,0.01439877496130465,1.0,1.0
2014-10-24,2014-10-27,2014-10-27,10,10,0,159915.XSHE;510180.XSHG;510500.XSHG,159915.XSHE;510180.XSHG;510500.XSHG,True,1.0,0.015816362934171824,1.0,1.0
2014-10-31,2014-11-03,2014-11-03,12,12,0,159915.XSHE;510180.XSHG;510500.XSHG,159915.XSHE;510180.XSHG;510500.XSHG,True,1.0,0.015350111585217707,1.0,1.0
2014-11-07,2014-11-10,2014-11-10,13,13,0,159915.XSHE;510180.XSHG;510500.XSHG,159915.XSHE;510260.XSHG;510500.XSHG,False,0.5,0.7773155794686559,1.0,1.0
2014-11-14,2014-11-17,2014-11-17,13,13,0,510180.XSHG;510260.XSHG;510500.XSHG,510180.XSHG;510260.XSHG;510500.XSHG,True,1.0,0.001065869231028957,1.0,1.0
2014-11-21,2014-11-24,2014-11-24,12,12,0,510180.XSHG;510230.XSHG;510500.XSHG,510180.XSHG;510230.XSHG;510500.XSHG,True,1.0,0.001092918858155656,1.0,1.0
2014-11-28,2014-12-01,2014-12-01,13,13,0,510180.XSHG;510230.XSHG;510500.XSHG,510180.XSHG;510230.XSHG;510500.XSHG,True,1.0,0.0006732089944207487,1.0,1.0
2014-12-05,2014-12-08,2014-12-08,14,14,0,159905.XSHE;510230.XSHG;510500.XSHG,159905.XSHE;510230.XSHG;510500.XSHG,True,1.0,0.0021210355651251483,1.0,1.0
2014-12-12,2014-12-15,2014-12-15,19,18,-1,159905.XSHE;159931.XSHE;510230.XSHG,159905.XSHE;159931.XSHE;510230.XSHG,True,1.0,3.229881764171827e-05,1.0,1.0
2014-12-19,2014-12-22,2014-12-22,22,22,0,159931.XSHE;510060.XSHG;510230.XSHG,159931.XSHE;510060.XSHG;510230.XSHG,True,1.0,0.0001761786391211856,1.0,1.0
2014-12-26,2014-12-29,2014-12-29,21,21,0,159931.XSHE;510060.XSHG;510230.XSHG,159931.XSHE;510060.XSHG;510230.XSHG,True,1.0,0.00028556812099098106,1.0,1.0
2014-12-31,2015-01-05,2015-01-05,22,22,0,159931.XSHE;510060.XSHG;510230.XSHG,159931.XSHE;510060.XSHG;510230.XSHG,True,1.0,0.00026720153671488944,1.0,1.0
2015-01-09,2015-01-12,2015-01-12,21,22,1,159931.XSHE;510060.XSHG;510230.XSHG,159931.XSHE;510060.XSHG;510230.XSHG,True,1.0,0.0002168846852497186,1.0,1.0
2015-01-16,2015-01-19,2015-01-19,22,23,1,159931.XSHE;510060.XSHG;510230.XSHG,159931.XSHE;510060.XSHG;510230.XSHG,True,1.0,0.0006395864287957048,1.0,1.0
2015-01-23,2015-01-26,2015-01-26,22,23,1,159933.XSHE;510060.XSHG;510230.XSHG,159933.XSHE;510060.XSHG;510230.XSHG,True,1.0,0.0004866203521105422,1.0,1.0
2015-01-30,2015-02-02,2015-02-02,21,22,1,510060.XSHG;510110.XSHG;510230.XSHG,510060.XSHG;510110.XSHG;510230.XSHG,True,1.0,0.00021630819205221974,1.0,1.0
2015-02-06,2015-02-09,2015-02-09,20,20,0,159905.XSHE;510060.XSHG;510230.XSHG,159905.XSHE;510060.XSHG;510230.XSHG,True,1.0,0.0007004629990309125,1.0,1.0
2015-02-13,2015-02-16,2015-02-16,19,18,-1,159905.XSHE;510060.XSHG;510230.XSHG,159905.XSHE;510060.XSHG;510230.XSHG,True,1.0,0.0007401021647069073,1.0,1.0
2015-02-17,2015-02-25,2015-02-25,17,16,-1,159905.XSHE;510060.XSHG;510230.XSHG,159905.XSHE;510060.XSHG;510230.XSHG,True,1.0,0.0007420970972537022,1.0,1.0
2015-02-27,2015-03-02,2015-03-02,16,15,-1,159905.XSHE;510060.XSHG;510230.XSHG,159905.XSHE;510060.XSHG;510230.XSHG,True,1.0,0.0007262419432303435,1.0,1.0
2015-03-06,2015-03-09,2015-03-09,14,13,-1,159903.XSHE;510060.XSHG;510230.XSHG,159903.XSHE;510060.XSHG;510230.XSHG,True,1.0,0.0006907728971040777,1.0,1.0
2015-03-13,2015-03-16,2015-03-16,15,14,-1,159901.XSHE;510060.XSHG;510230.XSHG,159901.XSHE;510060.XSHG;510230.XSHG,True,1.0,0.0010637247934756344,1.0,1.0
2015-03-20,2015-03-23,2015-03-23,17,17,0,510060.XSHG;510230.XSHG;510500.XSHG,510060.XSHG;510230.XSHG;510500.XSHG,True,1.0,0.0009954519146630203,1.0,1.0
2015-03-27,2015-03-30,2015-03-30,17,18,1,510060.XSHG;510420.XSHG;510500.XSHG,510060.XSHG;510420.XSHG;510500.XSHG,True,1.0,0.0014804401831427089,1.0,1.0
2015-04-03,2015-04-07,2015-04-07,18,19,1,510060.XSHG;510420.XSHG;510500.XSHG,510060.XSHG;510420.XSHG;510500.XSHG,True,1.0,0.0016647271634950694,1.0,1.0
2015-04-10,2015-04-13,2015-04-13,19,20,1,510060.XSHG;510290.XSHG;510420.XSHG,510060.XSHG;510290.XSHG;510420.XSHG,True,1.0,0.0028672314583958886,1.0,1.0
2015-04-17,2015-04-20,2015-04-20,19,20,1,510060.XSHG;510130.XSHG;510290.XSHG,510060.XSHG;510130.XSHG;510290.XSHG,True,1.0,0.013556314125029514,1.0,1.0
2015-04-24,2015-04-27,2015-04-27,24,25,1,510060.XSHG;510130.XSHG;510290.XSHG,510060.XSHG;510130.XSHG;510290.XSHG,True,1.0,0.022982359082747067,1.0,1.0
2015-04-30,2015-05-04,2015-05-04,25,27,2,510060.XSHG;510130.XSHG;510160.XSHG,510060.XSHG;510130.XSHG;510160.XSHG,True,1.0,0.01885607636021222,1.0,1.0
2015-05-08,2015-05-11,2015-05-11,25,27,2,510060.XSHG;510120.XSHG;510160.XSHG,510060.XSHG;510120.XSHG;510160.XSHG,True,1.0,0.015027092032116718,1.0,1.0
2015-05-15,2015-05-18,2015-05-18,24,27,3,510060.XSHG;510120.XSHG;510160.XSHG,510060.XSHG;510120.XSHG;510160.XSHG,True,1.0,0.016516330448605898,1.0,1.0
2015-05-22,2015-05-25,2015-05-25,24,27,3,159915.XSHE;510160.XSHG;510260.XSHG,159915.XSHE;510160.XSHG;510500.XSHG,False,0.5,0.5274524753082568,1.0,1.0
2015-05-29,2015-06-01,2015-06-01,25,28,3,159915.XSHE;510160.XSHG;510260.XSHG,159915.XSHE;510160.XSHG;510500.XSHG,False,0.5,0.4480086016642469,1.0,1.0
2015-06-05,2015-06-08,2015-06-08,25,29,4,159915.XSHE;510160.XSHG;510260.XSHG,159915.XSHE;510260.XSHG;510500.XSHG,False,0.5,0.44671439778485333,1.0,1.0
2015-06-12,2015-06-15,2015-06-15,26,30,4,159915.XSHE;510260.XSHG;510290.XSHG,159915.XSHE;510260.XSHG;510500.XSHG,False,0.5,0.44216814975697766,1.0,1.0
2015-06-19,2015-06-23,2015-06-23,29,34,5,159907.XSHE;159915.XSHE;510290.XSHG,159915.XSHE;510440.XSHG;510500.XSHG,False,0.2,0.6299909759756024,1.0,1.0
2015-06-26,2015-06-29,2015-06-29,31,36,5,159915.XSHE;510260.XSHG;510290.XSHG,159915.XSHE;510440.XSHG;510500.XSHG,False,0.2,0.5491772800242987,1.0,1.0
2015-07-03,2015-07-06,2015-07-06,33,38,5,159915.XSHE;510160.XSHG;510210.XSHG,159915.XSHE;510440.XSHG;510500.XSHG,False,0.2,0.49147129991184946,1.0,1.0
2015-07-10,2015-07-13,2015-07-13,32,37,5,159909.XSHE;510030.XSHG;510160.XSHG,159909.XSHE;510030.XSHG;510160.XSHG,True,1.0,0.00030022591682402067,1.0,1.0
2015-07-17,2015-07-20,2015-07-20,30,35,5,159909.XSHE;159915.XSHE;510880.XSHG,159909.XSHE;159915.XSHE;510500.XSHG,False,0.5,0.21098696065509961,1.0,1.0
2015-07-24,2015-07-27,2015-07-27,28,31,3,159915.XSHE;510290.XSHG;510880.XSHG,159915.XSHE;510290.XSHG;510500.XSHG,False,0.5,0.2065729194324209,1.0,1.0
2015-07-31,2015-08-03,2015-08-03,29,32,3,159915.XSHE;510290.XSHG;510880.XSHG,159915.XSHE;510290.XSHG;510500.XSHG,False,0.5,0.19756466911001536,1.0,1.0
2015-08-07,2015-08-10,2015-08-10,29,32,3,159910.XSHE;510290.XSHG;510880.XSHG,159910.XSHE;510290.XSHG;510500.XSHG,False,0.5,0.19915015906010247,1.0,1.0
2015-08-14,2015-08-17,2015-08-17,27,30,3,159910.XSHE;510290.XSHG;510880.XSHG,159910.XSHE;510290.XSHG;510500.XSHG,False,0.5,0.19933782935822475,1.0,1.0
2015-08-21,2015-08-24,2015-08-24,27,30,3,159910.XSHE;510290.XSHG;510880.XSHG,159910.XSHE;510150.XSHG;510500.XSHG,False,0.2,0.3530235663538097,1.0,1.0
2015-08-28,2015-08-31,2015-08-31,21,23,2,510150.XSHG;510290.XSHG;510880.XSHG,510150.XSHG;510500.XSHG,False,0.25,0.3281678302249965,1.0,1.0
2015-09-02,2015-09-07,2015-09-07,23,26,3,510030.XSHG;510880.XSHG,510030.XSHG;510880.XSHG,True,1.0,0.013820371017200045,1.0,1.0
2015-09-11,2015-09-14,2015-09-14,22,25,3,159909.XSHE;510150.XSHG;510880.XSHG,159909.XSHE;510150.XSHG;510880.XSHG,True,1.0,0.0011520495416897786,1.0,1.0
2015-09-18,2015-09-21,2015-09-21,22,23,1,,,True,1.0,0.0,1.0,1.0
2015-09-25,2015-09-28,2015-09-28,17,17,0,,,True,1.0,0.0,1.0,1.0
2015-09-30,2015-10-08,2015-10-08,12,12,0,,,True,1.0,0.0,1.0,1.0
2015-10-09,2015-10-12,2015-10-12,9,9,0,,,True,1.0,0.0,1.0,1.0
2015-10-16,2015-10-19,2015-10-19,8,8,0,159915.XSHE;518880.XSHG,159915.XSHE;518880.XSHG,True,1.0,0.01793401418347562,1.0,1.0
2015-10-23,2015-10-26,2015-10-26,8,8,0,159915.XSHE;518880.XSHG,159915.XSHE;518880.XSHG,True,1.0,0.017461338121256886,1.0,1.0
2015-10-30,2015-11-02,2015-11-02,8,8,0,,,True,1.0,0.0,1.0,1.0
2015-11-06,2015-11-09,2015-11-09,8,8,0,159915.XSHE;510180.XSHG,159915.XSHE;510180.XSHG,True,1.0,0.00026402155960914,1.0,1.0
2015-11-13,2015-11-16,2015-11-16,8,8,0,159915.XSHE,159915.XSHE,True,1.0,2.7755575615628914e-17,1.0,1.0
2015-11-20,2015-11-23,2015-11-23,8,8,0,159915.XSHE,159915.XSHE,True,1.0,2.7755575615628914e-17,1.0,1.0
2015-11-27,2015-11-30,2015-11-30,8,8,0,159915.XSHE;510050.XSHG,159915.XSHE;510050.XSHG,True,1.0,0.00010468775922939377,1.0,1.0
2015-12-04,2015-12-07,2015-12-07,8,8,0,159901.XSHE;159915.XSHE;510050.XSHG,159901.XSHE;159915.XSHE;510050.XSHG,True,1.0,0.0015506983424201787,1.0,1.0
2015-12-11,2015-12-14,2015-12-14,8,8,0,159901.XSHE;159915.XSHE;510050.XSHG,159901.XSHE;159915.XSHE;510050.XSHG,True,1.0,0.018449585589142697,1.0,1.0
2015-12-18,2015-12-21,2015-12-21,8,8,0,159901.XSHE;159915.XSHE;510050.XSHG,159901.XSHE;159915.XSHE;510050.XSHG,True,1.0,0.02005746145558948,1.0,1.0
2015-12-25,2015-12-28,2015-12-28,8,8,0,159901.XSHE;159915.XSHE;510050.XSHG,159901.XSHE;159915.XSHE;510050.XSHG,True,1.0,0.019591129105600402,1.0,1.0
2015-12-31,2016-01-04,2016-01-04,8,8,0,159901.XSHE;159915.XSHE;510050.XSHG,159901.XSHE;159915.XSHE;510050.XSHG,True,1.0,0.018526792139971243,1.0,1.0
2016-01-08,2016-01-11,2016-01-11,8,8,0,159901.XSHE,159901.XSHE,True,1.0,0.02365352756786393,1.0,1.0
2016-01-15,2016-01-18,2016-01-18,8,8,0,,,True,1.0,0.0,1.0,1.0
2016-01-22,2016-01-25,2016-01-25,8,8,0,,,True,1.0,0.0,1.0,1.0
2016-01-29,2016-02-01,2016-02-01,8,8,0,518880.XSHG,518880.XSHG,True,1.0,0.0062475508642523825,1.0,1.0
2016-02-05,2016-02-15,2016-02-15,8,8,0,518880.XSHG,518880.XSHG,True,1.0,0.0,1.0,1.0
2016-02-19,2016-02-22,2016-02-22,8,8,0,518880.XSHG,518880.XSHG,True,1.0,0.0,1.0,1.0
2016-02-26,2016-02-29,2016-02-29,8,8,0,518880.XSHG,518880.XSHG,True,1.0,0.0,1.0,1.0
2016-03-04,2016-03-07,2016-03-07,8,8,0,518880.XSHG,518880.XSHG,True,1.0,0.0,1.0,1.0
2016-03-11,2016-03-14,2016-03-14,8,8,0,518880.XSHG,518880.XSHG,True,1.0,0.0,1.0,1.0
2016-03-18,2016-03-21,2016-03-21,8,8,0,159915.XSHE;518880.XSHG,159915.XSHE;518880.XSHG,True,1.0,0.0,1.0,1.0
2016-03-25,2016-03-28,2016-03-28,8,8,0,159915.XSHE;518880.XSHG,159915.XSHE;518880.XSHG,True,1.0,0.0,1.0,1.0
2016-04-01,2016-04-05,2016-04-05,8,8,0,518880.XSHG,518880.XSHG,True,1.0,0.0,1.0,1.0
2016-04-08,2016-04-11,2016-04-11,8,8,0,518880.XSHG,518880.XSHG,True,1.0,0.0,1.0,1.0
2016-04-15,2016-04-18,2016-04-18,8,8,0,518880.XSHG,518880.XSHG,True,1.0,0.0,1.0,1.0
2016-04-22,2016-04-25,2016-04-25,8,8,0,518880.XSHG,518880.XSHG,True,1.0,0.0,1.0,1.0
2016-04-29,2016-05-03,2016-05-03,8,8,0,518880.XSHG,518880.XSHG,True,1.0,0.0,1.0,1.0
2016-05-06,2016-05-09,2016-05-09,8,8,0,518880.XSHG,518880.XSHG,True,1.0,0.0,1.0,1.0
2016-05-13,2016-05-16,2016-05-16,6,6,0,518880.XSHG,518880.XSHG,True,1.0,0.0,1.0,1.0
2016-05-20,2016-05-23,2016-05-23,6,6,0,518880.XSHG,518880.XSHG,True,1.0,0.0,1.0,1.0
2016-05-27,2016-05-30,2016-05-30,6,6,0,518880.XSHG,518880.XSHG,True,1.0,0.0,1.0,1.0
2016-06-03,2016-06-06,2016-06-06,6,6,0,518880.XSHG,518880.XSHG,True,1.0,0.0,1.0,1.0
2016-06-08,2016-06-13,2016-06-13,6,6,0,518880.XSHG,518880.XSHG,True,1.0,0.0,1.0,1.0
2016-06-17,2016-06-20,2016-06-20,7,7,0,518880.XSHG,518880.XSHG,True,1.0,0.0,1.0,1.0
2016-06-24,2016-06-27,2016-06-27,7,7,0,518880.XSHG,518880.XSHG,True,1.0,0.0,1.0,1.0
2016-07-01,2016-07-04,2016-07-04,7,7,0,518880.XSHG,518880.XSHG,True,1.0,0.0,1.0,1.0
2016-07-08,2016-07-11,2016-07-11,6,6,0,518880.XSHG,518880.XSHG,True,1.0,0.0,1.0,1.0
2016-07-15,2016-07-18,2016-07-18,8,8,0,159902.XSHE;510050.XSHG;518880.XSHG,159902.XSHE;510050.XSHG;518880.XSHG,True,1.0,0.00019704237018808302,1.0,1.0
2016-07-22,2016-07-25,2016-07-25,8,8,0,159902.XSHE;510050.XSHG;518880.XSHG,159902.XSHE;510050.XSHG;518880.XSHG,True,1.0,0.00017217940625841033,1.0,1.0
2016-07-29,2016-08-01,2016-08-01,8,8,0,510050.XSHG;510500.XSHG;518880.XSHG,510050.XSHG;510500.XSHG;518880.XSHG,True,1.0,0.0003284345247845377,1.0,1.0
2016-08-05,2016-08-08,2016-08-08,7,7,0,510050.XSHG;510500.XSHG;518880.XSHG,510050.XSHG;510500.XSHG;518880.XSHG,True,1.0,0.0002396157322111514,1.0,1.0
2016-08-12,2016-08-15,2016-08-15,7,7,0,510050.XSHG;510500.XSHG;518880.XSHG,510050.XSHG;510500.XSHG;518880.XSHG,True,1.0,0.00032770127675291194,1.0,1.0
2016-08-19,2016-08-22,2016-08-22,7,7,0,510050.XSHG;510500.XSHG;518880.XSHG,510050.XSHG;510500.XSHG;518880.XSHG,True,1.0,0.0006729197786823349,1.0,1.0
2016-08-26,2016-08-29,2016-08-29,7,7,0,510050.XSHG;510500.XSHG;518880.XSHG,510050.XSHG;510500.XSHG;518880.XSHG,True,1.0,0.00038851192041339244,1.0,1.0
2016-09-02,2016-09-05,2016-09-05,8,8,0,510050.XSHG;510500.XSHG;518880.XSHG,510050.XSHG;510500.XSHG;518880.XSHG,True,1.0,0.0003766022939199476,1.0,1.0
2016-09-09,2016-09-12,2016-09-12,9,9,0,159901.XSHE;159905.XSHE;510500.XSHG,159901.XSHE;159905.XSHE;510500.XSHG,True,1.0,0.0331316804706621,1.0,1.0
2016-09-14,2016-09-19,2016-09-19,8,8,0,159905.XSHE;510500.XSHG;518880.XSHG,159905.XSHE;510500.XSHG;518880.XSHG,True,1.0,0.019177515833562087,1.0,1.0
2016-09-23,2016-09-26,2016-09-26,8,8,0,159905.XSHE;510500.XSHG;518880.XSHG,159905.XSHE;510500.XSHG;518880.XSHG,True,1.0,0.018302356872254705,1.0,1.0
2016-09-30,2016-10-10,2016-10-10,7,7,0,159905.XSHE;510500.XSHG;518880.XSHG,159905.XSHE;510500.XSHG;518880.XSHG,True,1.0,0.016305616474260112,1.0,1.0
2016-10-14,2016-10-17,2016-10-17,6,6,0,510300.XSHG;510500.XSHG;518880.XSHG,510300.XSHG;510500.XSHG;518880.XSHG,True,1.0,0.0007820941849845942,1.0,1.0
2016-10-21,2016-10-24,2016-10-24,7,7,0,510300.XSHG;510500.XSHG;518880.XSHG,510300.XSHG;510500.XSHG;518880.XSHG,True,1.0,0.0008913368666202959,1.0,1.0
2016-10-28,2016-10-31,2016-10-31,7,7,0,510300.XSHG;510500.XSHG;518880.XSHG,510300.XSHG;510500.XSHG;518880.XSHG,True,1.0,0.0004770227473315791,1.0,1.0
2016-11-04,2016-11-07,2016-11-07,7,7,0,510300.XSHG;510500.XSHG;518880.XSHG,510300.XSHG;510500.XSHG;518880.XSHG,True,1.0,0.0006590113668588082,1.0,1.0
2016-11-11,2016-11-14,2016-11-14,7,7,0,510300.XSHG;510500.XSHG;518880.XSHG,510300.XSHG;510500.XSHG;518880.XSHG,True,1.0,0.00046489511975622566,1.0,1.0
2016-11-18,2016-11-21,2016-11-21,7,7,0,510300.XSHG;510500.XSHG;518880.XSHG,510300.XSHG;510500.XSHG;518880.XSHG,True,1.0,0.0002965307821495289,1.0,1.0
2016-11-25,2016-11-28,2016-11-28,7,7,0,510300.XSHG;510500.XSHG;518880.XSHG,510300.XSHG;510500.XSHG;518880.XSHG,True,1.0,0.0002612378126803927,1.0,1.0
2016-12-02,2016-12-05,2016-12-05,8,8,0,510300.XSHG;510500.XSHG;518880.XSHG,510300.XSHG;510500.XSHG;518880.XSHG,True,1.0,0.0002811135441254664,1.0,1.0
2016-12-09,2016-12-12,2016-12-12,8,8,0,510300.XSHG;510500.XSHG;518880.XSHG,510300.XSHG;510500.XSHG;518880.XSHG,True,1.0,0.039243697943433686,0.9950606744326896,0.9755960647341496
2016-12-16,2016-12-19,2016-12-19,8,8,0,510050.XSHG;510300.XSHG,510050.XSHG;510300.XSHG,True,1.0,0.0,0.8,0.8
2016-12-23,2016-12-26,2016-12-26,8,8,0,510050.XSHG;510300.XSHG,510050.XSHG;510300.XSHG,True,1.0,0.0,0.8,0.8
2016-12-30,2017-01-03,2017-01-03,8,8,0,510050.XSHG;510300.XSHG,510050.XSHG;510300.XSHG,True,1.0,0.0,0.8,0.8
2017-01-06,2017-01-09,2017-01-09,8,8,0,510050.XSHG;510300.XSHG,510050.XSHG;510300.XSHG,True,1.0,0.0,0.8,0.8
2017-01-13,2017-01-16,2017-01-16,6,6,0,510050.XSHG;510300.XSHG,510050.XSHG;510300.XSHG,True,1.0,0.0,0.8,0.8
2017-01-20,2017-01-23,2017-01-23,6,6,0,510050.XSHG;510300.XSHG,510050.XSHG;510300.XSHG,True,1.0,0.0,0.8,0.8
2017-01-26,2017-02-03,2017-02-03,6,6,0,510050.XSHG;510300.XSHG,510050.XSHG;510300.XSHG,True,1.0,0.0,0.8,0.8
2017-02-03,2017-02-06,2017-02-06,6,6,0,510050.XSHG;510300.XSHG,510050.XSHG;510300.XSHG,True,1.0,0.0,0.8,0.8
2017-02-10,2017-02-13,2017-02-13,6,6,0,510050.XSHG;510300.XSHG;510500.XSHG,510050.XSHG;510300.XSHG;510500.XSHG,True,1.0,0.00017516565286851415,1.0,1.0
2017-02-17,2017-02-20,2017-02-20,7,7,0,510050.XSHG;510300.XSHG;510500.XSHG,510050.XSHG;510300.XSHG;510500.XSHG,True,1.0,0.03160202098046866,1.0,0.9842410569410274
2017-02-24,2017-02-27,2017-02-27,7,7,0,510050.XSHG;510300.XSHG;510500.XSHG,510050.XSHG;510300.XSHG;510500.XSHG,True,1.0,0.02644546559847269,0.9389875367966635,0.9259122253976856
2017-03-03,2017-03-06,2017-03-06,7,7,0,510050.XSHG;510300.XSHG;510500.XSHG,510050.XSHG;510300.XSHG;510500.XSHG,True,1.0,0.03262910581748635,0.9948680303286388,0.9794931807094216
2017-03-10,2017-03-13,2017-03-13,8,8,0,510050.XSHG;510300.XSHG;510500.XSHG,510050.XSHG;510300.XSHG;510500.XSHG,True,1.0,0.0028081175721650364,1.0,1.0
2017-03-17,2017-03-20,2017-03-20,7,7,0,510050.XSHG;510300.XSHG;510500.XSHG,510050.XSHG;510300.XSHG;510500.XSHG,True,1.0,0.0030078378983213194,1.0,1.0
2017-03-24,2017-03-27,2017-03-27,8,8,0,510050.XSHG;510300.XSHG;510500.XSHG,510050.XSHG;510300.XSHG;510500.XSHG,True,1.0,0.003376821708066524,1.0,1.0
2017-03-31,2017-04-05,2017-04-05,8,8,0,159901.XSHE;510050.XSHG;510300.XSHG,159901.XSHE;510050.XSHG;510300.XSHG,True,1.0,0.01575457747599998,0.8556144847455421,0.8489675608029559
2017-04-07,2017-04-10,2017-04-10,8,8,0,159901.XSHE;510050.XSHG;510300.XSHG,159901.XSHE;510050.XSHG;510300.XSHG,True,1.0,0.015666918783381723,0.8540330992286627,0.8476141212454699
2017-04-14,2017-04-17,2017-04-17,8,8,0,159901.XSHE;510050.XSHG;510300.XSHG,159901.XSHE;510050.XSHG;510300.XSHG,True,1.0,0.0168031705631531,0.8577873145889772,0.8509740798583882
2017-04-21,2017-04-24,2017-04-24,8,8,0,159901.XSHE;510050.XSHG;518880.XSHG,159901.XSHE;510050.XSHG;518880.XSHG,True,1.0,0.013361766671307326,0.8351554577977204,0.8284745744620667
2017-04-28,2017-05-02,2017-05-02,8,8,0,159901.XSHE;510050.XSHG;518880.XSHG,159901.XSHE;510050.XSHG;518880.XSHG,True,1.0,0.015787537074786154,0.8679011647925207,0.8600073962551276
2017-05-05,2017-05-08,2017-05-08,8,8,0,159901.XSHE;510050.XSHG;518880.XSHG,159901.XSHE;510050.XSHG;518880.XSHG,True,1.0,0.016850020086875278,0.8780638618537016,0.8696388518102639
2017-05-12,2017-05-15,2017-05-15,8,8,0,159901.XSHE;510050.XSHG;510300.XSHG,159901.XSHE;510050.XSHG;510300.XSHG,True,1.0,0.0216010855559588,0.9086651134429613,0.8978645706649819
2017-05-19,2017-05-22,2017-05-22,8,8,0,159901.XSHE;510050.XSHG;518880.XSHG,159901.XSHE;510050.XSHG;518880.XSHG,True,1.0,0.019140883482755056,0.9041204028751406,0.8945499611337631
2017-05-26,2017-05-31,2017-05-31,8,8,0,510050.XSHG;510300.XSHG;518880.XSHG,510050.XSHG;510300.XSHG;518880.XSHG,True,1.0,0.0025068559206151697,1.0,1.0
2017-06-02,2017-06-05,2017-06-05,8,8,0,510050.XSHG;510300.XSHG;518880.XSHG,510050.XSHG;510300.XSHG;518880.XSHG,True,1.0,0.0027097302227386266,1.0,1.0
2017-06-09,2017-06-12,2017-06-12,8,8,0,510050.XSHG;510300.XSHG;518880.XSHG,510050.XSHG;510300.XSHG;518880.XSHG,True,1.0,0.0018372848596348579,1.0,1.0
2017-06-16,2017-06-19,2017-06-19,8,8,0,510050.XSHG;510300.XSHG;518880.XSHG,510050.XSHG;510300.XSHG;518880.XSHG,True,1.0,0.001132598641649385,1.0,1.0
2017-06-23,2017-06-26,2017-06-26,8,8,0,510050.XSHG;510300.XSHG;518880.XSHG,510050.XSHG;510300.XSHG;518880.XSHG,True,1.0,0.0012951373143454958,1.0,1.0
2017-06-30,2017-07-03,2017-07-03,8,9,1,159901.XSHE;510050.XSHG;510300.XSHG,159901.XSHE;510050.XSHG;510300.XSHG,True,1.0,0.016355187089624426,0.8463886952397626,0.8388479546104587
2017-07-07,2017-07-10,2017-07-10,8,9,1,159901.XSHE;510050.XSHG;510300.XSHG,159901.XSHE;510050.XSHG;510300.XSHG,True,1.0,0.01721912218367505,0.8412283176323794,0.8337787506244914
2017-07-14,2017-07-17,2017-07-17,8,9,1,159901.XSHE;510050.XSHG;510300.XSHG,159901.XSHE;510050.XSHG;510300.XSHG,True,1.0,0.01593283661967662,0.8257517001966628,0.8186323837610384
2017-07-21,2017-07-24,2017-07-24,8,10,2,159901.XSHE;510050.XSHG;510300.XSHG,159901.XSHE;510050.XSHG;510300.XSHG,True,1.0,0.015434825906777846,0.8211967393354282,0.8141680569651031
2017-07-28,2017-07-31,2017-07-31,8,11,3,159901.XSHE;510050.XSHG;510300.XSHG,159901.XSHE;510050.XSHG;510300.XSHG,True,1.0,0.013601672570390036,0.8109089937150517,0.8046602125198019
2017-08-04,2017-08-07,2017-08-07,8,11,3,159901.XSHE;510050.XSHG;510300.XSHG,159901.XSHE;510050.XSHG;510300.XSHG,True,1.0,0.012498549002191203,0.7826020248888971,0.7769173483432315
2017-08-11,2017-08-14,2017-08-14,8,11,3,159901.XSHE;510050.XSHG;510300.XSHG,159901.XSHE;510050.XSHG;510300.XSHG,True,1.0,0.01307091274857694,1.0,1.0
2017-08-18,2017-08-21,2017-08-21,8,11,3,159902.XSHE;510050.XSHG;510300.XSHG,159902.XSHE;510050.XSHG;510300.XSHG,True,1.0,0.016313192885308817,1.0,1.0
2017-08-25,2017-08-28,2017-08-28,10,10,0,159902.XSHE;510050.XSHG;510300.XSHG,159902.XSHE;510050.XSHG;510300.XSHG,True,1.0,0.01701361569351019,0.8559560238905529,0.8488886062096849
2017-09-01,2017-09-04,2017-09-04,11,11,0,159901.XSHE;159902.XSHE;510050.XSHG,159901.XSHE;159902.XSHE;510050.XSHG,True,1.0,0.02372274254037228,0.5807413860941907,0.5697196418620291
2017-09-08,2017-09-11,2017-09-11,11,11,0,159901.XSHE;159902.XSHE;510050.XSHG,159901.XSHE;159902.XSHE;510050.XSHG,True,1.0,0.022809329702990974,0.5687717308728572,0.557918385843077
2017-09-15,2017-09-18,2017-09-18,10,10,0,159902.XSHE;510050.XSHG;510300.XSHG,159902.XSHE;510050.XSHG;510300.XSHG,True,1.0,0.01629828854799427,0.8530471866481757,0.8458326145437984
2017-09-22,2017-09-25,2017-09-25,9,9,0,159902.XSHE;510050.XSHG;510300.XSHG,159902.XSHE;510050.XSHG;510300.XSHG,True,1.0,0.01735539173519418,0.8734822636406137,0.8654625364850161
2017-09-29,2017-10-09,2017-10-09,9,9,0,159902.XSHE;510050.XSHG;510300.XSHG,159902.XSHE;510050.XSHG;510300.XSHG,True,1.0,0.016535764348067472,0.8841008753013416,0.8758329931273079
2017-10-13,2017-10-16,2017-10-16,8,8,0,159902.XSHE;510050.XSHG;510300.XSHG,159902.XSHE;510050.XSHG;510300.XSHG,True,1.0,0.01760969481072322,0.901892570309109,0.893157120990545
2017-10-20,2017-10-23,2017-10-23,8,8,0,159902.XSHE;510050.XSHG;510300.XSHG,159902.XSHE;510050.XSHG;510300.XSHG,True,1.0,0.01851471316111536,0.8895182901875281,0.8802609336069704
2017-10-27,2017-10-30,2017-10-30,8,8,0,159902.XSHE;510050.XSHG;510300.XSHG,159902.XSHE;510050.XSHG;510300.XSHG,True,1.0,0.015695286222366434,0.864434772940981,0.8567214446704761
2017-11-03,2017-11-06,2017-11-06,10,10,0,159902.XSHE;510050.XSHG;510300.XSHG,159902.XSHE;510050.XSHG;510300.XSHG,True,1.0,0.01733419498499353,0.8906290901835805,0.8819741363534405
2017-11-10,2017-11-13,2017-11-13,10,10,0,159902.XSHE;510050.XSHG;510300.XSHG,159902.XSHE;510050.XSHG;510300.XSHG,True,1.0,0.017475755491158013,1.0,1.0
2017-11-17,2017-11-20,2017-11-20,10,10,0,159902.XSHE;510050.XSHG;510300.XSHG,159902.XSHE;510050.XSHG;510300.XSHG,True,1.0,0.02204657906640692,0.9177427348624152,0.9069181053161965
2017-11-24,2017-11-27,2017-11-27,10,10,0,159902.XSHE;510050.XSHG;510300.XSHG,159902.XSHE;510050.XSHG;510300.XSHG,True,1.0,0.015697597189545193,1.0,0.9926078293102759
2017-12-01,2017-12-04,2017-12-04,10,10,0,159902.XSHE;510050.XSHG;510300.XSHG,159902.XSHE;510050.XSHG;510300.XSHG,True,1.0,0.0009002016763111909,1.0,1.0
2017-12-08,2017-12-11,2017-12-11,11,11,0,159905.XSHE;510050.XSHG;510300.XSHG,159905.XSHE;510050.XSHG;510300.XSHG,True,1.0,0.00893363839331461,0.8482160524200186,0.8437492332233614
2017-12-15,2017-12-18,2017-12-18,11,11,0,159905.XSHE;510050.XSHG;510300.XSHG,159905.XSHE;510050.XSHG;510300.XSHG,True,1.0,0.009494413137075261,0.8513614233287592,0.846632273844977
2017-12-22,2017-12-25,2017-12-25,10,10,0,159902.XSHE;510050.XSHG;510300.XSHG,159902.XSHE;510050.XSHG;510300.XSHG,True,1.0,0.026597430586769222,0.9575016575266262,0.9442718633243642
2017-12-29,2018-01-02,2018-01-02,10,10,0,159902.XSHE;510050.XSHG;510300.XSHG,159902.XSHE;510050.XSHG;510300.XSHG,True,1.0,0.02484467126860132,0.9331275988012104,0.9208971816405085
2018-01-05,2018-01-08,2018-01-08,10,10,0,159902.XSHE;510050.XSHG;510300.XSHG,159902.XSHE;510050.XSHG;510300.XSHG,True,1.0,0.022829163126749485,0.9168649194431738,0.9057061287769977
2018-01-12,2018-01-15,2018-01-15,11,11,0,510050.XSHG;510300.XSHG;510880.XSHG,510050.XSHG;510300.XSHG;510880.XSHG,True,1.0,0.008583464042049266,0.6680534559926026,0.6640580156415636
2018-01-19,2018-01-22,2018-01-22,11,11,0,510050.XSHG;510300.XSHG;510880.XSHG,510050.XSHG;510300.XSHG;510880.XSHG,True,1.0,0.008777614742497025,0.6720450042506173,0.6678154991779697
2018-01-26,2018-01-29,2018-01-29,12,12,0,159905.XSHE;510050.XSHG;510300.XSHG,159905.XSHE;510050.XSHG;510300.XSHG,True,1.0,0.00867624812295005,1.0,1.0
2018-02-02,2018-02-05,2018-02-05,13,13,0,159905.XSHE;510050.XSHG;510300.XSHG,159905.XSHE;510050.XSHG;510300.XSHG,True,1.0,0.009754014044135367,1.0,1.0
2018-02-09,2018-02-12,2018-02-12,13,13,0,159905.XSHE;510050.XSHG;510300.XSHG,159905.XSHE;510050.XSHG;510300.XSHG,True,1.0,0.01083789384764132,1.0,1.0
2018-02-14,2018-02-22,2018-02-22,13,13,0,159905.XSHE;510050.XSHG;510300.XSHG,159905.XSHE;510050.XSHG;510300.XSHG,True,1.0,0.009511604277551114,1.0,1.0
2018-02-23,2018-02-26,2018-02-26,12,12,0,159905.XSHE;510050.XSHG;510300.XSHG,159905.XSHE;510050.XSHG;510300.XSHG,True,1.0,0.009154030453026332,1.0,1.0
2018-03-02,2018-03-05,2018-03-05,11,11,0,159901.XSHE;510050.XSHG;510300.XSHG,159901.XSHE;510050.XSHG;510300.XSHG,True,1.0,0.024861578902662856,1.0,1.0
2018-03-09,2018-03-12,2018-03-12,11,11,0,159901.XSHE;510050.XSHG,159901.XSHE;510050.XSHG,True,1.0,0.0187318198374386,1.0,1.0
2018-03-16,2018-03-19,2018-03-19,10,10,0,159901.XSHE;159902.XSHE;510050.XSHG,159901.XSHE;159902.XSHE;510050.XSHG,True,1.0,0.034593935980091,1.0,1.0
2018-03-23,2018-03-26,2018-03-26,10,10,0,159901.XSHE;510050.XSHG;518880.XSHG,159901.XSHE;510050.XSHG;518880.XSHG,True,1.0,0.013725388424405932,1.0,1.0
2018-03-30,2018-04-02,2018-04-02,11,11,0,159901.XSHE;510050.XSHG,159901.XSHE;510050.XSHG,True,1.0,0.014114616262184423,1.0,1.0
2018-04-04,2018-04-09,2018-04-09,11,11,0,159901.XSHE;510050.XSHG,159901.XSHE;510050.XSHG,True,1.0,0.014559084525524596,1.0,1.0
2018-04-13,2018-04-16,2018-04-16,11,11,0,510050.XSHG,510050.XSHG,True,1.0,0.0,1.0,1.0
2018-04-20,2018-04-23,2018-04-23,12,12,0,,,True,1.0,0.0,1.0,1.0
2018-04-27,2018-05-02,2018-05-02,11,11,0,,,True,1.0,0.0,1.0,1.0
2018-05-04,2018-05-07,2018-05-07,11,11,0,,,True,1.0,0.0,1.0,1.0
2018-05-11,2018-05-14,2018-05-14,11,11,0,,,True,1.0,0.0,1.0,1.0
2018-05-18,2018-05-21,2018-05-21,11,11,0,159901.XSHE;159902.XSHE;159915.XSHE,159901.XSHE;159902.XSHE;159915.XSHE,True,1.0,0.022450909401648414,1.0,1.0
2018-05-25,2018-05-28,2018-05-28,11,11,0,159915.XSHE;510500.XSHG,159915.XSHE;510500.XSHG,True,1.0,0.0,1.0,1.0
2018-06-01,2018-06-04,2018-06-04,10,11,1,,,True,1.0,0.0,1.0,1.0
2018-06-08,2018-06-11,2018-06-11,10,11,1,,,True,1.0,0.0,1.0,1.0
2018-06-15,2018-06-19,2018-06-19,10,11,1,,,True,1.0,0.0,1.0,1.0
2018-06-22,2018-06-25,2018-06-25,10,11,1,,,True,1.0,0.0,1.0,1.0
2018-06-29,2018-07-02,2018-07-02,11,12,1,,,True,1.0,0.0,1.0,1.0
2018-07-06,2018-07-09,2018-07-09,13,14,1,,,True,1.0,0.0,1.0,1.0
2018-07-13,2018-07-16,2018-07-16,13,14,1,,,True,1.0,0.0,1.0,1.0
2018-07-20,2018-07-23,2018-07-23,13,14,1,,,True,1.0,0.0,1.0,1.0
2018-07-27,2018-07-30,2018-07-30,12,13,1,,,True,1.0,0.0,1.0,1.0
2018-08-03,2018-08-06,2018-08-06,11,12,1,,,True,1.0,0.0,1.0,1.0
2018-08-10,2018-08-13,2018-08-13,12,13,1,512010.XSHG,512010.XSHG,True,1.0,0.010432261699942838,1.0,1.0
2018-08-17,2018-08-20,2018-08-20,13,13,0,512010.XSHG,512010.XSHG,True,1.0,0.012271434725418903,1.0,1.0
2018-08-24,2018-08-27,2018-08-27,14,13,-1,512010.XSHG,512010.XSHG,True,1.0,0.011673739672441147,1.0,1.0
2018-08-31,2018-09-03,2018-09-03,12,11,-1,512010.XSHG,512010.XSHG,True,1.0,0.010949811507376839,1.0,1.0
2018-09-07,2018-09-10,2018-09-10,12,11,-1,,,True,1.0,0.0,1.0,1.0
2018-09-14,2018-09-17,2018-09-17,12,11,-1,,,True,1.0,0.0,1.0,1.0
2018-09-21,2018-09-25,2018-09-25,11,11,0,,,True,1.0,0.0,1.0,1.0
2018-09-28,2018-10-08,2018-10-08,11,11,0,512800.XSHG,512800.XSHG,True,1.0,1.7957661826283169,1.0,1.0
2018-10-12,2018-10-15,2018-10-15,13,13,0,,,True,1.0,0.0,1.0,1.0
2018-10-19,2018-10-22,2018-10-22,14,14,0,518880.XSHG,518880.XSHG,True,1.0,0.0,1.0,1.0
2018-10-26,2018-10-29,2018-10-29,15,15,0,512800.XSHG;518880.XSHG,512800.XSHG;518880.XSHG,True,1.0,0.036329731481677285,1.0,1.0
2018-11-02,2018-11-05,2018-11-05,15,15,0,512800.XSHG;518880.XSHG,512800.XSHG;518880.XSHG,True,1.0,0.040875193392259646,1.0,1.0
2018-11-09,2018-11-12,2018-11-12,14,14,0,518880.XSHG,518880.XSHG,True,1.0,0.0,1.0,1.0
2018-11-16,2018-11-19,2018-11-19,14,14,0,518880.XSHG,518880.XSHG,True,1.0,0.0,1.0,1.0
2018-11-23,2018-11-26,2018-11-26,14,14,0,518880.XSHG,518880.XSHG,True,1.0,0.0,1.0,1.0
2018-11-30,2018-12-03,2018-12-03,13,13,0,518880.XSHG,518880.XSHG,True,1.0,0.0,1.0,1.0
2018-12-07,2018-12-10,2018-12-10,13,13,0,518880.XSHG,518880.XSHG,True,1.0,0.0,1.0,1.0
2018-12-14,2018-12-17,2018-12-17,12,12,0,518880.XSHG,518880.XSHG,True,1.0,0.0,1.0,1.0
2018-12-21,2018-12-24,2018-12-24,11,11,0,518880.XSHG,518880.XSHG,True,1.0,0.0,1.0,1.0
2018-12-28,2019-01-02,2019-01-02,11,11,0,518880.XSHG,518880.XSHG,True,1.0,0.0,1.0,1.0
2019-01-04,2019-01-07,2019-01-07,11,11,0,512880.XSHG;518880.XSHG,512880.XSHG;518880.XSHG,True,1.0,0.0,1.0,1.0
2019-01-11,2019-01-14,2019-01-14,13,13,0,512880.XSHG;518880.XSHG,512880.XSHG;518880.XSHG,True,1.0,0.0,1.0,1.0
2019-01-18,2019-01-21,2019-01-21,13,13,0,512880.XSHG;518880.XSHG,512880.XSHG;518880.XSHG,True,1.0,0.0,1.0,1.0
2019-01-25,2019-01-28,2019-01-28,13,13,0,512880.XSHG;518880.XSHG,512880.XSHG;518880.XSHG,True,1.0,0.0,1.0,1.0
2019-02-01,2019-02-11,2019-02-11,13,13,0,512880.XSHG;518880.XSHG,512880.XSHG;518880.XSHG,True,1.0,0.0,1.0,1.0
2019-02-15,2019-02-18,2019-02-18,13,13,0,512660.XSHG;512880.XSHG;518880.XSHG,512660.XSHG;512880.XSHG;518880.XSHG,True,1.0,0.016401894144062498,1.0,1.0
2019-02-22,2019-02-25,2019-02-25,14,14,0,512660.XSHG;512880.XSHG;518880.XSHG,512660.XSHG;512880.XSHG;518880.XSHG,True,1.0,0.01949902774413645,1.0,1.0
2019-03-01,2019-03-04,2019-03-04,16,16,0,510230.XSHG;512660.XSHG;512880.XSHG,510230.XSHG;512660.XSHG;512880.XSHG,True,1.0,0.022719402441102182,1.0,1.0
2019-03-08,2019-03-11,2019-03-11,20,19,-1,159939.XSHE;512660.XSHG;512880.XSHG,159939.XSHE;512660.XSHG;512880.XSHG,True,1.0,0.015658349342322617,1.0,1.0
2019-03-15,2019-03-18,2019-03-18,20,19,-1,159939.XSHE;510810.XSHG;512880.XSHG,159939.XSHE;510810.XSHG;512880.XSHG,True,1.0,0.0248739356866277,1.0,1.0
2019-03-22,2019-03-25,2019-03-25,22,21,-1,159928.XSHE;159939.XSHE;512880.XSHG,159928.XSHE;159939.XSHE;512880.XSHG,True,1.0,0.010966031712678515,1.0,1.0
2019-03-29,2019-04-01,2019-04-01,21,21,0,159928.XSHE;159939.XSHE;512880.XSHG,159928.XSHE;159939.XSHE;512880.XSHG,True,1.0,0.011955116652208608,1.0,1.0
2019-04-04,2019-04-08,2019-04-08,20,20,0,159928.XSHE;159939.XSHE;512880.XSHG,159928.XSHE;159939.XSHE;512880.XSHG,True,1.0,0.013560621225623098,1.0,1.0
2019-04-12,2019-04-15,2019-04-15,19,19,0,159928.XSHE;159939.XSHE;512880.XSHG,159928.XSHE;159939.XSHE;512880.XSHG,True,1.0,0.01799371791299023,1.0,1.0
2019-04-19,2019-04-22,2019-04-22,22,21,-1,159928.XSHE;159939.XSHE;512880.XSHG,159928.XSHE;159939.XSHE;512880.XSHG,True,1.0,0.019288796742740533,1.0,1.0
2019-04-26,2019-04-29,2019-04-29,21,21,0,159928.XSHE;159939.XSHE;512880.XSHG,159928.XSHE;159939.XSHE;512880.XSHG,True,1.0,0.021764550655998693,1.0,1.0
2019-04-30,2019-05-06,2019-05-06,21,21,0,159905.XSHE;159928.XSHE;512880.XSHG,159928.XSHE;159939.XSHE;512880.XSHG,False,0.5,0.34062450980331516,1.0,1.0
2019-05-10,2019-05-13,2019-05-13,20,20,0,159905.XSHE;159928.XSHE;512880.XSHG,159928.XSHE;159939.XSHE;512880.XSHG,False,0.5,0.3018738314194565,1.0,1.0
2019-05-17,2019-05-20,2019-05-20,19,18,-1,159905.XSHE;159928.XSHE;510810.XSHG,159905.XSHE;159928.XSHE;510810.XSHG,True,1.0,0.049339473365615116,1.0,1.0
2019-05-24,2019-05-27,2019-05-27,17,16,-1,159901.XSHE;159928.XSHE;510050.XSHG,159901.XSHE;159928.XSHE;510050.XSHG,True,1.0,0.001877587690261917,1.0,1.0
2019-05-31,2019-06-03,2019-06-03,17,16,-1,159901.XSHE;159928.XSHE;510050.XSHG,159901.XSHE;159928.XSHE;510050.XSHG,True,1.0,0.0015692983379947678,1.0,1.0
2019-06-06,2019-06-10,2019-06-10,17,16,-1,159928.XSHE;510050.XSHG;518880.XSHG,159928.XSHE;510050.XSHG;518880.XSHG,True,1.0,0.024281389464291314,1.0,1.0
2019-06-14,2019-06-17,2019-06-17,17,16,-1,159928.XSHE;510050.XSHG;518880.XSHG,159928.XSHE;510050.XSHG;518880.XSHG,True,1.0,0.022549799339453197,1.0,1.0
2019-06-21,2019-06-24,2019-06-24,17,16,-1,159928.XSHE;510050.XSHG;512880.XSHG,159928.XSHE;510050.XSHG;512880.XSHG,True,1.0,0.02154564490454311,1.0,1.0
2019-06-28,2019-07-01,2019-07-01,17,16,-1,159928.XSHE;510050.XSHG;512880.XSHG,159928.XSHE;510050.XSHG;512880.XSHG,True,1.0,0.021312793393086227,1.0,1.0
2019-07-05,2019-07-08,2019-07-08,18,17,-1,159928.XSHE;510050.XSHG;512880.XSHG,159928.XSHE;510050.XSHG;512880.XSHG,True,1.0,0.024782129804345077,1.0,1.0
2019-07-12,2019-07-15,2019-07-15,18,17,-1,159928.XSHE;510050.XSHG;512880.XSHG,159928.XSHE;510050.XSHG;512880.XSHG,True,1.0,0.023843453593630742,1.0,1.0
2019-07-19,2019-07-22,2019-07-22,17,16,-1,159928.XSHE;510050.XSHG;512880.XSHG,159928.XSHE;510050.XSHG;512880.XSHG,True,1.0,0.02160930726508642,1.0,1.0
2019-07-26,2019-07-29,2019-07-29,18,17,-1,159928.XSHE;510050.XSHG;518880.XSHG,159928.XSHE;510050.XSHG;518880.XSHG,True,1.0,0.019323594393244325,1.0,1.0
2019-08-02,2019-08-05,2019-08-05,19,18,-1,159928.XSHE;510050.XSHG;518880.XSHG,159928.XSHE;510050.XSHG;518880.XSHG,True,1.0,0.014810112536908296,1.0,1.0
2019-08-09,2019-08-12,2019-08-12,20,19,-1,159928.XSHE;510050.XSHG;518880.XSHG,159928.XSHE;510050.XSHG;518880.XSHG,True,1.0,0.012626571325695196,1.0,1.0
2019-08-16,2019-08-19,2019-08-19,20,19,-1,159928.XSHE;510050.XSHG;518880.XSHG,159928.XSHE;510050.XSHG;518880.XSHG,True,1.0,0.011680801565351465,1.0,1.0
2019-08-23,2019-08-26,2019-08-26,19,18,-1,159928.XSHE;510050.XSHG;518880.XSHG,159928.XSHE;510050.XSHG;518880.XSHG,True,1.0,0.011762628052695748,1.0,1.0
2019-08-30,2019-09-02,2019-09-02,20,19,-1,159901.XSHE;159928.XSHE;518880.XSHG,159901.XSHE;159928.XSHE;518880.XSHG,True,1.0,0.013041660271758584,1.0,1.0
2019-09-06,2019-09-09,2019-09-09,19,18,-1,159901.XSHE;159928.XSHE;518880.XSHG,159901.XSHE;159928.XSHE;518880.XSHG,True,1.0,0.014097962247769089,1.0,1.0
2019-09-12,2019-09-16,2019-09-16,20,19,-1,159901.XSHE;159928.XSHE;518880.XSHG,159901.XSHE;159928.XSHE;518880.XSHG,True,1.0,0.015238708325789066,1.0,1.0
2019-09-20,2019-09-23,2019-09-23,19,18,-1,159901.XSHE;159928.XSHE;518880.XSHG,159901.XSHE;159928.XSHE;518880.XSHG,True,1.0,0.015289777400557855,1.0,1.0
2019-09-27,2019-09-30,2019-09-30,19,18,-1,159901.XSHE;159928.XSHE;518880.XSHG,159901.XSHE;159928.XSHE;518880.XSHG,True,1.0,0.014451903000017169,1.0,1.0
2019-09-30,2019-10-08,2019-10-08,19,18,-1,159901.XSHE;159928.XSHE;518880.XSHG,159901.XSHE;159928.XSHE;518880.XSHG,True,1.0,0.014532120910177401,1.0,1.0
2019-10-11,2019-10-14,2019-10-14,19,18,-1,159901.XSHE;159928.XSHE;518880.XSHG,159901.XSHE;159928.XSHE;518880.XSHG,True,1.0,0.013132990202368092,1.0,1.0
2019-10-18,2019-10-21,2019-10-21,19,18,-1,159901.XSHE;159928.XSHE;518880.XSHG,159901.XSHE;159928.XSHE;518880.XSHG,True,1.0,0.012403780829812,1.0,1.0
2019-10-25,2019-10-28,2019-10-28,19,18,-1,159901.XSHE;159928.XSHE;518880.XSHG,159901.XSHE;159928.XSHE;518880.XSHG,True,1.0,0.010966203413499659,1.0,1.0
2019-11-01,2019-11-04,2019-11-04,19,18,-1,159905.XSHE;159928.XSHE;512010.XSHG,159901.XSHE;159928.XSHE;512010.XSHG,False,0.5,0.6748490144817163,1.0,1.0
2019-11-08,2019-11-11,2019-11-11,18,17,-1,159928.XSHE;159939.XSHE;512010.XSHG,159901.XSHE;159928.XSHE;512010.XSHG,False,0.5,0.6916848903540308,1.0,1.0
2019-11-15,2019-11-18,2019-11-18,19,19,0,159928.XSHE;159939.XSHE;512010.XSHG,159901.XSHE;159928.XSHE;512010.XSHG,False,0.5,0.7065504398351131,1.0,1.0
2019-11-22,2019-11-25,2019-11-25,20,20,0,159939.XSHE;159949.XSHE;512010.XSHG,159901.XSHE;159939.XSHE;512010.XSHG,False,0.5,0.8000000000000002,1.0,1.0
2019-11-29,2019-12-02,2019-12-02,21,21,0,159939.XSHE;159949.XSHE;512010.XSHG,159901.XSHE;159939.XSHE;512010.XSHG,False,0.5,0.8,1.0,1.0
2019-12-06,2019-12-09,2019-12-09,20,19,-1,159901.XSHE;159939.XSHE;159949.XSHE,159901.XSHE;159939.XSHE;159949.XSHE,True,1.0,0.019814219940237687,1.0,1.0
2019-12-13,2019-12-16,2019-12-16,23,22,-1,159901.XSHE;159939.XSHE;159949.XSHE,159901.XSHE;159939.XSHE;159949.XSHE,True,1.0,0.024120978370494234,1.0,1.0
2019-12-20,2019-12-23,2019-12-23,22,21,-1,159901.XSHE;159939.XSHE;159949.XSHE,159901.XSHE;159939.XSHE;159949.XSHE,True,1.0,0.05200151471330114,1.0,1.0
2019-12-27,2019-12-30,2019-12-30,21,20,-1,159901.XSHE;159939.XSHE;159949.XSHE,159901.XSHE;159939.XSHE;159949.XSHE,True,1.0,0.06722393035481447,1.0,1.0
2020-01-03,2020-01-06,2020-01-06,24,23,-1,159901.XSHE;159939.XSHE;159949.XSHE,159901.XSHE;159939.XSHE;159949.XSHE,True,1.0,0.06690910392338867,1.0,1.0
2020-01-10,2020-01-13,2020-01-13,24,24,0,159901.XSHE;159939.XSHE;159949.XSHE,159901.XSHE;159939.XSHE;159949.XSHE,True,1.0,0.04653681416217309,1.0,1.0
2020-01-17,2020-01-20,2020-01-20,24,24,0,159901.XSHE;159939.XSHE;159949.XSHE,159901.XSHE;159939.XSHE;159949.XSHE,True,1.0,0.03650010290688191,1.0,1.0
2020-01-23,2020-02-03,2020-02-03,25,25,0,159939.XSHE;159949.XSHE;512980.XSHG,159939.XSHE;159949.XSHE;512980.XSHG,True,1.0,0.049417300834156686,1.0,1.0
2020-02-07,2020-02-10,2020-02-10,26,25,-1,159939.XSHE;159949.XSHE;512980.XSHG,159939.XSHE;159949.XSHE;512980.XSHG,True,1.0,0.001099373887074817,1.0,1.0
2020-02-14,2020-02-17,2020-02-17,26,25,-1,159939.XSHE;159949.XSHE;512980.XSHG,159939.XSHE;159949.XSHE;512980.XSHG,True,1.0,0.001488864625398434,1.0,1.0
2020-02-21,2020-02-24,2020-02-24,27,26,-1,159939.XSHE;159949.XSHE;512980.XSHG,159939.XSHE;159949.XSHE;512980.XSHG,True,1.0,0.0005499999849406245,1.0,1.0
2020-02-28,2020-03-02,2020-03-02,28,27,-1,159939.XSHE;159949.XSHE;512980.XSHG,159939.XSHE;159949.XSHE;512980.XSHG,True,1.0,0.0007400285685426611,1.0,1.0
2020-03-06,2020-03-09,2020-03-09,28,28,0,159938.XSHE;159949.XSHE;512330.XSHG,159938.XSHE;159949.XSHE;512330.XSHG,True,1.0,0.022217266759420498,1.0,1.0
2020-03-13,2020-03-16,2020-03-16,28,28,0,159938.XSHE;159949.XSHE;512330.XSHG,159938.XSHE;159949.XSHE;512330.XSHG,True,1.0,0.02090453309349803,1.0,1.0
2020-03-20,2020-03-23,2020-03-23,28,29,1,159938.XSHE;159949.XSHE;512330.XSHG,159938.XSHE;159949.XSHE;512330.XSHG,True,1.0,0.019790008869430123,1.0,1.0
2020-03-27,2020-03-30,2020-03-30,27,28,1,159938.XSHE;159949.XSHE;512330.XSHG,159938.XSHE;159949.XSHE;512330.XSHG,True,1.0,0.016547609575976174,1.0,1.0
2020-04-03,2020-04-07,2020-04-07,25,26,1,159938.XSHE;159949.XSHE;518880.XSHG,159938.XSHE;159949.XSHE;518880.XSHG,True,1.0,0.007384724242405383,1.0,1.0
2020-04-10,2020-04-13,2020-04-13,25,28,3,159938.XSHE;159949.XSHE;518880.XSHG,159938.XSHE;159949.XSHE;518880.XSHG,True,1.0,0.007466750377091921,1.0,1.0
2020-04-17,2020-04-20,2020-04-20,22,27,5,159938.XSHE;159949.XSHE;518880.XSHG,159938.XSHE;159949.XSHE;518880.XSHG,True,1.0,0.007670929718039371,1.0,1.0
2020-04-24,2020-04-27,2020-04-27,21,26,5,159938.XSHE;159949.XSHE;518880.XSHG,159938.XSHE;159949.XSHE;518880.XSHG,True,1.0,0.006848028223365055,1.0,1.0
2020-04-30,2020-05-06,2020-05-06,22,26,4,159938.XSHE;159949.XSHE;518880.XSHG,159938.XSHE;159949.XSHE;518880.XSHG,True,1.0,0.006941854793974765,1.0,1.0
2020-05-08,2020-05-11,2020-05-11,22,26,4,159949.XSHE;512010.XSHG;518880.XSHG,159938.XSHE;159949.XSHE;518880.XSHG,False,0.5,0.3145348950938652,1.0,1.0
2020-05-15,2020-05-18,2020-05-18,22,27,5,159949.XSHE;512010.XSHG;518880.XSHG,159938.XSHE;159949.XSHE;518880.XSHG,False,0.5,0.2925340692842333,1.0,1.0
2020-05-22,2020-05-25,2020-05-25,24,27,3,159949.XSHE;512010.XSHG;518880.XSHG,159938.XSHE;159949.XSHE;518880.XSHG,False,0.5,0.2899081105239676,1.0,1.0
2020-05-29,2020-06-01,2020-06-01,24,27,3,159938.XSHE;159949.XSHE;518880.XSHG,159938.XSHE;159949.XSHE;518880.XSHG,True,1.0,0.011325895930367882,1.0,1.0
2020-06-05,2020-06-08,2020-06-08,24,27,3,159938.XSHE;159949.XSHE;512690.XSHG,159938.XSHE;159949.XSHE;512690.XSHG,True,1.0,0.02740616518764158,1.0,1.0
2020-06-12,2020-06-15,2020-06-15,25,29,4,159938.XSHE;159949.XSHE;512690.XSHG,159938.XSHE;159949.XSHE;512690.XSHG,True,1.0,0.02590879249220518,1.0,1.0
2020-06-19,2020-06-22,2020-06-22,25,29,4,159938.XSHE;159949.XSHE;512690.XSHG,159938.XSHE;159949.XSHE;512690.XSHG,True,1.0,0.027258066738412523,1.0,1.0
2020-06-24,2020-06-29,2020-06-29,27,31,4,159938.XSHE;159949.XSHE;512760.XSHG,159938.XSHE;159949.XSHE;512760.XSHG,True,1.0,0.008131928973307737,1.0,1.0
2020-07-03,2020-07-06,2020-07-06,32,36,4,159949.XSHE;512290.XSHG;512760.XSHG,159949.XSHE;512290.XSHG;512760.XSHG,True,1.0,0.0004615135448235719,1.0,1.0
2020-07-10,2020-07-13,2020-07-13,36,40,4,159949.XSHE;512290.XSHG;512760.XSHG,159949.XSHE;512290.XSHG;512760.XSHG,True,1.0,0.000806029309962264,0.7789944960113806,0.7793850628871921
2020-07-17,2020-07-20,2020-07-20,40,45,5,159949.XSHE;512290.XSHG;512760.XSHG,159949.XSHE;512290.XSHG;512760.XSHG,True,1.0,0.0007267859097996321,0.6288147919993408,0.6286161813769593
2020-07-24,2020-07-27,2020-07-27,42,47,5,159949.XSHE;510630.XSHG;512290.XSHG,159949.XSHE;510630.XSHG;512290.XSHG,True,1.0,0.0062682136148724185,1.0,1.0
2020-07-31,2020-08-03,2020-08-03,45,48,3,159949.XSHE;512170.XSHG;512290.XSHG,159949.XSHE;512170.XSHG;512290.XSHG,True,1.0,0.0006989899420828394,0.5705219798437842,0.5702280950666346
2020-08-07,2020-08-10,2020-08-10,41,44,3,159949.XSHE;512290.XSHG;512660.XSHG,159967.XSHE;512290.XSHG;512660.XSHG,False,0.5,0.4225068985173499,0.5684936326491211,0.5692836565500052
2020-08-14,2020-08-17,2020-08-17,39,44,5,510630.XSHG;512290.XSHG;512670.XSHG,510630.XSHG;512290.XSHG;512670.XSHG,True,1.0,0.023578356139329258,0.41219098473529014,0.4004018066656255
2020-08-21,2020-08-24,2020-08-24,40,44,4,510630.XSHG;512290.XSHG;512670.XSHG,510630.XSHG;512290.XSHG;512670.XSHG,True,1.0,0.027489441800719244,0.4436610756871825,0.4299163547868229
2020-08-28,2020-08-31,2020-08-31,39,45,6,510630.XSHG;512290.XSHG;512690.XSHG,510630.XSHG;512290.XSHG;512690.XSHG,True,1.0,0.011430052484913189,0.46661838913657583,0.46113517822945527
2020-09-04,2020-09-07,2020-09-07,41,44,3,510630.XSHG;512290.XSHG;512690.XSHG,510630.XSHG;512290.XSHG;512690.XSHG,True,1.0,0.012179591189789618,0.46457784055066653,0.4585958928557855
2020-09-11,2020-09-14,2020-09-14,43,45,2,510630.XSHG;512670.XSHG;512690.XSHG,510630.XSHG;512670.XSHG;512690.XSHG,True,1.0,0.02359634173456293,0.4022041434181821,0.3904637579207346
2020-09-18,2020-09-21,2020-09-21,42,43,1,510630.XSHG;512670.XSHG;512690.XSHG,510630.XSHG;512670.XSHG;512690.XSHG,True,1.0,0.017006661048658292,0.3448845950830244,0.3365965918778575
2020-09-25,2020-09-28,2020-09-28,41,42,1,510630.XSHG;512670.XSHG;512690.XSHG,510630.XSHG;512670.XSHG;512690.XSHG,True,1.0,0.015391014595548334,0.33470472471607593,0.32721777623712134
2020-09-30,2020-10-09,2020-10-09,41,42,1,159949.XSHE;512670.XSHG;512690.XSHG,159949.XSHE;512670.XSHG;512690.XSHG,True,1.0,0.007349910213118774,0.4772397558665116,0.4737988356475251
2020-10-09,2020-10-12,2020-10-12,41,43,2,159949.XSHE;512670.XSHG;512690.XSHG,159949.XSHE;512670.XSHG;512690.XSHG,True,1.0,0.007297189358343198,0.47366321238813414,0.47024052392350724
2020-10-16,2020-10-19,2020-10-19,38,42,4,159949.XSHE;512670.XSHG;512690.XSHG,159949.XSHE;512670.XSHG;512690.XSHG,True,1.0,0.007311714781925001,0.5364390196282395,0.5333244911271232
2020-10-23,2020-10-26,2020-10-26,38,42,4,159928.XSHE;159949.XSHE;512690.XSHG,159928.XSHE;159949.XSHE;512690.XSHG,True,1.0,0.001434251538422665,0.6555741186663726,0.6561921221985069
2020-10-30,2020-11-02,2020-11-02,39,43,4,159928.XSHE;159949.XSHE;512690.XSHG,159928.XSHE;159949.XSHE;512690.XSHG,True,1.0,0.001405675874380119,0.6893054355882089,0.6893933006308186
2020-11-06,2020-11-09,2020-11-09,39,43,4,159949.XSHE;159967.XSHE;512690.XSHG,159905.XSHE;159949.XSHE;512690.XSHG,False,0.5,0.23595387162628886,0.5733895239664536,0.5678391757228336
2020-11-13,2020-11-16,2020-11-16,43,48,5,159949.XSHE;159967.XSHE;512690.XSHG,159928.XSHE;159949.XSHE;512690.XSHG,False,0.5,0.5209506011378973,0.5775245677386929,0.6850478287272822
2020-11-20,2020-11-23,2020-11-23,44,48,4,159949.XSHE;159967.XSHE;512690.XSHG,159928.XSHE;159949.XSHE;512690.XSHG,False,0.5,0.5192565365158133,0.5886481146478586,0.6865925471320783
2020-11-27,2020-11-30,2020-11-30,45,48,3,159967.XSHE;512400.XSHG;512690.XSHG,512400.XSHG;512690.XSHG;515650.XSHG,False,0.5,0.3136548093755665,0.612643310604259,0.5574934984579876
2020-12-04,2020-12-07,2020-12-07,46,50,4,159967.XSHE;512400.XSHG;512690.XSHG,512400.XSHG;512690.XSHG;515650.XSHG,False,0.5,0.3125481105432874,0.6162523849288943,0.5495833276264779
2020-12-11,2020-12-14,2020-12-14,45,49,4,159949.XSHE;159967.XSHE;512690.XSHG,159967.XSHE;512690.XSHG;515650.XSHG,False,0.5,0.5635128484699595,0.6442409815411487,0.4436177545911417
2020-12-18,2020-12-21,2020-12-21,42,47,5,159949.XSHE;159967.XSHE;512690.XSHG,159967.XSHE;512690.XSHG;515650.XSHG,False,0.5,0.5779715943724967,0.6527187081748578,0.44483109524618225
2020-12-25,2020-12-28,2020-12-28,45,50,5,159967.XSHE;512670.XSHG;512690.XSHG,159967.XSHE;512670.XSHG;512690.XSHG,True,1.0,0.051918834661576804,0.5443044026723175,0.5183449853415291
2020-12-31,2021-01-04,2021-01-04,49,54,5,159967.XSHE;512670.XSHG;512690.XSHG,159967.XSHE;512670.XSHG;512690.XSHG,True,1.0,0.05293479330855774,0.587387449012719,0.5609200523584401
2021-01-08,2021-01-11,2021-01-11,50,55,5,159967.XSHE;512670.XSHG;512690.XSHG,159967.XSHE;512670.XSHG;512690.XSHG,True,1.0,0.06423651909054232,1.0,1.0
2021-01-15,2021-01-18,2021-01-18,53,60,7,159967.XSHE;512670.XSHG;512690.XSHG,159967.XSHE;512670.XSHG;512690.XSHG,True,1.0,0.03402221423910745,1.0,1.0
2021-01-22,2021-01-25,2021-01-25,54,61,7,159967.XSHE;512670.XSHG;512690.XSHG,159967.XSHE;512670.XSHG;512690.XSHG,True,1.0,0.03075594288358452,1.0,1.0
2021-01-29,2021-02-01,2021-02-01,54,63,9,159967.XSHE;510630.XSHG;512690.XSHG,159967.XSHE;510630.XSHG;512690.XSHG,True,1.0,0.02426666915403941,0.48563753727894055,0.48078553290886206
2021-02-05,2021-02-08,2021-02-08,55,65,10,159967.XSHE;510630.XSHG;512690.XSHG,159967.XSHE;510630.XSHG;512690.XSHG,True,1.0,0.0070475622425750645,1.0,1.0
2021-02-10,2021-02-18,2021-02-18,51,60,9,159967.XSHE;510630.XSHG;512690.XSHG,159967.XSHE;510630.XSHG;512690.XSHG,True,1.0,0.006681164867868558,1.0,1.0
2021-02-19,2021-02-22,2021-02-22,53,62,9,159967.XSHE;510630.XSHG;512690.XSHG,159967.XSHE;510630.XSHG;512690.XSHG,True,1.0,0.007533523925089325,1.0,1.0
2021-02-26,2021-03-01,2021-03-01,55,61,6,159967.XSHE;512400.XSHG;515700.XSHG,159967.XSHE;515650.XSHG;515700.XSHG,False,0.5,0.4035693195972427,1.0,1.0
2021-03-05,2021-03-08,2021-03-08,55,60,5,159967.XSHE;515650.XSHG;515700.XSHG,159967.XSHE;515650.XSHG;515700.XSHG,True,1.0,1.6653345369377348e-16,1.0,1.0
2021-03-12,2021-03-15,2021-03-15,53,58,5,159967.XSHE;512400.XSHG;515700.XSHG,159967.XSHE;512400.XSHG;515700.XSHG,True,1.0,0.00025657581545471264,1.0,1.0
2021-03-19,2021-03-22,2021-03-22,55,58,3,512400.XSHG;515210.XSHG;515700.XSHG,512400.XSHG;515210.XSHG;515700.XSHG,True,1.0,0.002400247648807863,1.0,1.0
2021-03-26,2021-03-29,2021-03-29,52,55,3,512400.XSHG;515210.XSHG;515650.XSHG,512400.XSHG;515210.XSHG;515650.XSHG,True,1.0,0.023394300934547307,1.0,1.0
2021-04-02,2021-04-06,2021-04-06,51,51,0,159967.XSHE;515210.XSHG;515650.XSHG,512170.XSHG;515210.XSHG;515650.XSHG,False,0.5,0.4435169094573541,1.0,1.0
2021-04-09,2021-04-12,2021-04-12,50,49,-1,512400.XSHG;515210.XSHG;515220.XSHG,512170.XSHG;512400.XSHG;515210.XSHG,False,0.5,0.5338830176749862,1.0,1.0
2021-04-16,2021-04-19,2021-04-19,48,47,-1,512400.XSHG;515210.XSHG;515220.XSHG,512170.XSHG;512400.XSHG;515210.XSHG,False,0.5,0.5269607583504654,1.0,1.0
2021-04-23,2021-04-26,2021-04-26,48,46,-2,512400.XSHG;515210.XSHG;515220.XSHG,512170.XSHG;512400.XSHG;515210.XSHG,False,0.5,0.557703757816666,1.0,1.0
2021-04-30,2021-05-06,2021-05-06,48,46,-2,512400.XSHG;515210.XSHG;515220.XSHG,512400.XSHG;512690.XSHG;515210.XSHG,False,0.5,0.5527286067889142,1.0,1.0
2021-05-07,2021-05-10,2021-05-10,49,47,-2,512400.XSHG;515210.XSHG;515220.XSHG,512400.XSHG;512690.XSHG;515210.XSHG,False,0.5,0.5629891362519666,1.0,1.0
2021-05-14,2021-05-17,2021-05-17,50,49,-1,512400.XSHG;515210.XSHG;515220.XSHG,512400.XSHG;512690.XSHG;515210.XSHG,False,0.5,0.5842579705172539,1.0,1.0
2021-05-21,2021-05-24,2021-05-24,52,50,-2,512400.XSHG;515210.XSHG;515220.XSHG,512400.XSHG;515030.XSHG;515220.XSHG,False,0.5,0.43412761042798786,1.0,1.0
2021-05-28,2021-05-31,2021-05-31,54,52,-2,512690.XSHG;515220.XSHG;515700.XSHG,159967.XSHE;515030.XSHG;515220.XSHG,False,0.2,0.9189677269353845,1.0,1.0
2021-06-04,2021-06-07,2021-06-07,57,56,-1,159967.XSHE;512690.XSHG;515700.XSHG,159967.XSHE;512690.XSHG;515030.XSHG,False,0.5,0.4163287743385017,1.0,1.0
2021-06-11,2021-06-15,2021-06-15,57,55,-2,159967.XSHE;512690.XSHG;515700.XSHG,159967.XSHE;512690.XSHG;515030.XSHG,False,0.5,0.43798068575580207,1.0,1.0
2021-06-18,2021-06-21,2021-06-21,56,54,-2,159967.XSHE;512690.XSHG;515700.XSHG,159967.XSHE;512690.XSHG;515030.XSHG,False,0.5,0.39429261241911107,1.0,1.0
2021-06-25,2021-06-28,2021-06-28,56,55,-1,159967.XSHE;515220.XSHG;515700.XSHG,159967.XSHE;515030.XSHG;515220.XSHG,False,0.5,0.4948607423253765,1.0,1.0
2021-07-02,2021-07-05,2021-07-05,56,55,-1,159967.XSHE;512580.XSHG;515700.XSHG,159967.XSHE;512580.XSHG;515030.XSHG,False,0.5,0.3521522974841744,1.0,1.0
2021-07-09,2021-07-12,2021-07-12,56,54,-2,159967.XSHE;159995.XSHE;515700.XSHG,159967.XSHE;512400.XSHG;515030.XSHG,False,0.2,0.8311961013184739,1.0,1.0
2021-07-16,2021-07-19,2021-07-19,55,54,-1,159967.XSHE;512400.XSHG;515700.XSHG,159967.XSHE;512400.XSHG;515030.XSHG,False,0.5,0.3796500602157268,1.0,1.0
2021-07-23,2021-07-26,2021-07-26,54,55,1,512400.XSHG;515220.XSHG;515700.XSHG,512400.XSHG;515030.XSHG;515220.XSHG,False,0.5,0.420263965630858,1.0,1.0
2021-07-30,2021-08-02,2021-08-02,56,54,-2,512400.XSHG;512480.XSHG;515700.XSHG,512400.XSHG;512480.XSHG;515030.XSHG,False,0.5,0.3510109841441783,1.0,1.0
2021-08-06,2021-08-09,2021-08-09,57,56,-1,159967.XSHE;159995.XSHE;515700.XSHG,512400.XSHG;512480.XSHG;515030.XSHG,False,0.0,1.0011569139584984,1.0,1.0
2021-08-13,2021-08-16,2021-08-16,57,55,-2,512400.XSHG;515220.XSHG;515700.XSHG,512400.XSHG;515030.XSHG;515220.XSHG,False,0.5,0.3369423250514607,1.0,1.0
2021-08-20,2021-08-23,2021-08-23,57,56,-1,515210.XSHG;515220.XSHG;515700.XSHG,515030.XSHG;515210.XSHG;515220.XSHG,False,0.5,0.33814638048105705,1.0,1.0
2021-08-27,2021-08-30,2021-08-30,56,55,-1,512400.XSHG;515220.XSHG;515700.XSHG,512400.XSHG;515030.XSHG;515220.XSHG,False,0.5,0.3243741953125281,1.0,1.0
2021-09-03,2021-09-06,2021-09-06,56,55,-1,515210.XSHG;515220.XSHG;515700.XSHG,515030.XSHG;515210.XSHG;515220.XSHG,False,0.5,0.32749462721486916,1.0,1.0
2021-09-10,2021-09-13,2021-09-13,57,55,-2,515210.XSHG;515220.XSHG;515700.XSHG,515030.XSHG;515210.XSHG;515220.XSHG,False,0.5,0.3350398689638209,1.0,1.0
2021-09-17,2021-09-22,2021-09-22,59,56,-3,510170.XSHG;515220.XSHG;515700.XSHG,515030.XSHG;515210.XSHG;515220.XSHG,False,0.2,0.7104838266302258,1.0,1.0
2021-09-24,2021-09-27,2021-09-27,59,56,-3,510170.XSHG;515220.XSHG;515700.XSHG,510410.XSHG;515030.XSHG;515220.XSHG,False,0.2,0.4584265652023402,1.0,1.0
2021-09-30,2021-10-08,2021-10-08,60,57,-3,510170.XSHG;515220.XSHG;515700.XSHG,510410.XSHG;515030.XSHG;515220.XSHG,False,0.2,0.44364520994972717,1.0,1.0
2021-10-08,2021-10-11,2021-10-11,60,57,-3,510170.XSHG;515220.XSHG;515700.XSHG,510410.XSHG;515030.XSHG;515220.XSHG,False,0.2,0.4420466197333827,1.0,1.0
2021-10-15,2021-10-18,2021-10-18,61,58,-3,510170.XSHG;512580.XSHG;515220.XSHG,510410.XSHG;512580.XSHG;515220.XSHG,False,0.5,0.12178818693291085,1.0,1.0
2021-10-22,2021-10-25,2021-10-25,59,57,-2,510410.XSHG;512580.XSHG;515220.XSHG,510410.XSHG;512580.XSHG;515220.XSHG,True,1.0,0.010331849483546957,1.0,1.0
2021-10-29,2021-11-01,2021-11-01,59,58,-1,510410.XSHG;512580.XSHG;515220.XSHG,510410.XSHG;512580.XSHG;515220.XSHG,True,1.0,0.00945094189410181,1.0,1.0
2021-11-05,2021-11-08,2021-11-08,59,60,1,512580.XSHG;515220.XSHG;515700.XSHG,512580.XSHG;515220.XSHG;515700.XSHG,True,1.0,0.0010142891451603298,1.0,1.0
2021-11-12,2021-11-15,2021-11-15,58,59,1,512580.XSHG;512670.XSHG;515700.XSHG,512580.XSHG;512670.XSHG;515700.XSHG,True,1.0,0.00836888666811128,1.0,1.0
2021-11-19,2021-11-22,2021-11-22,61,62,1,512580.XSHG;512670.XSHG;515700.XSHG,512580.XSHG;512670.XSHG;515700.XSHG,True,1.0,0.00840658517032672,1.0,1.0
2021-11-26,2021-11-29,2021-11-29,61,63,2,159967.XSHE;512580.XSHG;515700.XSHG,159967.XSHE;512580.XSHG;515700.XSHG,True,1.0,2.498001805406602e-16,1.0,1.0
2021-12-03,2021-12-06,2021-12-06,60,63,3,512580.XSHG;512670.XSHG;515700.XSHG,512580.XSHG;512670.XSHG;515700.XSHG,True,1.0,4.440892098500626e-16,1.0,1.0
2021-12-10,2021-12-13,2021-12-13,63,67,4,512580.XSHG;512670.XSHG;515700.XSHG,512580.XSHG;512670.XSHG;515700.XSHG,True,1.0,0.0239867735818958,1.0,1.0
2021-12-17,2021-12-20,2021-12-20,62,66,4,512580.XSHG;512670.XSHG;515700.XSHG,512580.XSHG;512670.XSHG;515700.XSHG,True,1.0,0.04036803324835983,1.0,1.0
2021-12-24,2021-12-27,2021-12-27,64,69,5,159995.XSHE;512670.XSHG;515050.XSHG,512670.XSHG;512760.XSHG;515050.XSHG,False,0.5,0.6013513518143905,1.0,1.0
2021-12-31,2022-01-04,2022-01-04,64,73,9,512100.XSHG;512670.XSHG;515790.XSHG,512100.XSHG;512670.XSHG;515790.XSHG,True,1.0,0.00010345321660931717,1.0,1.0
2022-01-07,2022-01-10,2022-01-10,63,73,10,512100.XSHG;512670.XSHG;515900.XSHG,512100.XSHG;512670.XSHG;515900.XSHG,True,1.0,0.014792584850014515,1.0,1.0
2022-01-14,2022-01-17,2022-01-17,64,73,9,512100.XSHG;512670.XSHG;515900.XSHG,512100.XSHG;512670.XSHG;515900.XSHG,True,1.0,0.013336223667052408,1.0,1.0
2022-01-21,2022-01-24,2022-01-24,66,72,6,515080.XSHG;515250.XSHG;515900.XSHG,515080.XSHG;515250.XSHG;515900.XSHG,True,1.0,0.09172299196761752,1.0,1.0
2022-01-28,2022-02-07,2022-02-07,64,71,7,515080.XSHG;515250.XSHG;515900.XSHG,515080.XSHG;515250.XSHG;515900.XSHG,True,1.0,0.07430484720479388,1.0,1.0
2022-02-11,2022-02-14,2022-02-14,64,73,9,515080.XSHG;515220.XSHG;515900.XSHG,515080.XSHG;515220.XSHG;515900.XSHG,True,1.0,0.043643018691816915,1.0,1.0
2022-02-18,2022-02-21,2022-02-21,65,73,8,515080.XSHG;515220.XSHG;515900.XSHG,515080.XSHG;515220.XSHG;515900.XSHG,True,1.0,0.040811381786897874,1.0,1.0
2022-02-25,2022-02-28,2022-02-28,66,75,9,515080.XSHG;515220.XSHG;518880.XSHG,515080.XSHG;515220.XSHG;518880.XSHG,True,1.0,0.025335399000400022,1.0,1.0
2022-03-04,2022-03-07,2022-03-07,65,74,9,515080.XSHG;515220.XSHG;518880.XSHG,515080.XSHG;515220.XSHG;518880.XSHG,True,1.0,0.021553824920451298,1.0,1.0
2022-03-11,2022-03-14,2022-03-14,65,75,10,510880.XSHG;515220.XSHG;518880.XSHG,510880.XSHG;515220.XSHG;518880.XSHG,True,1.0,0.000788791427967922,1.0,1.0
2022-03-18,2022-03-21,2022-03-21,72,79,7,510880.XSHG;515220.XSHG;518880.XSHG,510880.XSHG;515220.XSHG;518880.XSHG,True,1.0,0.00098135118916165,1.0,1.0
2022-03-25,2022-03-28,2022-03-28,72,76,4,515180.XSHG;515220.XSHG;518880.XSHG,515180.XSHG;515220.XSHG;518880.XSHG,True,1.0,0.0232535679226515,1.0,1.0
2022-04-01,2022-04-06,2022-04-06,74,77,3,515180.XSHG;515220.XSHG;518880.XSHG,515180.XSHG;515220.XSHG;518880.XSHG,True,1.0,0.023408124757330367,1.0,1.0
2022-04-08,2022-04-11,2022-04-11,74,77,3,512200.XSHG;515180.XSHG;515220.XSHG,512200.XSHG;515220.XSHG;518880.XSHG,False,0.5,0.9027661760644708,1.0,1.0
2022-04-15,2022-04-18,2022-04-18,74,79,5,512200.XSHG;515180.XSHG;515220.XSHG,512200.XSHG;515220.XSHG;518880.XSHG,False,0.5,0.8691822115017389,1.0,1.0
2022-04-22,2022-04-25,2022-04-25,78,82,4,510880.XSHG;515220.XSHG;518880.XSHG,510880.XSHG;515220.XSHG;518880.XSHG,True,1.0,0.0005324094310777405,1.0,1.0
2022-04-29,2022-05-05,2022-05-05,79,85,6,510880.XSHG;515220.XSHG;518880.XSHG,510880.XSHG;515220.XSHG;518880.XSHG,True,1.0,0.0004281961275098556,1.0,1.0
2022-05-06,2022-05-09,2022-05-09,80,88,8,510880.XSHG;515220.XSHG;518880.XSHG,510880.XSHG;515220.XSHG;518880.XSHG,True,1.0,0.001116753937636522,1.0,1.0
2022-05-13,2022-05-16,2022-05-16,81,88,7,512890.XSHG;515220.XSHG;518880.XSHG,512890.XSHG;515220.XSHG;518880.XSHG,True,1.0,0.011483144520365779,1.0,1.0
2022-05-20,2022-05-23,2022-05-23,81,88,7,512890.XSHG;515220.XSHG;518880.XSHG,512890.XSHG;515220.XSHG;518880.XSHG,True,1.0,0.011594189884928136,1.0,1.0
2022-05-27,2022-05-30,2022-05-30,81,87,6,512890.XSHG;515220.XSHG;518880.XSHG,512890.XSHG;515220.XSHG;518880.XSHG,True,1.0,0.01101075512811843,1.0,1.0
2022-06-02,2022-06-06,2022-06-06,84,89,5,512890.XSHG;515220.XSHG;518880.XSHG,512890.XSHG;515220.XSHG;518880.XSHG,True,1.0,0.011183288153431052,1.0,1.0
2022-06-10,2022-06-13,2022-06-13,85,89,4,510410.XSHG;512890.XSHG;515220.XSHG,510410.XSHG;512890.XSHG;515220.XSHG,True,1.0,0.021380605632165033,1.0,1.0
2022-06-17,2022-06-20,2022-06-20,86,92,6,510410.XSHG;515220.XSHG;516110.XSHG,510410.XSHG;515220.XSHG;516110.XSHG,True,1.0,0.012006760475233844,1.0,1.0
2022-06-24,2022-06-27,2022-06-27,86,93,7,159861.XSHE;515220.XSHG;516110.XSHG,159861.XSHE;515220.XSHG;516110.XSHG,True,1.0,0.016398420816303313,1.0,1.0
2022-07-01,2022-07-04,2022-07-04,88,94,6,159861.XSHE;515220.XSHG;516110.XSHG,159861.XSHE;515220.XSHG;516110.XSHG,True,1.0,0.017294138226671155,1.0,1.0
2022-07-08,2022-07-11,2022-07-11,93,96,3,159861.XSHE;515220.XSHG;516110.XSHG,159861.XSHE;515220.XSHG;516110.XSHG,True,1.0,0.0180996282791432,1.0,1.0
2022-07-15,2022-07-18,2022-07-18,94,95,1,159861.XSHE;516110.XSHG;516150.XSHG,159861.XSHE;516110.XSHG;516150.XSHG,True,1.0,0.0200269825157198,1.0,1.0
2022-07-22,2022-07-25,2022-07-25,94,94,0,159861.XSHE;516110.XSHG;516150.XSHG,159861.XSHE;516110.XSHG;516150.XSHG,True,1.0,0.020001037898731602,1.0,1.0
2022-07-29,2022-08-01,2022-08-01,92,94,2,159861.XSHE;516110.XSHG;516150.XSHG,159861.XSHE;516110.XSHG;516150.XSHG,True,1.0,0.019350680536629417,1.0,1.0
2022-08-05,2022-08-08,2022-08-08,93,94,1,159861.XSHE;516110.XSHG;516150.XSHG,159861.XSHE;516110.XSHG;516150.XSHG,True,1.0,0.019111509039029084,1.0,1.0
2022-08-12,2022-08-15,2022-08-15,92,93,1,159861.XSHE;515220.XSHG;516150.XSHG,159861.XSHE;515220.XSHG;516150.XSHG,True,1.0,0.016452645336276397,1.0,1.0
2022-08-19,2022-08-22,2022-08-22,92,94,2,159861.XSHE;159930.XSHE;510410.XSHG,159861.XSHE;510410.XSHG;515220.XSHG,False,0.5,0.3943217091553114,1.0,1.0
2022-08-26,2022-08-29,2022-08-29,92,93,1,159861.XSHE;159865.XSHE;159930.XSHE,159861.XSHE;159865.XSHE;515220.XSHG,False,0.5,0.4633695957594651,1.0,1.0
2022-09-02,2022-09-05,2022-09-05,93,94,1,159865.XSHE;159930.XSHE;510880.XSHG,159865.XSHE;510880.XSHG;515220.XSHG,False,0.5,0.5087507145736799,1.0,1.0
2022-09-09,2022-09-13,2022-09-13,94,96,2,159930.XSHE;510880.XSHG;515790.XSHG,510880.XSHG;515220.XSHG;515790.XSHG,False,0.5,0.46980247148058496,1.0,1.0
2022-09-16,2022-09-19,2022-09-19,97,97,0,159766.XSHE;159930.XSHE;510880.XSHG,159766.XSHE;510880.XSHG;515220.XSHG,False,0.5,0.46252574134828095,1.0,1.0
2022-09-23,2022-09-26,2022-09-26,95,96,1,159930.XSHE;510880.XSHG;512670.XSHG,510880.XSHG;512670.XSHG;515220.XSHG,False,0.5,0.4957064555629238,1.0,1.0
2022-09-30,2022-10-10,2022-10-10,95,96,1,159766.XSHE;159928.XSHE;159930.XSHE,159766.XSHE;159928.XSHE;515220.XSHG,False,0.5,0.5521687041711012,1.0,1.0
2022-10-14,2022-10-17,2022-10-17,96,97,1,159930.XSHE;510410.XSHG;518880.XSHG,510410.XSHG;515220.XSHG;518880.XSHG,False,0.5,0.5635657314765014,1.0,1.0
2022-10-21,2022-10-24,2022-10-24,99,98,-1,159930.XSHE;512890.XSHG;518880.XSHG,159930.XSHE;512890.XSHG;513360.XSHG,False,0.5,0.8293069401306793,1.0,1.0
2022-10-28,2022-10-31,2022-10-31,101,101,0,159852.XSHE;159930.XSHE;512670.XSHG,159930.XSHE;512670.XSHG;513360.XSHG,False,0.5,0.5691204677947369,1.0,1.0
2022-11-04,2022-11-07,2022-11-07,101,101,0,159766.XSHE;159852.XSHE;512670.XSHG,159852.XSHE;512670.XSHG;513360.XSHG,False,0.5,0.5943965333966645,1.0,1.0
2022-11-11,2022-11-14,2022-11-14,103,104,1,159766.XSHE;159930.XSHE;515230.XSHG,159766.XSHE;159930.XSHE;513360.XSHG,False,0.5,0.6272431139499935,1.0,1.0
2022-11-18,2022-11-21,2022-11-21,104,103,-1,159766.XSHE;159938.XSHE;515230.XSHG,159766.XSHE;159938.XSHE;513360.XSHG,False,0.5,0.5911276269587795,1.0,1.0
2022-11-25,2022-11-28,2022-11-28,106,105,-1,159930.XSHE;159938.XSHE;518880.XSHG,159930.XSHE;510880.XSHG;513360.XSHG,False,0.2,1.1782750954164591,1.0,1.0
2022-12-02,2022-12-05,2022-12-05,106,105,-1,159766.XSHE;512200.XSHG;518880.XSHG,159766.XSHE;513360.XSHG;518880.XSHG,False,0.5,0.5530581190807642,1.0,1.0
2022-12-09,2022-12-12,2022-12-12,106,105,-1,159766.XSHE;512200.XSHG;518880.XSHG,159707.XSHE;159766.XSHE;513360.XSHG,False,0.2,1.428993890796889,0.9322615755182033,0.5718578039239126
2022-12-16,2022-12-19,2022-12-19,105,105,0,159766.XSHE;512690.XSHG;518880.XSHG,159766.XSHE;513360.XSHG;518880.XSHG,False,0.5,0.5972697456067447,1.0,1.0
2022-12-23,2022-12-26,2022-12-26,102,102,0,159766.XSHE;515100.XSHG;518880.XSHG,159766.XSHE;513360.XSHG;518880.XSHG,False,0.5,0.6015387966432938,1.0,1.0
2022-12-30,2023-01-03,2023-01-03,101,100,-1,159766.XSHE;515100.XSHG;518880.XSHG,159766.XSHE;513360.XSHG;518880.XSHG,False,0.5,0.6211530205153873,1.0,1.0
2023-01-06,2023-01-09,2023-01-09,101,100,-1,159766.XSHE;515100.XSHG;516510.XSHG,159766.XSHE;513360.XSHG;516510.XSHG,False,0.5,0.3842692899039787,1.0,1.0
2023-01-13,2023-01-16,2023-01-16,101,99,-2,159766.XSHE;510230.XSHG;512690.XSHG,159766.XSHE;512690.XSHG;513360.XSHG,False,0.5,0.32550091564026773,1.0,1.0
2023-01-20,2023-01-30,2023-01-30,105,102,-3,159766.XSHE;512690.XSHG;513090.XSHG,159766.XSHE;512690.XSHG;513360.XSHG,False,0.5,0.5036211152384904,1.0,1.0
2023-02-03,2023-02-06,2023-02-06,105,102,-3,159766.XSHE;512690.XSHG;516510.XSHG,159766.XSHE;512690.XSHG;513360.XSHG,False,0.5,0.35956630551811414,1.0,1.0
2023-02-10,2023-02-13,2023-02-13,103,100,-3,159766.XSHE;512690.XSHG;516510.XSHG,512690.XSHG;513360.XSHG;516510.XSHG,False,0.5,0.6362558212931662,0.7012873846744857,0.5977293636212228
2023-02-17,2023-02-20,2023-02-20,104,101,-3,159766.XSHE;512690.XSHG;516510.XSHG,159869.XSHE;512690.XSHG;513360.XSHG,False,0.2,0.8874322946235048,1.0,1.0
2023-02-24,2023-02-27,2023-02-27,108,106,-2,159869.XSHE;512690.XSHG;516510.XSHG,512690.XSHG;513360.XSHG;516510.XSHG,False,0.5,0.6473024034544146,0.7099199995269485,0.6442392496505699
2023-03-03,2023-03-06,2023-03-06,108,105,-3,159869.XSHE;512690.XSHG;516510.XSHG,512690.XSHG;513360.XSHG;516510.XSHG,False,0.5,0.6237454628621854,0.7280347834639661,0.6950492949581186
2023-03-10,2023-03-13,2023-03-13,107,104,-3,159869.XSHE;512690.XSHG;516510.XSHG,159869.XSHE;513360.XSHG;516510.XSHG,False,0.5,0.6105055868283643,1.0,1.0
2023-03-17,2023-03-20,2023-03-20,108,105,-3,159869.XSHE;515900.XSHG;516510.XSHG,159869.XSHE;515900.XSHG;516510.XSHG,True,1.0,0.11829802053236502,1.0,1.0
2023-03-24,2023-03-27,2023-03-27,109,107,-2,159869.XSHE;515880.XSHG;516510.XSHG,159869.XSHE;515880.XSHG;516510.XSHG,True,1.0,0.07241640136069674,1.0,1.0
2023-03-31,2023-04-03,2023-04-03,111,109,-2,159869.XSHE;515880.XSHG;516510.XSHG,159869.XSHE;515880.XSHG;516510.XSHG,True,1.0,0.0311447308745387,1.0,1.0
2023-04-07,2023-04-10,2023-04-10,116,114,-2,159819.XSHE;159869.XSHE;516510.XSHG,159819.XSHE;159869.XSHE;516510.XSHG,True,1.0,2.220446049250313e-16,1.0,1.0
2023-04-14,2023-04-17,2023-04-17,123,121,-2,159869.XSHE;516510.XSHG;516620.XSHG,159869.XSHE;516510.XSHG;516620.XSHG,True,1.0,0.017756516045942583,1.0,1.0
2023-04-21,2023-04-24,2023-04-24,122,120,-2,159869.XSHE;515880.XSHG;516510.XSHG,159869.XSHE;515880.XSHG;516510.XSHG,True,1.0,0.008069201653913421,1.0,1.0
2023-04-28,2023-05-04,2023-05-04,123,121,-2,159869.XSHE;516510.XSHG;517180.XSHG,159869.XSHE;516510.XSHG;516620.XSHG,False,0.5,0.5672390816765253,1.0,1.0
2023-05-05,2023-05-08,2023-05-08,120,118,-2,159869.XSHE;516510.XSHG;517180.XSHG,159869.XSHE;516510.XSHG;516620.XSHG,False,0.5,0.597230365845119,1.0,1.0
2023-05-12,2023-05-15,2023-05-15,117,116,-1,159869.XSHE;516510.XSHG;516620.XSHG,159869.XSHE;516510.XSHG;516620.XSHG,True,1.0,0.022099300707242822,1.0,1.0
2023-05-19,2023-05-22,2023-05-22,116,115,-1,159869.XSHE;516510.XSHG;517180.XSHG,159869.XSHE;516510.XSHG;516620.XSHG,False,0.5,0.5506750439294447,1.0,1.0
2023-05-26,2023-05-29,2023-05-29,114,114,0,159869.XSHE;516510.XSHG;517180.XSHG,159869.XSHE;515880.XSHG;516510.XSHG,False,0.5,0.5474390262911308,1.0,1.0
2023-06-02,2023-06-05,2023-06-05,113,113,0,159869.XSHE;515880.XSHG;516510.XSHG,159869.XSHE;515880.XSHG;516510.XSHG,True,1.0,0.0055964499420305125,1.0,1.0
2023-06-09,2023-06-12,2023-06-12,113,112,-1,159869.XSHE;515880.XSHG;516510.XSHG,159869.XSHE;515880.XSHG;516510.XSHG,True,1.0,0.00516803967057293,1.0,1.0
2023-06-16,2023-06-19,2023-06-19,111,111,0,159869.XSHE;515880.XSHG;516510.XSHG,159869.XSHE;515880.XSHG;516510.XSHG,True,1.0,0.0026568440174871144,1.0,1.0
2023-06-21,2023-06-26,2023-06-26,110,110,0,159869.XSHE;515880.XSHG;516510.XSHG,159869.XSHE;515880.XSHG;516510.XSHG,True,1.0,0.0027861359553656567,1.0,1.0
2023-06-30,2023-07-03,2023-07-03,112,111,-1,159869.XSHE;515880.XSHG;516510.XSHG,159869.XSHE;515880.XSHG;516510.XSHG,True,1.0,0.002437754128148409,1.0,1.0
2023-07-07,2023-07-10,2023-07-10,112,111,-1,159869.XSHE;515880.XSHG;517180.XSHG,159869.XSHE;515100.XSHG;515880.XSHG,False,0.5,0.35214884678347214,1.0,1.0
2023-07-14,2023-07-17,2023-07-17,112,111,-1,159869.XSHE;515880.XSHG;517180.XSHG,159869.XSHE;515880.XSHG;516510.XSHG,False,0.5,0.43967983317679027,1.0,1.0
2023-07-21,2023-07-24,2023-07-24,111,110,-1,512980.XSHG;515880.XSHG;517180.XSHG,512980.XSHG;515100.XSHG;515880.XSHG,False,0.5,0.26537738738649347,1.0,1.0
2023-07-28,2023-07-31,2023-07-31,109,108,-1,512070.XSHG;515100.XSHG;515880.XSHG,510230.XSHG;515100.XSHG;515880.XSHG,False,0.5,0.6510474241364902,1.0,1.0
2023-08-04,2023-08-07,2023-08-07,111,110,-1,512880.XSHG;515880.XSHG;516510.XSHG,512880.XSHG;515880.XSHG;516510.XSHG,True,1.0,0.002779161284579723,1.0,1.0
2023-08-11,2023-08-14,2023-08-14,113,111,-2,512880.XSHG;515100.XSHG;515880.XSHG,512880.XSHG;515100.XSHG;515880.XSHG,True,1.0,0.036880777008104396,1.0,1.0
2023-08-18,2023-08-21,2023-08-21,113,111,-2,512880.XSHG;515100.XSHG;517180.XSHG,512880.XSHG;515100.XSHG;518880.XSHG,False,0.5,0.8,1.0,1.0
2023-08-25,2023-08-28,2023-08-28,112,111,-1,512880.XSHG;515100.XSHG;517180.XSHG,512880.XSHG;515100.XSHG;518880.XSHG,False,0.5,0.7999999999999999,1.0,1.0
2023-09-01,2023-09-04,2023-09-04,113,112,-1,515100.XSHG;517180.XSHG;518880.XSHG,512880.XSHG;515100.XSHG;518880.XSHG,False,0.5,0.4715719684728651,1.0,1.0
2023-09-08,2023-09-11,2023-09-11,113,112,-1,512070.XSHG;517180.XSHG;518880.XSHG,510230.XSHG;512880.XSHG;518880.XSHG,False,0.2,0.8771227094744645,1.0,1.0
2023-09-15,2023-09-18,2023-09-18,114,112,-2,515100.XSHG;517180.XSHG;518880.XSHG,510230.XSHG;515100.XSHG;518880.XSHG,False,0.5,0.4319906845868966,1.0,1.0
2023-09-22,2023-09-25,2023-09-25,112,109,-3,515100.XSHG;517180.XSHG;518880.XSHG,510230.XSHG;515100.XSHG;518880.XSHG,False,0.5,0.38348046075568304,1.0,1.0
2023-09-28,2023-10-09,2023-10-09,113,112,-1,510230.XSHG;515100.XSHG;517180.XSHG,510230.XSHG;513360.XSHG;515100.XSHG,False,0.5,0.4117225137888315,1.0,1.0
2023-10-13,2023-10-16,2023-10-16,114,113,-1,510230.XSHG;512890.XSHG;515100.XSHG,510230.XSHG;513360.XSHG;515100.XSHG,False,0.5,0.6773101741916943,1.0,1.0
2023-10-20,2023-10-23,2023-10-23,112,111,-1,510230.XSHG;515100.XSHG;518880.XSHG,510230.XSHG;513360.XSHG;518880.XSHG,False,0.5,0.46053291859487244,1.0,1.0
2023-10-27,2023-10-30,2023-10-30,114,112,-2,510230.XSHG;515100.XSHG;518880.XSHG,510230.XSHG;513360.XSHG;518880.XSHG,False,0.5,0.42683350245925655,1.0,1.0
2023-11-03,2023-11-06,2023-11-06,113,110,-3,159732.XSHE;515100.XSHG;518880.XSHG,513360.XSHG;515250.XSHG;518880.XSHG,False,0.2,0.7146410333902037,1.0,1.0
2023-11-10,2023-11-13,2023-11-13,116,112,-4,159732.XSHE;515250.XSHG;518880.XSHG,513360.XSHG;515250.XSHG;518880.XSHG,False,0.5,0.40463970795764964,1.0,1.0
2023-11-17,2023-11-20,2023-11-20,117,112,-5,159732.XSHE;515250.XSHG;518880.XSHG,513360.XSHG;515250.XSHG;518880.XSHG,False,0.5,0.4590750326303,1.0,1.0
2023-11-24,2023-11-27,2023-11-27,114,109,-5,159732.XSHE;515250.XSHG;518880.XSHG,513360.XSHG;515250.XSHG;518880.XSHG,False,0.5,0.5204144264085655,1.0,1.0
2023-12-01,2023-12-04,2023-12-04,113,108,-5,159732.XSHE;515250.XSHG;518880.XSHG,513360.XSHG;515250.XSHG;518880.XSHG,False,0.5,0.47861408241160175,1.0,1.0
2023-12-08,2023-12-11,2023-12-11,112,107,-5,515220.XSHG;515250.XSHG;518880.XSHG,513360.XSHG;515250.XSHG;518880.XSHG,False,0.5,0.7232122480775607,1.0,1.0
2023-12-15,2023-12-18,2023-12-18,113,108,-5,159732.XSHE;515220.XSHG;518880.XSHG,513360.XSHG;515220.XSHG;518880.XSHG,False,0.5,0.5136868302936527,1.0,1.0
2023-12-22,2023-12-25,2023-12-25,111,109,-2,159732.XSHE;515220.XSHG;518880.XSHG,513360.XSHG;515220.XSHG;518880.XSHG,False,0.5,0.5143766995119767,1.0,1.0
2023-12-29,2024-01-02,2024-01-02,112,109,-3,159732.XSHE;515220.XSHG;518880.XSHG,513360.XSHG;515220.XSHG;518880.XSHG,False,0.5,0.5351683581775779,1.0,1.0
2024-01-05,2024-01-08,2024-01-08,113,110,-3,512890.XSHG;515220.XSHG;518880.XSHG,513360.XSHG;515220.XSHG;518880.XSHG,False,0.5,0.7135894597724635,1.0,1.0
2024-01-12,2024-01-15,2024-01-15,111,106,-5,512890.XSHG;515220.XSHG;518880.XSHG,513360.XSHG;515220.XSHG;518880.XSHG,False,0.5,0.7161136105549273,1.0,1.0
2024-01-19,2024-01-22,2024-01-22,116,110,-6,512890.XSHG;515220.XSHG;518880.XSHG,513360.XSHG;515220.XSHG;518880.XSHG,False,0.5,0.7275455834398948,1.0,1.0
2024-01-26,2024-01-29,2024-01-29,118,112,-6,512890.XSHG;513800.XSHG;515220.XSHG,512890.XSHG;515220.XSHG;518880.XSHG,False,0.5,0.826140625939747,1.0,1.0
2024-02-02,2024-02-05,2024-02-05,115,109,-6,512890.XSHG;513800.XSHG;515220.XSHG,512890.XSHG;515220.XSHG;518880.XSHG,False,0.5,0.8295894777143045,1.0,1.0
2024-02-08,2024-02-19,2024-02-19,120,114,-6,512890.XSHG;513800.XSHG;515220.XSHG,512890.XSHG;515220.XSHG;518880.XSHG,False,0.5,0.8341043391431839,1.0,1.0
2024-02-23,2024-02-26,2024-02-26,121,115,-6,510880.XSHG;513800.XSHG;515220.XSHG,512890.XSHG;515220.XSHG;515300.XSHG,False,0.2,1.0308503720142714,1.0,1.0
2024-03-01,2024-03-04,2024-03-04,120,114,-6,510880.XSHG;513800.XSHG;515220.XSHG,512890.XSHG;515220.XSHG;515880.XSHG,False,0.2,1.1715066222446615,1.0,1.0
2024-03-08,2024-03-11,2024-03-11,119,113,-6,513800.XSHG;515220.XSHG;515880.XSHG,159611.XSHE;515220.XSHG;515880.XSHG,False,0.5,0.48112592935572984,1.0,1.0
2024-03-15,2024-03-18,2024-03-18,118,112,-6,513800.XSHG;515220.XSHG;515880.XSHG,159611.XSHE;515220.XSHG;515880.XSHG,False,0.5,0.5209490108884955,1.0,1.0
2024-03-22,2024-03-25,2024-03-25,118,112,-6,513800.XSHG;515220.XSHG;515880.XSHG,515220.XSHG;515880.XSHG;518880.XSHG,False,0.5,0.8746373001101375,1.0,1.0
2024-03-29,2024-04-01,2024-04-01,119,114,-5,159930.XSHE;513800.XSHG;515880.XSHG,159930.XSHE;515880.XSHG;518880.XSHG,False,0.5,0.8716898444921646,1.0,1.0
2024-04-03,2024-04-08,2024-04-08,115,111,-4,159930.XSHE;510410.XSHG;518880.XSHG,159930.XSHE;510410.XSHG;518880.XSHG,True,1.0,0.07703443890353703,1.0,1.0
2024-04-12,2024-04-15,2024-04-15,115,111,-4,159930.XSHE;510410.XSHG;518880.XSHG,159930.XSHE;510410.XSHG;518880.XSHG,True,1.0,0.08178665928114115,1.0,1.0
2024-04-19,2024-04-22,2024-04-22,117,113,-4,159930.XSHE;510410.XSHG;518880.XSHG,159930.XSHE;510410.XSHG;518880.XSHG,True,1.0,0.08781586233572009,1.0,1.0
2024-04-26,2024-04-29,2024-04-29,115,111,-4,159930.XSHE;510410.XSHG;518880.XSHG,159930.XSHE;510410.XSHG;518880.XSHG,True,1.0,0.1029501878726241,1.0,1.0
2024-04-30,2024-05-06,2024-05-06,115,111,-4,159930.XSHE;510410.XSHG;515880.XSHG,159930.XSHE;510410.XSHG;515880.XSHG,True,1.0,0.10815592078603815,1.0,1.0
2024-05-10,2024-05-13,2024-05-13,116,113,-3,159652.XSHE;159996.XSHE;510410.XSHG,159996.XSHE;510410.XSHG;512040.XSHG,False,0.5,0.38298063523152126,1.0,1.0
2024-05-17,2024-05-20,2024-05-20,116,113,-3,159652.XSHE;159996.XSHE;512040.XSHG,159652.XSHE;512040.XSHG;513220.XSHG,False,0.5,0.7203604239014668,1.0,1.0
2024-05-24,2024-05-27,2024-05-27,116,114,-2,159996.XSHE;512040.XSHG;518880.XSHG,512040.XSHG;513220.XSHG;518880.XSHG,False,0.5,0.6538096237748265,1.0,1.0
2024-05-31,2024-06-03,2024-06-03,111,110,-1,510410.XSHG;512040.XSHG;518880.XSHG,510410.XSHG;512040.XSHG;518880.XSHG,True,1.0,0.12443395382385763,1.0,1.0
2024-06-07,2024-06-11,2024-06-11,109,109,0,510410.XSHG;517180.XSHG;518880.XSHG,159611.XSHE;510410.XSHG;518880.XSHG,False,0.5,0.7099849083044287,1.0,1.0
2024-06-14,2024-06-17,2024-06-17,109,108,-1,159611.XSHE;517180.XSHG;518880.XSHG,159611.XSHE;159887.XSHE;518880.XSHG,False,0.5,0.3843359497730285,1.0,1.0
2024-06-21,2024-06-24,2024-06-24,113,111,-2,159611.XSHE;517180.XSHG;518880.XSHG,159611.XSHE;159887.XSHE;518880.XSHG,False,0.5,0.3730091366475372,1.0,1.0
2024-06-28,2024-07-01,2024-07-01,110,110,0,159611.XSHE;159930.XSHE;517180.XSHG,159611.XSHE;159887.XSHE;518880.XSHG,False,0.2,0.8200453454593868,1.0,1.0
2024-07-05,2024-07-08,2024-07-08,107,106,-1,159611.XSHE;159930.XSHE;517180.XSHG,159611.XSHE;159887.XSHE;518880.XSHG,False,0.2,0.8375304334388123,1.0,1.0
2024-07-12,2024-07-15,2024-07-15,109,110,1,159887.XSHE;515300.XSHG;517180.XSHG,159611.XSHE;159887.XSHE;515300.XSHG,False,0.5,0.5611110400790414,1.0,1.0
2024-07-19,2024-07-22,2024-07-22,110,108,-2,159611.XSHE;159887.XSHE;515300.XSHG,159611.XSHE;159887.XSHE;515300.XSHG,True,1.0,0.09876566347893669,1.0,1.0
2024-07-26,2024-07-29,2024-07-29,111,109,-2,159611.XSHE;159887.XSHE;517180.XSHG,159611.XSHE;159887.XSHE;515300.XSHG,False,0.5,0.3980240416635436,1.0,1.0
2024-08-02,2024-08-05,2024-08-05,108,106,-2,159611.XSHE;159887.XSHE;517180.XSHG,159611.XSHE;159887.XSHE;515300.XSHG,False,0.5,0.38539372576290903,1.0,1.0
2024-08-09,2024-08-12,2024-08-12,109,106,-3,159611.XSHE;159887.XSHE;517180.XSHG,159611.XSHE;159887.XSHE;515300.XSHG,False,0.5,0.4546438917527921,1.0,1.0
2024-08-16,2024-08-19,2024-08-19,106,103,-3,159611.XSHE;159887.XSHE;517180.XSHG,159611.XSHE;159887.XSHE;518880.XSHG,False,0.5,0.6904965370802276,1.0,1.0
2024-08-23,2024-08-26,2024-08-26,104,101,-3,159611.XSHE;159887.XSHE;518880.XSHG,159611.XSHE;159887.XSHE;518880.XSHG,True,1.0,0.1287742574920836,1.0,1.0
2024-08-30,2024-09-02,2024-09-02,100,98,-2,159887.XSHE;513800.XSHG;518880.XSHG,159611.XSHE;159887.XSHE;518880.XSHG,False,0.5,0.4349256049085475,1.0,1.0
2024-09-06,2024-09-09,2024-09-09,99,97,-2,159887.XSHE;510230.XSHG;518880.XSHG,159887.XSHE;510230.XSHG;518880.XSHG,True,1.0,0.06533573117031365,1.0,1.0
2024-09-13,2024-09-18,2024-09-18,97,95,-2,159887.XSHE;510230.XSHG;518880.XSHG,159887.XSHE;510230.XSHG;518880.XSHG,True,1.0,0.07294448449313541,1.0,1.0
2024-09-20,2024-09-23,2024-09-23,98,95,-3,159887.XSHE;510230.XSHG;518880.XSHG,159887.XSHE;510230.XSHG;518880.XSHG,True,1.0,0.07524407461385374,1.0,1.0
2024-09-27,2024-09-30,2024-09-30,109,107,-2,510230.XSHG;512070.XSHG;516110.XSHG,510230.XSHG;512070.XSHG;513220.XSHG,False,0.5,0.3658416425176551,1.0,1.0
2024-09-30,2024-10-08,2024-10-08,115,112,-3,159777.XSHE;510230.XSHG;512070.XSHG,510230.XSHG;512070.XSHG;513220.XSHG,False,0.5,0.32096292832893636,1.0,1.0
2024-10-11,2024-10-14,2024-10-14,131,128,-3,512070.XSHG;513090.XSHG;588200.XSHG,512070.XSHG;513220.XSHG;588200.XSHG,False,0.5,0.37202251511664197,1.0,1.0
2024-10-18,2024-10-21,2024-10-21,134,131,-3,512070.XSHG;513090.XSHG;588200.XSHG,159851.XSHE;512070.XSHG;588200.XSHG,False,0.5,0.28972031646528545,1.0,1.0
2024-10-25,2024-10-28,2024-10-28,138,137,-1,512070.XSHG;513090.XSHG;588200.XSHG,159851.XSHE;512070.XSHG;588200.XSHG,False,0.5,0.2892364454713259,1.0,1.0
2024-11-01,2024-11-04,2024-11-04,142,143,1,159851.XSHE;512070.XSHG;513090.XSHG,159851.XSHE;512070.XSHG;588200.XSHG,False,0.5,0.31655302473308256,1.0,1.0
2024-11-08,2024-11-11,2024-11-11,138,139,1,159851.XSHE;512070.XSHG;513090.XSHG,159851.XSHE;512070.XSHG;588200.XSHG,False,0.5,0.27822429522472236,1.0,1.0
2024-11-15,2024-11-18,2024-11-18,139,140,1,159851.XSHE;513090.XSHG;516510.XSHG,159851.XSHE;512070.XSHG;588200.XSHG,False,0.2,0.527571873786111,1.0,1.0
2024-11-22,2024-11-25,2024-11-25,135,135,0,159851.XSHE;513090.XSHG;588200.XSHG,159851.XSHE;561980.XSHG;588200.XSHG,False,0.5,0.25970573359322835,1.0,1.0
2024-11-29,2024-12-02,2024-12-02,133,132,-1,159851.XSHE;513090.XSHG;588200.XSHG,159851.XSHE;561980.XSHG;588200.XSHG,False,0.5,0.25847640628124285,1.0,1.0
2024-12-06,2024-12-09,2024-12-09,131,129,-2,159851.XSHE;513090.XSHG;588200.XSHG,159851.XSHE;512880.XSHG;588200.XSHG,False,0.5,0.24925309417047287,1.0,1.0
2024-12-13,2024-12-16,2024-12-16,128,126,-2,159851.XSHE;513090.XSHG;588200.XSHG,159851.XSHE;512880.XSHG;588200.XSHG,False,0.5,0.2448227825168281,1.0,1.0
2024-12-20,2024-12-23,2024-12-23,129,127,-2,159851.XSHE;513090.XSHG;588200.XSHG,159851.XSHE;159993.XSHE;588200.XSHG,False,0.5,0.2479732648884706,1.0,1.0
2024-12-27,2024-12-30,2024-12-30,127,123,-4,159851.XSHE;513090.XSHG;588200.XSHG,159851.XSHE;159993.XSHE;588200.XSHG,False,0.5,0.2673828559878614,1.0,1.0
2025-01-03,2025-01-06,2025-01-06,128,125,-3,159851.XSHE;513090.XSHG;588200.XSHG,159851.XSHE;159993.XSHE;588200.XSHG,False,0.5,0.3355230984097213,1.0,1.0
2025-01-10,2025-01-13,2025-01-13,128,124,-4,159996.XSHE;513090.XSHG;588200.XSHG,159851.XSHE;159996.XSHE;588200.XSHG,False,0.5,0.43879709012112333,1.0,1.0
2025-01-17,2025-01-20,2025-01-20,128,124,-4,159996.XSHE;513090.XSHG;588200.XSHG,159996.XSHE;561100.XSHG;588200.XSHG,False,0.5,0.4669072545957648,1.0,1.0
2025-01-24,2025-01-27,2025-01-27,126,122,-4,159851.XSHE;513090.XSHG;588200.XSHG,159851.XSHE;562500.XSHG;588200.XSHG,False,0.5,0.3794458821983569,1.0,1.0
2025-01-27,2025-02-05,2025-02-05,125,121,-4,513090.XSHG;562500.XSHG;588200.XSHG,515980.XSHG;562500.XSHG;588200.XSHG,False,0.5,0.4105241406051924,1.0,1.0
2025-02-07,2025-02-10,2025-02-10,124,120,-4,159851.XSHE;516510.XSHG;588200.XSHG,159851.XSHE;516510.XSHG;588200.XSHG,True,1.0,0.002303388211062546,1.0,1.0
2025-02-14,2025-02-17,2025-02-17,126,122,-4,159546.XSHE;516510.XSHG;516620.XSHG,159546.XSHE;513220.XSHG;516510.XSHG,False,0.5,0.49682608770407466,1.0,1.0
2025-02-21,2025-02-24,2025-02-24,128,124,-4,159546.XSHE;516510.XSHG;562500.XSHG,159546.XSHE;516510.XSHG;562500.XSHG,True,1.0,0.026417359538115345,1.0,1.0
2025-02-28,2025-03-03,2025-03-03,132,128,-4,159546.XSHE;517390.XSHG;562500.XSHG,159546.XSHE;517390.XSHG;562500.XSHG,True,1.0,0.06616982005423369,1.0,1.0
2025-03-07,2025-03-10,2025-03-10,135,131,-4,159546.XSHE;517390.XSHG;517800.XSHG,159546.XSHE;517390.XSHG;517800.XSHG,True,1.0,0.10149347437787098,1.0,1.0
2025-03-14,2025-03-17,2025-03-17,135,132,-3,517390.XSHG;517800.XSHG;588200.XSHG,513220.XSHG;517390.XSHG;588200.XSHG,False,0.5,0.4087369163238984,1.0,1.0
2025-03-21,2025-03-24,2025-03-24,136,133,-3,513090.XSHG;517390.XSHG;588200.XSHG,513220.XSHG;517390.XSHG;588200.XSHG,False,0.5,0.47745726816252954,1.0,1.0
2025-03-28,2025-03-31,2025-03-31,132,129,-3,159738.XSHE;513090.XSHG;588200.XSHG,159738.XSHE;513220.XSHG;588200.XSHG,False,0.5,0.4554263455037219,1.0,1.0
2025-04-03,2025-04-07,2025-04-07,129,126,-3,159738.XSHE;513090.XSHG;588020.XSHG,159738.XSHE;513220.XSHG;588020.XSHG,False,0.5,0.4892853531842435,1.0,1.0
2025-04-11,2025-04-14,2025-04-14,134,130,-4,518880.XSHG;561980.XSHG;588200.XSHG,518880.XSHG;561980.XSHG;588200.XSHG,True,1.0,0.06686033539425912,1.0,1.0
2025-04-18,2025-04-21,2025-04-21,128,124,-4,515400.XSHG;518880.XSHG;588200.XSHG,515400.XSHG;518880.XSHG;588200.XSHG,True,1.0,0.003948128142901602,1.0,1.0
2025-04-25,2025-04-28,2025-04-28,124,120,-4,159887.XSHE;518880.XSHG;588200.XSHG,513220.XSHG;518880.XSHG;588200.XSHG,False,0.5,0.5547547412423615,1.0,1.0
2025-04-30,2025-05-06,2025-05-06,120,116,-4,515400.XSHG;518880.XSHG;588200.XSHG,513220.XSHG;518880.XSHG;588200.XSHG,False,0.5,0.4988970869401481,1.0,1.0
2025-05-09,2025-05-12,2025-05-12,117,113,-4,159667.XSHE;518880.XSHG;588200.XSHG,513220.XSHG;518880.XSHG;588200.XSHG,False,0.5,0.441670721070965,1.0,1.0
2025-05-16,2025-05-19,2025-05-19,113,109,-4,159667.XSHE;159887.XSHE;518880.XSHG,512800.XSHG;513220.XSHG;518880.XSHG,False,0.2,1.2879557471505758,1.0,1.0
2025-05-23,2025-05-26,2025-05-26,112,107,-5,159887.XSHE;510230.XSHG;518880.XSHG,510230.XSHG;512800.XSHG;518880.XSHG,False,0.5,0.7780807792630067,1.0,1.0
2025-05-30,2025-06-03,2025-06-03,116,109,-7,159887.XSHE;510230.XSHG;518880.XSHG,510230.XSHG;512800.XSHG;518880.XSHG,False,0.5,0.7750046799522907,1.0,1.0
2025-06-06,2025-06-09,2025-06-09,114,108,-6,159887.XSHE;510230.XSHG;518880.XSHG,510230.XSHG;512800.XSHG;518880.XSHG,False,0.5,0.774360842551291,1.0,1.0
2025-06-13,2025-06-16,2025-06-16,113,107,-6,159887.XSHE;517900.XSHG;518880.XSHG,510230.XSHG;512800.XSHG;518880.XSHG,False,0.2,0.9483817355516947,1.0,1.0
2025-06-20,2025-06-23,2025-06-23,114,109,-5,159887.XSHE;517900.XSHG;518880.XSHG,510230.XSHG;512800.XSHG;518880.XSHG,False,0.2,0.9487458096027255,1.0,1.0
2025-06-27,2025-06-30,2025-06-30,118,113,-5,159887.XSHE;513090.XSHG;517900.XSHG,510230.XSHG;512800.XSHG;517900.XSHG,False,0.2,1.02112763532045,1.0,1.0
2025-07-04,2025-07-07,2025-07-07,123,118,-5,159887.XSHE;513090.XSHG;517900.XSHG,159869.XSHE;512800.XSHG;517900.XSHG,False,0.2,1.2000000000000002,1.0,1.0
2025-07-11,2025-07-14,2025-07-14,125,120,-5,159748.XSHE;159869.XSHE;513090.XSHG,159748.XSHE;159869.XSHE;517900.XSHG,False,0.5,0.5619355660117848,1.0,1.0
2025-07-18,2025-07-21,2025-07-21,129,123,-6,159738.XSHE;159748.XSHE;513090.XSHG,159738.XSHE;159748.XSHE;159869.XSHE,False,0.5,0.5905738443260796,1.0,1.0
2025-07-25,2025-07-28,2025-07-28,133,126,-7,159738.XSHE;159748.XSHE;513090.XSHG,159738.XSHE;159748.XSHE;516150.XSHG,False,0.5,0.5857472499872475,0.43245325022555714,0.44253839700297826
2025-08-01,2025-08-04,2025-08-04,135,128,-7,159622.XSHE;159738.XSHE;513090.XSHG,159622.XSHE;159738.XSHE;516150.XSHG,False,0.5,0.5835194124790255,1.0,1.0
2025-08-08,2025-08-11,2025-08-11,134,127,-7,159622.XSHE;513090.XSHG;516150.XSHG,159622.XSHE;515880.XSHG;516150.XSHG,False,0.5,0.6858730096427526,1.0,1.0
2025-08-15,2025-08-18,2025-08-18,136,130,-6,159622.XSHE;513090.XSHG;516150.XSHG,159622.XSHE;515880.XSHG;516150.XSHG,False,0.5,0.6028187358366733,1.0,1.0
2025-08-22,2025-08-25,2025-08-25,140,135,-5,513090.XSHG;515880.XSHG;516150.XSHG,515880.XSHG;516150.XSHG;588020.XSHG,False,0.5,0.4508110556411396,1.0,1.0
2025-08-29,2025-09-01,2025-09-01,151,144,-7,515880.XSHG;515980.XSHG;516150.XSHG,515880.XSHG;515980.XSHG;516150.XSHG,True,1.0,0.0015989507078442433,1.0,1.0
2025-09-05,2025-09-08,2025-09-08,155,146,-9,159814.XSHE;515880.XSHG;515980.XSHG,159814.XSHE;515880.XSHG;516150.XSHG,False,0.5,0.3918545239379371,1.0,1.0
2025-09-12,2025-09-15,2025-09-15,157,148,-9,159814.XSHE;159819.XSHE;515880.XSHG,159814.XSHE;159819.XSHE;515880.XSHG,True,1.0,0.07967922141826152,1.0,1.0
2025-09-19,2025-09-22,2025-09-22,159,151,-8,159814.XSHE;159819.XSHE;515880.XSHG,159814.XSHE;159819.XSHE;515880.XSHG,True,1.0,0.07628248065966449,1.0,1.0
2025-09-26,2025-09-29,2025-09-29,158,150,-8,515880.XSHG;515980.XSHG;588200.XSHG,159819.XSHE;515880.XSHG;588200.XSHG,False,0.5,0.3163361513314549,1.0,1.0
2025-09-30,2025-10-09,2025-10-09,159,150,-9,515880.XSHG;515980.XSHG;588200.XSHG,515880.XSHG;515980.XSHG;588200.XSHG,True,1.0,0.0017866304884868456,1.0,1.0
2025-10-10,2025-10-13,2025-10-13,159,149,-10,515880.XSHG;515980.XSHG;588200.XSHG,515880.XSHG;515980.XSHG;588200.XSHG,True,1.0,0.0019179345741144743,1.0,1.0
2025-10-17,2025-10-20,2025-10-20,161,152,-9,515880.XSHG;515980.XSHG;588200.XSHG,515880.XSHG;515980.XSHG;588200.XSHG,True,1.0,0.0014661066817857893,1.0,1.0
2025-10-24,2025-10-27,2025-10-27,161,153,-8,159819.XSHE;515880.XSHG;588200.XSHG,159819.XSHE;515880.XSHG;588200.XSHG,True,1.0,0.0017957489807307325,1.0,1.0
2025-10-31,2025-11-03,2025-11-03,161,152,-9,159796.XSHE;515880.XSHG;560860.XSHG,159796.XSHE;159819.XSHE;515880.XSHG,False,0.5,0.40765233166044207,1.0,1.0
2025-11-07,2025-11-10,2025-11-10,158,150,-8,159781.XSHE;159796.XSHE;515880.XSHG,159781.XSHE;159796.XSHE;515880.XSHG,True,1.0,0.0015787501088542072,1.0,1.0
2025-11-14,2025-11-17,2025-11-17,158,150,-8,159796.XSHE;515880.XSHG;561330.XSHG,159796.XSHE;515880.XSHG;561330.XSHG,True,1.0,0.03662952484997971,1.0,1.0
2025-11-21,2025-11-24,2025-11-24,160,150,-10,159796.XSHE;515880.XSHG;561330.XSHG,159796.XSHE;515880.XSHG;561330.XSHG,True,1.0,0.04138150362287654,1.0,1.0
2025-11-28,2025-12-01,2025-12-01,154,145,-9,159796.XSHE;515880.XSHG;561330.XSHG,159796.XSHE;515880.XSHG;561330.XSHG,True,1.0,0.03429129879515769,1.0,1.0
2025-12-05,2025-12-08,2025-12-08,149,140,-9,159583.XSHE;159796.XSHE;561330.XSHG,159796.XSHE;515880.XSHG;561330.XSHG,False,0.5,0.3584601362970038,1.0,1.0
2025-12-12,2025-12-15,2025-12-15,145,136,-9,159583.XSHE;515880.XSHG;560860.XSHG,159781.XSHE;515880.XSHG;561330.XSHG,False,0.2,0.7047423462574551,1.0,1.0
2025-12-19,2025-12-22,2025-12-22,146,137,-9,159583.XSHE;560860.XSHG;562800.XSHG,515880.XSHG;561330.XSHG;561980.XSHG,False,0.0,1.0297112343756776,1.0,1.0
2025-12-26,2025-12-29,2025-12-29,143,135,-8,159583.XSHE;560860.XSHG;562800.XSHG,159796.XSHE;515880.XSHG;561330.XSHG,False,0.0,1.024321487114408,1.0,1.0
2025-12-31,2026-01-05,2026-01-05,147,138,-9,159583.XSHE;560860.XSHG;562800.XSHG,515880.XSHG;516150.XSHG;561330.XSHG,False,0.0,1.03624927224941,1.0,1.0
2026-01-09,2026-01-12,2026-01-12,152,141,-11,159583.XSHE;560860.XSHG;562800.XSHG,515880.XSHG;561330.XSHG;561980.XSHG,False,0.0,1.1285238776966948,1.0,1.0
2026-01-16,2026-01-19,2026-01-19,165,152,-13,159583.XSHE;560860.XSHG;561980.XSHG,515880.XSHG;561330.XSHG;561980.XSHG,False,0.2,0.7665925406894456,1.0,1.0
2026-01-23,2026-01-26,2026-01-26,172,159,-13,159583.XSHE;560860.XSHG;562800.XSHG,159516.XSHE;561330.XSHG;562800.XSHG,False,0.2,0.8062377473043043,1.0,1.0
2026-01-30,2026-02-02,2026-02-02,176,160,-16,159516.XSHE;159583.XSHE;560860.XSHG,159511.XSHE;515880.XSHG;561330.XSHG,False,0.0,1.2714829628983986,1.0,1.0
2026-02-06,2026-02-09,2026-02-09,176,160,-16,159516.XSHE;159583.XSHE;560860.XSHG,159516.XSHE;515880.XSHG;561330.XSHG,False,0.2,0.7360721824125893,1.0,1.0
2026-02-13,2026-02-24,2026-02-24,174,158,-16,159516.XSHE;159583.XSHE;560860.XSHG,159516.XSHE;515880.XSHG;561330.XSHG,False,0.2,0.7232010540849029,1.0,1.0
2026-02-27,2026-03-02,2026-03-02,175,158,-17,159363.XSHE;560860.XSHG;562800.XSHG,159516.XSHE;515880.XSHG;561330.XSHG,False,0.0,1.200319900030373,1.0,1.0
2026-03-06,2026-03-09,2026-03-09,174,156,-18,159309.XSHE;159326.XSHE;560860.XSHG,159667.XSHE;561330.XSHG;561360.XSHG,False,0.0,1.2247907196932672,1.0,1.0
2026-03-13,2026-03-16,2026-03-16,172,154,-18,159309.XSHE;159326.XSHE;560860.XSHG,560980.XSHG;561330.XSHG;561360.XSHG,False,0.0,1.1828296460108465,1.0,1.0
2026-03-20,2026-03-23,2026-03-23,175,156,-19,159309.XSHE;159326.XSHE;560980.XSHG,560980.XSHG;561330.XSHG;561360.XSHG,False,0.2,0.9197576462000312,1.0,1.0
2026-03-27,2026-03-30,2026-03-30,174,155,-19,159309.XSHE;159326.XSHE;560980.XSHG,560980.XSHG;561330.XSHG;561360.XSHG,False,0.2,0.9219503699176773,1.0,1.0
2026-04-03,2026-04-07,2026-04-07,171,152,-19,159309.XSHE;159326.XSHE;561330.XSHG,159695.XSHE;561330.XSHG;561360.XSHG,False,0.2,0.7961818774736975,1.0,1.0
2026-04-10,2026-04-13,2026-04-13,172,151,-21,159326.XSHE;159583.XSHE;562800.XSHG,159695.XSHE;561330.XSHG;561360.XSHG,False,0.0,1.086258622712722,1.0,1.0
2026-04-17,2026-04-20,2026-04-20,171,150,-21,159583.XSHE;159967.XSHE;562800.XSHG,159695.XSHE;159967.XSHE;562800.XSHG,False,0.5,0.3502446877684342,1.0,1.0
2026-04-24,2026-04-27,2026-04-27,172,150,-22,159583.XSHE;159667.XSHE;159967.XSHE,159667.XSHE;159695.XSHE;159967.XSHE,False,0.5,0.3080631801498457,1.0,1.0
2026-04-30,2026-05-06,2026-05-06,174,151,-23,159583.XSHE;159667.XSHE;562800.XSHG,159667.XSHE;159695.XSHE;562800.XSHG,False,0.5,0.33411763580928716,1.0,1.0
2026-05-08,2026-05-11,2026-05-11,178,154,-24,159326.XSHE;159583.XSHE;159667.XSHE,159667.XSHE;159695.XSHE;588020.XSHG,False,0.2,0.6914531717067229,1.0,1.0
2026-05-15,2026-05-18,2026-05-18,179,155,-24,159583.XSHE;159667.XSHE;588170.XSHG,159516.XSHE;159667.XSHE;159695.XSHE,False,0.2,0.6610552919541969,1.0,1.0
2026-05-22,2026-05-25,2026-05-25,185,158,-27,159583.XSHE;588170.XSHG;588200.XSHG,159516.XSHE;159695.XSHE;588200.XSHG,False,0.2,0.6128981392201233,1.0,1.0
2026-05-29,2026-06-01,2026-06-01,191,163,-28,159583.XSHE;512220.XSHG;588170.XSHG,159695.XSHE;159967.XSHE;512220.XSHG,False,0.2,0.5921518547263761,1.0,1.0
2026-06-05,2026-06-08,2026-06-08,193,165,-28,159583.XSHE;512220.XSHG;588170.XSHG,159516.XSHE;512220.XSHG;515880.XSHG,False,0.2,0.583863169715932,1.0,1.0
2026-06-12,2026-06-15,2026-06-15,191,164,-27,515880.XSHG;588170.XSHG;588200.XSHG,159516.XSHE;512220.XSHG;515880.XSHG,False,0.2,0.5103744714976473,1.0,1.0
2026-06-18,2026-06-22,2026-06-22,192,164,-28,515880.XSHG;588170.XSHG;588200.XSHG,159516.XSHE;515880.XSHG;588200.XSHG,False,0.5,0.24613492946113946,1.0,1.0
2026-06-26,2026-06-29,2026-06-29,193,165,-28,515050.XSHG;588170.XSHG;588200.XSHG,159516.XSHE;515050.XSHG;588200.XSHG,False,0.5,0.24913285412800867,1.0,1.0
2026-07-03,2026-07-06,2026-07-06,192,164,-28,515050.XSHG;588170.XSHG;588200.XSHG,159516.XSHE;515050.XSHG;588200.XSHG,False,0.5,0.2238798508335141,1.0,1.0
2026-07-10,2026-07-13,2026-07-13,194,166,-28,515050.XSHG;588170.XSHG;588200.XSHG,159516.XSHE;515050.XSHG;588200.XSHG,False,0.5,0.2089516961708865,1.0,1.0
2026-07-17,2026-07-20,2026-07-20,195,165,-30,515050.XSHG;588170.XSHG;588200.XSHG,159516.XSHE;515050.XSHG;588200.XSHG,False,0.5,0.18820313227370405,1.0,1.0
