trade_date,event,symbol,amount,cash_after
,initial_cash,,10000000.0,10000000.0
2019-01-02,buy,SZ000636,-500998.1544363956,9499001.845563604
2019-01-02,buy,SH600230,-500127.9653554716,8998873.880208133
2019-01-02,buy,SH600525,-501093.63306605344,8497780.24714208
2019-01-02,buy,SZ002440,-500921.54044193967,7996858.706700141
2019-01-02,buy,SH600382,-501034.5943837894,7495824.112316351
2019-01-02,buy,SH600596,-501039.1734232766,6994784.938893075
2019-01-02,buy,SH600114,-500623.39789003157,6494161.541003044
2019-01-02,buy,SZ000581,-500965.68722120125,5993195.853781843
2019-01-02,buy,SH600585,-499049.9146748209,5494145.939107021
2019-01-02,buy,SZ002517,-500791.2574989972,4993354.681608024
2019-01-02,buy,SH600995,-500599.9664026639,4492754.71520536
2019-01-02,buy,SH600516,-501138.35250603734,3991616.362699323
2019-01-02,buy,SZ300145,-500974.8559820042,3490641.5067173187
2019-01-02,buy,SH601006,-500534.52292459086,2990106.983792728
2019-01-02,buy,SZ002033,-500674.50936498214,2489432.4744277457
2019-01-02,buy,SH600097,-500660.8183671681,1988771.6560605776
2019-01-02,buy,SH600567,-500869.2402969155,1487902.4157636622
2019-01-02,buy,SH600668,-500448.3875256047,987454.0282380575
2019-01-02,buy,SZ002884,-500850.7357373171,486603.2925007404
2019-01-02,buy,SZ000789,-486227.30737983226,375.9851209081244
2019-02-01,sell,SH600097,8707.102233545875,9083.087354453999
2019-02-01,sell,SH600114,45226.73821158165,54309.82556603565
2019-02-01,sell,SH600516,48195.48570882134,102505.311274857
2019-02-01,sell,SH600567,22991.589994628677,125496.90126948568
2019-02-01,sell,SH600585,551815.6621640212,677312.5634335069
2019-02-01,sell,SH600995,1863.920932480812,679176.4843659877
2019-02-01,sell,SH601006,520917.1298851575,1200093.6142511452
2019-02-01,sell,SZ000581,33520.318006016576,1233613.9322571617
2019-02-01,sell,SZ002033,509404.7158270803,1743018.648084242
2019-02-01,sell,SZ002440,22609.73851018704,1765628.386594429
2019-02-01,buy,SZ000636,-30299.86345395092,1735328.523140478
2019-02-01,buy,SH600230,-15532.614374160767,1719795.9087663172
2019-02-01,buy,SH600382,-21323.093873069975,1698472.814893247
2019-02-01,buy,SZ002517,-92870.23821035743,1605602.5766828896
2019-02-01,buy,SH600525,-18566.563909874152,1587036.0127730155
2019-02-01,buy,SH600596,-7665.336517715454,1579370.6762553002
2019-02-01,buy,SZ000055,-504567.8208536939,1074802.8554016063
2019-02-01,buy,SZ300145,-42448.35808022353,1032354.4973213827
2019-02-01,buy,SH600668,-15554.822569847109,1016799.6747515356
2019-02-01,buy,SZ002884,-2556.1555500030518,1014243.5192015326
2019-02-01,buy,SZ000789,-7946.759140396118,1006296.7600611364
2019-02-01,buy,SH600062,-504265.27418620494,502031.4858749315
2019-02-01,buy,SZ000922,-501639.7917650363,391.6941098952084
2019-03-01,sell,SH600062,612151.0078973002,612542.7020071954
2019-03-01,sell,SH600230,40087.744792071535,652630.446799267
2019-03-01,sell,SH600525,205131.2798281517,857761.7266274187
2019-03-01,sell,SH600995,574715.6210983928,1432477.3477258114
2019-03-01,sell,SZ000055,11190.766030860425,1443668.1137566718
2019-03-01,sell,SZ000636,74545.60196000565,1518213.7157166775
2019-03-01,sell,SZ002517,689074.8196473285,2207288.5353640057
2019-03-01,sell,SZ300145,639303.9792681619,2846592.5146321678
2019-03-01,buy,SH600382,-6551.341199874878,2840041.173432293
2019-03-01,buy,SZ002440,-23035.705302283288,2817005.4681300097
2019-03-01,buy,SH600596,-12230.56580963135,2804774.9023203785
2019-03-01,buy,SH600114,-76896.43873439856,2727878.46358598
2019-03-01,buy,SZ000581,-53852.1483006237,2674026.3152853562
2019-03-01,buy,SH600585,-616228.1718547001,2057798.1434306563
2019-03-01,buy,SZ002884,-35963.57941431341,2021834.5640163429
2019-03-01,buy,SZ000789,-45668.71942729391,1976165.844589049
2019-03-01,buy,SZ002406,-616609.3826152664,1359556.4619737826
2019-03-01,buy,SH600668,-27773.62807778194,1331782.8338960006
2019-03-01,buy,SH600097,-45218.91206576288,1286563.9218302378
2019-03-01,buy,SH601006,-616312.2040087853,670251.7178214525
2019-03-01,buy,SZ000922,-10383.226400089265,659868.4914213633
2019-03-01,buy,SH600567,-43938.32731757584,615930.1641037875
2019-03-01,buy,SH603898,-615760.3320369436,169.83206684386823
2019-04-01,sell,SH600382,5318.541619488812,5488.37368633268
2019-04-01,sell,SH600596,2525.578207841301,8013.951894173981
2019-04-01,sell,SH603898,714087.0097334689,722100.9616276429
2019-04-01,sell,SZ000055,16670.47253635168,738771.4341639945
2019-04-01,sell,SZ000636,5931.2720839500425,744702.7062479445
2019-04-01,sell,SZ000789,763373.2963924133,1508076.0026403577
2019-04-01,sell,SZ000922,739260.9898550733,2247336.992495431
2019-04-01,sell,SZ002440,800579.8570508292,3047916.84954626
2019-04-01,sell,SZ002884,774190.2425847611,3822107.0921310214
2019-04-01,buy,SH600230,-84035.74528261586,3738071.3468484054
2019-04-01,buy,SH600585,-9120.164308166504,3728951.182540239
2019-04-01,buy,SH601006,-103600.4499968566,3625350.7325433823
2019-04-01,buy,SH600114,-10729.164067745209,3614621.568475637
2019-04-01,buy,SH600426,-680880.3217054424,2933741.2467701947
2019-04-01,buy,SZ002233,-681272.3061058571,2252468.9406643375
2019-04-01,buy,SH600971,-681455.9192375463,1571013.0214267913
2019-04-01,buy,SH600525,-80466.36753755607,1490546.6538892353
2019-04-01,buy,SZ000581,-5374.6037277221685,1485172.0501615133
2019-04-01,buy,SH600567,-21986.520029336756,1463185.5301321766
2019-04-01,buy,SZ002406,-35640.80289266662,1427544.72723951
2019-04-01,buy,SH600668,-15653.611462402345,1411891.1157771077
2019-04-01,buy,SH600097,-1221.5456665039062,1410669.5701106037
2019-04-01,buy,SZ000910,-680456.8238552625,730212.7462553412
2019-04-01,buy,SH600598,-681128.162594057,49084.58366128418
2019-04-01,buy,SH600516,-48429.993842993026,654.5898182911551
2019-05-06,sell,SH600097,567556.3160255996,568210.9058438907
2019-05-06,sell,SH600114,594198.4750564534,1162409.380900344
2019-05-06,sell,SH600230,581771.5632935212,1744180.9441938652
2019-05-06,sell,SH600382,75767.67847178609,1819948.6226656511
2019-05-06,sell,SH600426,37403.966850536046,1857352.589516187
2019-05-06,sell,SH600525,569088.6291678442,2426441.218684031
2019-05-06,sell,SH600567,596167.3205658743,3022608.5392499054
2019-05-06,sell,SH600585,672111.0499173012,3694719.5891672065
2019-05-06,sell,SH600596,586808.0166613758,4281527.605828582
2019-05-06,sell,SH600598,682195.6075803435,4963723.213408926
2019-05-06,sell,SH600668,629616.2577383184,5593339.471147244
2019-05-06,sell,SH600971,673337.8067421272,6266677.277889371
2019-05-06,sell,SH601006,66615.46760728197,6333292.745496653
2019-05-06,sell,SZ000055,563985.3307989526,6897278.076295606
2019-05-06,sell,SZ000910,556524.8427957561,7453802.919091362
2019-05-06,sell,SZ002233,624803.4174735555,8078606.336564917
2019-05-06,sell,SZ002406,45543.8787291501,8124150.215294067
2019-05-06,buy,SZ002195,-616909.8894119255,7507240.3258821415
2019-05-06,buy,SZ000919,-616578.4460798374,6890661.879802304
2019-05-06,buy,SH600261,-616895.6021912346,6273766.277611069
2019-05-06,buy,SH600269,-616877.5238055354,5656888.753805534
2019-05-06,buy,SZ000636,-62063.807120385594,5594824.946685148
2019-05-06,buy,SZ000581,-21870.61936819153,5572954.327316957
2019-05-06,buy,SZ000999,-616977.4456935828,4955976.881623374
2019-05-06,buy,SH600173,-616966.7361447065,4339010.145478668
2019-05-06,buy,SH600603,-616913.9226505907,3722096.222828077
2019-05-06,buy,SH600694,-616463.8067825531,3105632.416045524
2019-05-06,buy,SZ002635,-616522.5931633688,2489109.8228821554
2019-05-06,buy,SH600587,-616963.2062185155,1872146.61666364
2019-05-06,buy,SH603585,-614986.2935611202,1257160.3231025198
2019-05-06,buy,SH601222,-617011.7819181414,640148.5411843784
2019-05-06,buy,SZ002884,-616480.5413607471,23667.99982363137
2019-05-06,buy,SH600327,-23657.961396678056,10.03842695331332
2019-06-03,sell,SH600327,22622.099340604473,22632.137767557786
2019-06-03,sell,SH600382,50139.90065711915,72772.03842467694
2019-06-03,sell,SH600426,4961.105892177582,77733.14431685452
2019-06-03,sell,SH600587,620427.1374264885,698160.281743343
2019-06-03,sell,SH600694,4623.297985678863,702783.5797290219
2019-06-03,sell,SH601006,33039.72982429104,735823.309553313
2019-06-03,sell,SH603585,642078.4940829298,1377901.8036362426
2019-06-03,sell,SZ000581,15143.44768059349,1393045.251316836
2019-06-03,sell,SZ000636,27598.005821967545,1420643.2571388036
2019-06-03,sell,SZ000999,5038.978037449646,1425682.2351762531
2019-06-03,sell,SZ002406,3339.125359084892,1429021.360535338
2019-06-03,buy,SZ002195,-1154.5951305389403,1427866.765404799
2019-06-03,buy,SH600261,-64057.088831921945,1363809.676572877
2019-06-03,buy,SZ000919,-30780.374071242597,1333029.3025016345
2019-06-03,buy,SH600269,-3088.643877029419,1329940.658624605
2019-06-03,buy,SZ002635,-12470.007627487183,1317470.6509971179
2019-06-03,buy,SZ002884,-30366.69738590412,1287103.9536112137
2019-06-03,buy,SH600516,-61135.57025811173,1225968.383353102
2019-06-03,buy,SZ000789,-584644.4260023774,641323.9573507246
2019-06-03,buy,SH600173,-1155.5356379032135,640168.4217128213
2019-06-03,buy,SH600603,-11045.49146080017,629122.9302520212
2019-06-03,buy,SH601222,-44150.71361567459,584972.2166363465
2019-06-03,buy,SH600062,-584090.7228257643,881.4938105822075
2019-07-01,sell,SH600261,30208.258297360895,31089.752107943103
2019-07-01,sell,SH600426,629249.6791269934,660339.4312349365
2019-07-01,sell,SH600516,9194.473276049806,669533.9045109863
2019-07-01,sell,SH600603,9501.083034179688,679034.9875451659
2019-07-01,sell,SH601222,13693.712550610353,692728.7000957762
2019-07-01,sell,SZ000789,621709.4848384708,1314438.184934247
2019-07-01,sell,SZ000999,29986.4359446421,1344424.6208788892
2019-07-01,sell,SZ002635,21130.50118627533,1365555.1220651646
2019-07-01,buy,SZ002195,-6637.612450408936,1358917.5096147556
2019-07-01,buy,SZ000919,-2207.374692440033,1356710.1349223156
2019-07-01,buy,SH600382,-31794.380234928587,1324915.754687387
2019-07-01,buy,SZ000636,-12175.734342575073,1312740.020344812
2019-07-01,buy,SH600269,-2375.576798248291,1310364.4435465636
2019-07-01,buy,SH601006,-2623.548329162598,1307740.895217401
2019-07-01,buy,SZ000581,-6211.2468185424805,1301529.6483988585
2019-07-01,buy,SZ002884,-39180.11504173505,1262349.5333571234
2019-07-01,buy,SH600173,-7413.217834043503,1254936.3155230798
2019-07-01,buy,SH600694,-7090.12986793518,1247846.1856551447
2019-07-01,buy,SZ002406,-20072.43392146786,1227773.751733677
2019-07-01,buy,SH603980,-602161.3835793015,625612.3681543755
2019-07-01,buy,SH600062,-20731.063721580504,604881.3044327949
2019-07-01,buy,SH603167,-601566.7424734427,3314.561959352228
2019-08-01,sell,SH600062,606107.6142021006,609422.1761614528
2019-08-01,sell,SH600173,11007.483374736883,620429.6595361896
2019-08-01,sell,SH600261,76280.3429426207,696710.0024788104
2019-08-01,sell,SH600269,6103.637765182495,702813.6402439929
2019-08-01,sell,SH600382,558183.1659454938,1260996.8061894868
2019-08-01,sell,SH600603,636530.2255900278,1897527.0317795146
2019-08-01,sell,SH600694,4546.7033557106015,1902073.735135225
2019-08-01,sell,SH601006,5046.558316556549,1907120.2934517816
2019-08-01,sell,SH603167,560588.668911796,2467708.9623635774
2019-08-01,sell,SZ000581,1482.3581268268586,2469191.3204904045
2019-08-01,sell,SZ000919,1400.8373233032225,2470592.157813708
2019-08-01,sell,SZ000999,7973.01081029129,2478565.168623999
2019-08-01,sell,SZ002635,42181.77220753675,2520746.940831536
2019-08-01,buy,SZ002195,-23387.19900035155,2497359.7418311844
2019-08-01,buy,SZ000636,-73596.96580448776,2423762.7760266964
2019-08-01,buy,SZ002884,-26097.79320499821,2397664.9828216983
2019-08-01,buy,SH600516,-29135.65290408451,2368529.329917614
2019-08-01,buy,SH603980,-34172.16519552677,2334357.1647220873
2019-08-01,buy,SZ000155,-578435.8008541255,1755921.3638679618
2019-08-01,buy,SZ002406,-15629.005330085754,1740292.358537876
2019-08-01,buy,SZ002380,-577857.3432683628,1162435.0152695132
2019-08-01,buy,SZ000789,-578349.3222028187,584085.6930666945
2019-08-01,buy,SH601222,-8559.293533420563,575526.399533274
2019-08-01,buy,SH600668,-574527.9039615943,998.4955716796685
2019-09-02,sell,SH600173,585679.0522301324,586677.5478018121
2019-09-02,sell,SH600261,17517.537622727454,604195.0854245395
2019-09-02,sell,SH600269,547489.8006345395,1151684.8860590789
2019-09-02,sell,SH600668,616471.287678923,1768156.1737380018
2019-09-02,sell,SH600694,551970.2612524206,2320126.4349904223
2019-09-02,sell,SH601222,583436.973022166,2903563.4080125885
2019-09-02,sell,SH603980,3616.6334688229563,2907180.0414814116
2019-09-02,sell,SZ000636,98135.76624763785,3005315.8077290496
2019-09-02,sell,SZ000919,9956.328217923354,3015272.1359469728
2019-09-02,sell,SZ000999,21925.62457879486,3037197.7605257677
2019-09-02,sell,SZ002380,602470.1922744366,3639667.952800204
2019-09-02,sell,SZ002406,8359.285570835877,3648027.2383710397
2019-09-02,sell,SZ002635,516613.80184968223,4164641.040220722
2019-09-02,sell,SZ002884,31635.195387624575,4196276.235608347
2019-09-02,buy,SZ002195,-58181.99429765765,4138094.241310689
2019-09-02,buy,SH600382,-574982.6432214101,3563111.598089279
2019-09-02,buy,SH600516,-56992.95999039368,3506118.6380988853
2019-09-02,buy,SH601567,-575142.4563306934,2930976.181768192
2019-09-02,buy,SZ000581,-34895.31911954355,2896080.862648648
2019-09-02,buy,SH603277,-575005.8821013073,2321074.980547341
2019-09-02,buy,SH601006,-8706.143740272522,2312368.8368070684
2019-09-02,buy,SZ000155,-10692.575013017655,2301676.2617940507
2019-09-02,buy,SH600136,-574854.606377892,1726821.6554161587
2019-09-02,buy,SH600995,-575082.2282614546,1151739.427154704
2019-09-02,buy,SZ000789,-16882.99415048687,1134856.4330042172
2019-09-02,buy,SZ300017,-574780.926994825,560075.5060093922
2019-09-02,buy,SH600757,-559873.9251916964,201.5808176958235
2019-10-08,sell,SH600136,635138.5794326931,635340.1602503889
2019-10-08,sell,SH600261,10918.843532560253,646259.0037829492
2019-10-08,sell,SH600516,60358.16224749505,706617.1660304442
2019-10-08,sell,SH600757,545219.5098009994,1251836.6758314436
2019-10-08,sell,SH601567,53668.05297316504,1305504.7288046086
2019-10-08,sell,SH603277,1607.8278908882141,1307112.556695497
2019-10-08,sell,SH603980,25610.842512682717,1332723.3992081797
2019-10-08,sell,SZ000636,691692.0586583811,2024415.4578665607
2019-10-08,sell,SZ000789,3771.739714826584,2028187.1975813874
2019-10-08,buy,SZ002195,-8462.532767391205,2019724.664813996
2019-10-08,buy,SH600382,-27956.86560100722,1991767.799212989
2019-10-08,buy,SZ002440,-590321.5860597619,1401446.213153227
2019-10-08,buy,SZ000581,-33764.92833857203,1367681.284814655
2019-10-08,buy,SZ002406,-45825.84458701309,1321855.440227642
2019-10-08,buy,SH601006,-29147.291748160398,1292708.1484794815
2019-10-08,buy,SZ000922,-590609.8169260968,702098.3315533847
2019-10-08,buy,SZ002884,-17692.006892985763,684406.3246603989
2019-10-08,buy,SH600668,-590418.348325013,93987.97633538593
2019-10-08,buy,SH600995,-14764.771729850769,79223.20460553517
2019-10-08,buy,SZ000999,-29671.08293682438,49552.12166871079
2019-10-08,buy,SZ300017,-15829.187744140625,33722.93392457016
2019-10-08,buy,SZ000919,-29323.52184838194,4399.412076188222
2019-10-08,buy,SZ000155,-4399.118204402924,0.29387178529850644
2019-11-01,sell,SH600382,42106.13723089639,42106.43110268169
2019-11-01,sell,SH600995,12549.809411922837,54656.24051460452
2019-11-01,sell,SH601006,20111.427062524825,74767.66757712935
2019-11-01,sell,SH601567,560669.4296196856,635437.097196815
2019-11-01,sell,SH603277,17862.746330942457,653299.8435277574
2019-11-01,sell,SZ000155,554488.123099297,1207787.9666270544
2019-11-01,sell,SZ000581,27431.375689419936,1235219.3423164743
2019-11-01,sell,SZ000789,598281.5080978111,1833500.8504142854
2019-11-01,sell,SZ000919,589049.5815377373,2422550.431952023
2019-11-01,sell,SZ000999,599220.230003798,3021770.661955821
2019-11-01,sell,SZ002406,573293.8448614498,3595064.5068172705
2019-11-01,sell,SZ002884,4317.7036031019215,3599382.2104203724
2019-11-01,sell,SZ300017,554000.637399016,4153382.8478193884
2019-11-01,buy,SH600261,-17112.01800614313,4136270.829813245
2019-11-01,buy,SH600668,-6299.540175437927,4129971.2896378073
2019-11-01,buy,SZ002440,-1967.662301635742,4128003.6273361715
2019-11-01,buy,SZ002444,-575514.5959963044,3552489.031339867
2019-11-01,buy,SH603980,-56933.65552893785,3495555.375810929
2019-11-01,buy,SH600449,-575739.2551659486,2919816.1206449806
2019-11-01,buy,SZ000922,-20370.641854770325,2899445.47879021
2019-11-01,buy,SH600512,-576363.8513694189,2323081.6274207914
2019-11-01,buy,SH603585,-574740.153379347,1748341.4740414445
2019-11-01,buy,SH600516,-32915.471086064244,1715426.0029553801
2019-11-01,buy,SH600720,-575708.1208135668,1139717.8821418132
2019-11-01,buy,SZ000933,-576338.751222691,563379.1309191221
2019-11-01,buy,SH601222,-563118.724459909,260.40645921311807
2019-12-02,sell,SH600261,19018.35353853836,19278.759997751476
2019-12-02,sell,SH600449,50195.18721736015,69473.94721511164
2019-12-02,sell,SH600512,6363.464182661057,75837.4113977727
2019-12-02,sell,SH600516,583593.3334895718,659430.7448873445
2019-12-02,sell,SH600668,10228.404177796936,669659.1490651414
2019-12-02,sell,SH600720,42993.05536488219,712652.2044300237
2019-12-02,sell,SH600995,580180.710545817,1292832.9149758406
2019-12-02,sell,SH601006,18299.158408589086,1311132.0733844298
2019-12-02,sell,SH601222,554876.4251157165,1866008.4985001464
2019-12-02,sell,SH603277,7418.7703609375,1873427.268861084
2019-12-02,sell,SZ000581,635052.1337969487,2508479.4026580327
2019-12-02,sell,SZ000933,13746.688027716158,2522226.090685749
2019-12-02,buy,SH600382,-34054.62574590683,2488171.464939842
2019-12-02,buy,SZ002195,-41427.420341686535,2446744.0445981557
2019-12-02,buy,SZ002884,-16951.85853796692,2429792.186060189
2019-12-02,buy,SZ002440,-26305.573173568722,2403486.61288662
2019-12-02,buy,SH603585,-33492.204094168745,2369994.4087924515
2019-12-02,buy,SH603980,-19294.44546311145,2350699.96332934
2019-12-02,buy,SZ002444,-21068.39214386135,2329631.5711854785
2019-12-02,buy,SZ002775,-578280.0450713895,1751351.526114089
2019-12-02,buy,SZ000922,-24073.403379665993,1727278.122734423
2019-12-02,buy,SH600682,-577652.2692674748,1149625.8534669483
2019-12-02,buy,SH600510,-578178.3163532135,571447.5371137348
2019-12-02,buy,SZ300017,-570857.1424234489,590.3946902859025
2020-01-02,sell,SH600261,14321.1923932518,14911.587083537703
2020-01-02,sell,SH600449,10592.779667555047,25504.366751092748
2020-01-02,sell,SH600668,23253.164733865357,48757.531484958105
2020-01-02,sell,SH600682,4021.9290497558595,52779.460534713966
2020-01-02,sell,SH600720,679768.3696124847,732547.8301471986
2020-01-02,sell,SH603277,648846.9046646794,1381394.734811878
2020-01-02,sell,SH603980,623728.6254391995,2005123.3602510775
2020-01-02,sell,SZ000922,4291.162309882831,2009414.5225609604
2020-01-02,sell,SZ000933,667616.0151606642,2677030.5377216246
2020-01-02,sell,SZ002444,11675.494044809913,2688706.0317664347
2020-01-02,sell,SZ002884,10936.907452530479,2699642.9392189654
2020-01-02,sell,SZ300017,615832.1241530795,3315475.063372045
2020-01-02,buy,SZ002195,-10194.498782348634,3305280.564589696
2020-01-02,buy,SZ002440,-34965.4157169001,3270315.148872796
2020-01-02,buy,SH600382,-26756.486857115935,3243558.66201568
2020-01-02,buy,SZ000932,-633005.8128732343,2610552.849142446
2020-01-02,buy,SH603585,-9494.224075317383,2601058.625067129
2020-01-02,buy,SH600328,-633036.8115878988,1968021.81347923
2020-01-02,buy,SH600512,-37621.5314481636,1930400.2820310665
2020-01-02,buy,SH601006,-31048.655439603714,1899351.6265914629
2020-01-02,buy,SZ000581,-632990.8800112735,1266360.7465801893
2020-01-02,buy,SZ002775,-11271.112892150879,1255089.6336880384
2020-01-02,buy,SZ002746,-632352.8181081569,622736.8155798815
2020-01-02,buy,SH600510,-2479.301174545288,620257.5144053362
2020-01-02,buy,SH600516,-619784.6314214983,472.8829838379752
2020-02-03,sell,SH600328,578640.9216302917,579113.8046141297
2020-02-03,buy,SH600261,-23864.12030813155,555249.6843059981
2020-02-03,buy,SH600668,-35492.78319136963,519756.90111462853
2020-02-03,buy,SH603585,-4885.073765563965,514871.8273490646
2020-02-03,buy,SZ000932,-25028.989403490486,489842.8379455741
2020-02-03,buy,SH603980,-489258.9537435379,583.8842020361917
2020-02-03,buy,SZ002775,-407.3611815452575,176.5230204909342
2020-03-02,sell,SH600510,725563.454370538,725739.9773910289
2020-03-02,sell,SH600512,711405.8382393434,1437145.8156303721
2020-03-02,sell,SH600668,14629.69627034321,1451775.5119007153
2020-03-02,sell,SZ000581,640879.2991966478,2092654.811097363
2020-03-02,sell,SZ000922,16871.626952122308,2109526.4380494854
2020-03-02,sell,SZ000932,545939.7063614832,2655466.1444109688
2020-03-02,sell,SZ002195,12354.97958059311,2667821.123991562
2020-03-02,sell,SZ002444,670462.4889924402,3338283.612984002
2020-03-02,sell,SZ002884,707336.8550245749,4045620.468008577
2020-03-02,buy,SH600261,-42981.873030745126,4002638.594977832
2020-03-02,buy,SH600382,-52192.17104462583,3950446.423933206
2020-03-02,buy,SZ002440,-8248.05088596344,3942198.373047243
2020-03-02,buy,SZ002775,-37042.48817797257,3905155.8848692705
2020-03-02,buy,SH603585,-8861.073820114136,3896294.8110491564
2020-03-02,buy,SH603980,-71921.66392389016,3824373.147125266
2020-03-02,buy,SZ002746,-19702.152320528756,3804670.994804737
2020-03-02,buy,SH600516,-94502.32958473204,3710168.665220005
2020-03-02,buy,SH601006,-59731.70497167721,3650436.960248328
2020-03-02,buy,SH600449,-6418.284575462341,3644018.6756728655
2020-03-02,buy,SH600694,-604642.3631777614,3039376.312495104
2020-03-02,buy,SH603277,-604455.8881762634,2434920.4243188407
2020-03-02,buy,SH600750,-604465.3937133792,1830455.0306054614
2020-03-02,buy,SH600682,-30305.058885136812,1800149.9717203246
2020-03-02,buy,SZ002406,-605026.5891772113,1195123.3825431133
2020-03-02,buy,SH600566,-604065.6379121904,591057.7446309229
2020-03-02,buy,SZ000933,-590832.4617943892,225.28283653373364
2020-04-01,sell,SH600382,21094.621875480225,21319.90471201396
2020-04-01,sell,SH600449,130277.70378345714,151597.6084954711
2020-04-01,sell,SH600668,9019.446358151818,160617.05485362292
2020-04-01,sell,SH600694,19653.29405116081,180270.34890478372
2020-04-01,sell,SH601006,1621.139018454933,181891.48792323866
2020-04-01,sell,SH603585,17341.29031613045,199232.7782393691
2020-04-01,sell,SZ000922,565703.9054580869,764936.683697456
2020-04-01,sell,SZ000933,553938.7849362582,1318875.4686337141
2020-04-01,sell,SZ002406,581063.190941929,1899938.659575643
2020-04-01,sell,SZ002746,71807.17464579392,1971745.8342214369
2020-04-01,sell,SZ002775,590132.686762014,2561878.520983451
2020-04-01,buy,SZ002440,-34572.136879580044,2527306.384103871
2020-04-01,buy,SH600261,-47259.00580425196,2480047.378299619
2020-04-01,buy,SH600750,-17111.896993211343,2462935.4813064076
2020-04-01,buy,SH603277,-24006.08735551575,2438929.3939508917
2020-04-01,buy,SH600566,-9828.184577941895,2429101.20937295
2020-04-01,buy,SH603980,-14264.454254055023,2414836.755118895
2020-04-01,buy,SZ002444,-577145.5050571298,1837691.250061765
2020-04-01,buy,SZ002195,-47654.88058880853,1790036.3694729565
2020-04-01,buy,SH600682,-25966.248707021256,1764070.1207659352
2020-04-01,buy,SH600516,-38729.48797530945,1725340.6327906258
2020-04-01,buy,SZ002884,-577288.3102576676,1148052.3225329584
2020-04-01,buy,SZ000877,-577173.5763294175,570878.7462035408
2020-04-01,buy,SZ300570,-570283.8160345196,594.9301690212451
2020-05-06,sell,SH600382,9413.74229081192,10008.672459833166
2020-05-06,sell,SH600449,672874.0440762087,682882.7165360419
2020-05-06,sell,SH600516,526209.2348141323,1209091.9513501744
2020-05-06,sell,SH600566,5955.47489472351,1215047.426244898
2020-05-06,sell,SH600668,632935.0803705283,1847982.5066154264
2020-05-06,sell,SH600694,538198.7546934333,2386181.2613088596
2020-05-06,sell,SH600750,18508.887124780886,2404690.1484336406
2020-05-06,sell,SH601006,598107.2683098787,3002797.4167435193
2020-05-06,sell,SH603277,616388.6353219358,3619186.052065455
2020-05-06,sell,SH603585,522946.76899104624,4142132.821056501
2020-05-06,sell,SH603980,553962.1830558163,4696095.004112317
2020-05-06,sell,SZ000877,603925.5916924748,5300020.595804792
2020-05-06,sell,SZ002195,611927.3010719828,5911947.896876775
2020-05-06,sell,SZ002444,588714.0370547904,6500661.933931565
2020-05-06,sell,SZ002746,502741.9866549683,7003403.920586533
2020-05-06,sell,SZ002884,44462.07093034744,7047865.991516881
2020-05-06,sell,SZ300570,526831.7942975819,7574697.785814462
2020-05-06,buy,SH600051,-581291.0381790565,6993406.7476354055
2020-05-06,buy,SH601000,-581592.2704319919,6411814.477203414
2020-05-06,buy,SH603357,-581352.601739746,5830461.875463668
2020-05-06,buy,SZ002583,-581336.3457648297,5249125.5296988385
2020-05-06,buy,SH600064,-581356.3988311379,4667769.130867701
2020-05-06,buy,SZ002270,-581429.4236355659,4086339.7072321353
2020-05-06,buy,SZ000600,-581423.3361402522,3504916.371091883
2020-05-06,buy,SZ000922,-581652.276405222,2923264.094686661
2020-05-06,buy,SH600352,-580944.6582571212,2342319.4364295397
2020-05-06,buy,SH600211,-579054.8956529545,1763264.5407765852
2020-05-06,buy,SZ002234,-580667.8722413827,1182596.6685352025
2020-05-06,buy,SZ002394,-580879.81386953,601716.8546656725
2020-05-06,buy,SZ002440,-21528.6397383639,580188.2149273086
2020-05-06,buy,SH600261,-3772.6051805496213,576415.609746759
2020-05-06,buy,SZ002128,-576050.62545408,364.98429267900065
2020-06-01,sell,SH600064,14867.366221523476,15232.350514202477
2020-06-01,sell,SH600211,715868.6871108,731101.0376250024
2020-06-01,sell,SH600261,612446.0196088696,1343547.057233872
2020-06-01,sell,SH600382,8596.988705466652,1352144.0459393386
2020-06-01,sell,SH600566,10398.157209020615,1362542.2031483592
2020-06-01,sell,SH600682,630600.1125040242,1993142.3156523835
2020-06-01,sell,SH600750,21526.30098073746,2014668.616633121
2020-06-01,sell,SZ000600,9275.150326164247,2023943.7669592851
2020-06-01,sell,SZ002128,592800.0800909301,2616743.847050215
2020-06-01,sell,SZ002394,588769.3456197933,3205513.192670008
2020-06-01,sell,SZ002884,17902.711826212522,3223415.904496221
2020-06-01,buy,SH600051,-4811.528856086731,3218604.3756401343
2020-06-01,buy,SH601000,-24928.203338774085,3193676.1723013604
2020-06-01,buy,SH603357,-21169.25145198927,3172506.9208493712
2020-06-01,buy,SZ002583,-22296.692184297895,3150210.2286650734
2020-06-01,buy,SZ002270,-41333.15709862244,3108877.071566451
2020-06-01,buy,SZ002234,-48790.05635110096,3060087.01521535
2020-06-01,buy,SZ000922,-37139.43970515478,3022947.575510195
2020-06-01,buy,SZ002440,-37675.587833984726,2985271.9876762102
2020-06-01,buy,SH600777,-598654.2606311209,2386617.7270450895
2020-06-01,buy,SH600062,-598009.9777934704,1788607.749251619
2020-06-01,buy,SH600352,-4626.424565124512,1783981.3246864944
2020-06-01,buy,SH600273,-598666.3725822315,1185314.952104263
2020-06-01,buy,SZ000581,-597395.6737111725,587919.2783930905
2020-06-01,buy,SH601677,-587501.1390924379,418.1393006525468
2020-07-01,sell,SH600062,630939.2627262239,631357.4020268765
2020-07-01,sell,SH600566,57835.08427399749,689192.4863008739
2020-07-01,sell,SH600750,97935.86795682706,787128.354257701
2020-07-01,sell,SH601677,579492.2378180403,1366620.5920757414
2020-07-01,sell,SZ000581,649497.9667308351,2016118.5588065765
2020-07-01,sell,SZ002270,4993.0770533046725,2021111.6358598813
2020-07-01,sell,SZ002583,81192.97751150558,2102304.6133713867
2020-07-01,buy,SH600051,-16555.34954071045,2085749.2638306762
2020-07-01,buy,SH601000,-11939.025344944,2073810.238485732
2020-07-01,buy,SH603357,-39224.036283861926,2034586.2022018703
2020-07-01,buy,SZ002884,-9898.307071685791,2024687.8951301845
2020-07-01,buy,SZ000922,-20234.91500266714,2004452.9801275174
2020-07-01,buy,SZ002234,-17507.23180774292,1986945.7483197744
2020-07-01,buy,SH600064,-11384.463320350646,1975561.2849994237
2020-07-01,buy,SH600261,-635095.4804290695,1340465.804570354
2020-07-01,buy,SZ002394,-634576.5721026444,705889.2324677097
2020-07-01,buy,SZ002440,-4860.229980087281,701029.0024876224
2020-07-01,buy,SZ000600,-499.3599496841431,700529.6425379383
2020-07-01,buy,SH600382,-33143.12116774292,667386.5213701954
2020-07-01,buy,SH600777,-28491.733487576606,638894.7878826188
2020-07-01,buy,SH600352,-8462.32774734497,630432.4601352739
2020-07-01,buy,SH600496,-630409.6429910824,22.817144191474654
2020-08-03,sell,SH600051,120321.91523038327,120344.73237457474
2020-08-03,sell,SH600261,849171.107289462,969515.8396640368
2020-08-03,sell,SH600273,964992.2519820165,1934508.0916460534
2020-08-03,sell,SH600352,11476.98579471283,1945985.0774407662
2020-08-03,sell,SH600496,900084.0389859146,2846069.1164266807
2020-08-03,sell,SH600777,772935.1938146038,3619004.310241285
2020-08-03,sell,SZ000600,687059.9340451442,4306064.244286429
2020-08-03,sell,SZ002583,33547.71740398682,4339611.961690416
2020-08-03,buy,SH601000,-51683.0618263802,4287928.899864036
2020-08-03,buy,SH603357,-50938.14122698609,4236990.758637049
2020-08-03,buy,SZ002884,-61939.238358376926,4175051.520278672
2020-08-03,buy,SH600750,-78038.26561977116,4097013.254658901
2020-08-03,buy,SZ002270,-31132.005247074794,4065881.2494118265
2020-08-03,buy,SZ002234,-80400.55313477383,3985480.6962770526
2020-08-03,buy,SZ002746,-746259.3360177155,3239221.3602593374
2020-08-03,buy,SH600064,-29754.377112758102,3209466.9831465795
2020-08-03,buy,SZ002440,-68328.78194988212,3141138.2011966975
2020-08-03,buy,SH600566,-115554.12216680238,3025584.0790298954
2020-08-03,buy,SZ000922,-10058.947038650513,3015525.131991245
2020-08-03,buy,SH600382,-45289.52373277419,2970235.608258471
2020-08-03,buy,SZ002394,-1966.1576427459718,2968269.450615725
2020-08-03,buy,SZ300193,-746185.7131264675,2222083.7374892575
2020-08-03,buy,SZ000581,-744915.874536914,1477167.8629523434
2020-08-03,buy,SH603586,-746024.4019325289,731143.4610198145
2020-08-03,buy,SZ002543,-731075.9776226997,67.48339711478911
2020-09-01,sell,SH600064,817677.8213716063,817745.3047687211
2020-09-01,sell,SH600352,707250.6542452738,1524995.9590139948
2020-09-01,sell,SH600382,756022.8328639728,2281018.7918779673
2020-09-01,sell,SH600566,710961.7693125138,2991980.5611904813
2020-09-01,sell,SH600750,740210.6652372471,3732191.2264277283
2020-09-01,sell,SH601000,27089.426917763616,3759280.6533454917
2020-09-01,sell,SH603357,770308.0995693459,4529588.752914838
2020-09-01,sell,SH603586,709435.7053325365,5239024.458247374
2020-09-01,sell,SZ000581,60036.835692309716,5299061.293939684
2020-09-01,sell,SZ000922,765694.3095328216,6064755.603472505
2020-09-01,sell,SZ002270,776162.430631769,6840918.034104274
2020-09-01,sell,SZ002394,7092.310528941917,6848010.344633215
2020-09-01,sell,SZ002440,750745.9655909903,7598756.310224205
2020-09-01,sell,SZ002543,771190.0498075342,8369946.36003174
2020-09-01,sell,SZ002583,687883.8301609023,9057830.190192642
2020-09-01,sell,SZ002884,179520.87679286223,9237351.066985505
2020-09-01,sell,SZ300193,822317.3201940284,10059668.387179533
2020-09-01,buy,SZ002582,-767834.3932483749,9291833.993931158
2020-09-01,buy,SH600051,-62027.904132031515,9229806.089799127
2020-09-01,buy,SZ300552,-764617.2604422083,8465188.829356918
2020-09-01,buy,SH601006,-768133.0734284306,7697055.7559284875
2020-09-01,buy,SH600668,-768100.1074411365,6928955.648487351
2020-09-01,buy,SH601717,-768025.4015510599,6160930.246936291
2020-09-01,buy,SZ002869,-766259.4418671882,5394670.805069103
2020-09-01,buy,SH601677,-768035.9893223097,4626634.8157467935
2020-09-01,buy,SZ002933,-768427.6089633659,3858207.206783428
2020-09-01,buy,SH600261,-768647.053369387,3089560.153414041
2020-09-01,buy,SZ002746,-31325.029762848357,3058235.1236511925
2020-09-01,buy,SH600449,-767551.5986442541,2290683.5250069383
2020-09-01,buy,SH600846,-767844.6046942594,1522838.920312679
2020-09-01,buy,SZ002432,-768198.2034294817,754640.7168831972
2020-09-01,buy,SZ002234,-25096.237226434707,729544.4796567624
2020-09-01,buy,SH600273,-728668.2427261793,876.236930583138
2020-10-09,sell,SH600273,731443.4028254312,732319.6397560143
2020-10-09,sell,SH600846,734723.0019458322,1467042.6417018464
2020-10-09,sell,SH601000,20343.933760835946,1487386.5754626824
2020-10-09,sell,SH601006,20855.797731226732,1508242.3731939092
2020-10-09,sell,SH601677,64761.17432565051,1573003.5475195597
2020-10-09,sell,SH601717,119503.49007825096,1692507.0375978106
2020-10-09,sell,SZ000581,780160.9224711044,2472667.960068915
2020-10-09,sell,SZ002884,800573.0677025503,3273241.0277714655
2020-10-09,sell,SZ002933,764196.9173298317,4037437.9451012975
2020-10-09,buy,SZ002582,-21944.44605056946,4015493.499050728
2020-10-09,buy,SH600051,-25204.695592275126,3990288.8034584527
2020-10-09,buy,SZ300552,-21974.7478416275,3968314.0556168254
2020-10-09,buy,SZ002869,-56931.04533926308,3911383.0102775623
2020-10-09,buy,SZ002432,-44144.12385934181,3867238.8864182206
2020-10-09,buy,SH600668,-15842.361966323851,3851396.5244518965
2020-10-09,buy,SH600449,-48766.81049336489,3802629.7139585316
2020-10-09,buy,SZ000922,-721313.5142331906,3081316.199725341
2020-10-09,buy,SH600261,-19094.72205473744,3062221.4776706034
2020-10-09,buy,SZ002270,-721502.5535904764,2340718.924080127
2020-10-09,buy,SZ002234,-112302.4584256961,2228416.465654431
2020-10-09,buy,SZ002746,-59531.97126382184,2168884.494390609
2020-10-09,buy,SH600750,-721411.3962982013,1447473.098092408
2020-10-09,buy,SH601567,-721197.9068324518,726275.1912599561
2020-10-09,buy,SZ002394,-15905.296861457826,710369.8943984982
2020-10-09,buy,SH603758,-709681.9443631582,687.9500353400363
2020-11-02,sell,SH600261,12657.99896544323,13345.949000783266
2020-11-02,sell,SH600668,682999.1723417097,696345.121342493
2020-11-02,sell,SH601006,11506.816956067467,707851.9382985604
2020-11-02,sell,SH601567,753704.3190462805,1461556.257344841
2020-11-02,sell,SH601677,855362.5728808653,2316918.830225706
2020-11-02,sell,SH601717,788987.904475913,3105906.734701619
2020-11-02,sell,SH603758,2052.056264144707,3107958.790965764
2020-11-02,sell,SZ000922,192870.67815442692,3300829.469120191
2020-11-02,sell,SZ002234,579583.3951343093,3880412.8642545003
2020-11-02,sell,SZ002270,703020.2932872856,4583433.157541785
2020-11-02,sell,SZ002394,48876.373494984626,4632309.53103677
2020-11-02,sell,SZ002746,654499.043665617,5286808.574702387
2020-11-02,sell,SZ002869,631285.0021151542,5918093.57681754
2020-11-02,buy,SZ002582,-89425.9325397805,5828667.64427776
2020-11-02,buy,SZ300552,-86822.25921064682,5741845.385067113
2020-11-02,buy,SH600720,-708532.8972784895,5033312.487788623
2020-11-02,buy,SH600449,-3869.9487558364867,5029442.539032787
2020-11-02,buy,SZ002432,-15106.113623046873,5014336.42540974
2020-11-02,buy,SH601000,-21893.86321860409,4992442.562191136
2020-11-02,buy,SH600051,-52067.5956393322,4940374.966551804
2020-11-02,buy,SZ002124,-708388.4453079763,4231986.521243827
2020-11-02,buy,SH603556,-709081.9763464234,3522904.544897404
2020-11-02,buy,SZ000581,-707730.3051036274,2815174.2397937765
2020-11-02,buy,SH603277,-708564.6350705541,2106609.6047232226
2020-11-02,buy,SZ000027,-709160.3264845443,1397449.2782386784
2020-11-02,buy,SH600023,-709017.3965670852,688431.8816715932
2020-11-02,buy,SZ002406,-687972.7097429739,459.1719286192674
2020-12-01,sell,SH600023,738342.9879037709,738802.1598323901
2020-12-01,sell,SH600720,1378.2224689966204,740180.3823013868
2020-12-01,sell,SH601000,38625.34667159434,778805.7289729811
2020-12-01,sell,SH601006,13958.529036425782,792764.2580094069
2020-12-01,sell,SH603277,908956.5800679462,1701720.838077353
2020-12-01,sell,SH603758,897741.1530171473,2599461.9910945003
2020-12-01,sell,SZ000027,732445.5770069013,3331907.5681014014
2020-12-01,sell,SZ002394,3064.019246247864,3334971.5873476495
2020-12-01,sell,SZ002582,683857.9033737871,4018829.4907214367
2020-12-01,buy,SZ002432,-87512.29100627633,3931317.1997151603
2020-12-01,buy,SH601677,-737755.1877947858,3193562.0119203744
2020-12-01,buy,SH600261,-702.0699250221253,3192859.941995352
2020-12-01,buy,SH600449,-9272.835201835633,3183587.1067935163
2020-12-01,buy,SZ300552,-3924.047578430176,3179663.059215086
2020-12-01,buy,SZ000922,-76899.26404224314,3102763.7951728427
2020-12-01,buy,SH600051,-10863.795442962648,3091899.99972988
2020-12-01,buy,SZ002124,-2080.2472133636475,3089819.7525165165
2020-12-01,buy,SZ002236,-737210.988052378,2352608.7644641385
2020-12-01,buy,SZ000581,-24555.417052128178,2328053.34741201
2020-12-01,buy,SH603556,-1378.9607364654541,2326674.3866755445
2020-12-01,buy,SH600750,-49620.02067614737,2277054.3659993974
2020-12-01,buy,SZ002100,-737812.3099132356,1539242.0560861616
2020-12-01,buy,SH600668,-737980.8249133284,801261.2311728332
2020-12-01,buy,SZ002406,-73113.86535751693,728147.3658153163
2020-12-01,buy,SZ002540,-728096.8279783423,50.53783697402105
2021-01-04,sell,SH600668,682186.3842107365,682236.9220477105
2021-01-04,sell,SH600750,694378.3065512659,1376615.2285989765
2021-01-04,sell,SH601677,79037.33438646041,1455652.562985437
2021-01-04,sell,SZ000922,91029.20007793579,1546681.7630633728
2021-01-04,sell,SZ002124,16113.66046231079,1562795.4235256836
2021-01-04,sell,SZ002236,1905.965315089798,1564701.3888407734
2021-01-04,sell,SZ002432,22015.44278886383,1586716.8316296372
2021-01-04,sell,SZ002540,722643.2231909068,2309360.054820544
2021-01-04,sell,SZ300552,852826.2953770953,3162186.3501976393
2021-01-04,buy,SH600720,-43463.94372075376,3118722.4064768855
2021-01-04,buy,SH600449,-46021.2474943891,3072701.1589824962
2021-01-04,buy,SH600261,-37432.83300132112,3035268.325981175
2021-01-04,buy,SH600273,-703592.8078712443,2331675.5181099307
2021-01-04,buy,SH600051,-17682.249866909922,2313993.268243021
2021-01-04,buy,SZ002100,-95357.56510914574,2218635.703133875
2021-01-04,buy,SZ002381,-703769.2725893498,1514866.4305445254
2021-01-04,buy,SH603556,-25274.434025764847,1489591.9965187605
2021-01-04,buy,SH601000,-5007.000969219208,1484584.9955495412
2021-01-04,buy,SZ002394,-13462.915841293334,1471122.079708248
2021-01-04,buy,SH601006,-2781.011082649231,1468341.0686255987
2021-01-04,buy,SZ000581,-40216.71128968277,1428124.357335916
2021-01-04,buy,SH600023,-703604.7957984378,724519.5615374782
2021-01-04,buy,SH601088,-703500.1483840803,21019.413153397967
2021-01-04,buy,SZ002406,-20696.210133282995,323.2030201149719
2021-02-01,sell,SH600023,677239.3467412677,677562.5497613826
2021-02-01,sell,SH601006,18033.381757890045,695595.9315192726
2021-02-01,sell,SH601088,664749.4822061942,1360345.413725467
2021-02-01,sell,SZ000581,683919.84273872,2044265.256464187
2021-02-01,sell,SZ000922,741725.5316925447,2785990.788156732
2021-02-01,sell,SZ002100,15748.757365197753,2801739.54552193
2021-02-01,sell,SZ002236,844650.6664906276,3646390.2120125573
2021-02-01,sell,SZ002381,68520.92276822783,3714911.134780785
2021-02-01,buy,SH600720,-23127.96667028389,3691783.168110501
2021-02-01,buy,SH600449,-7871.077359199524,3683912.0907513015
2021-02-01,buy,SH600273,-53771.60205499249,3630140.488696309
2021-02-01,buy,SH600261,-8978.589819908142,3621161.8988764007
2021-02-01,buy,SH601677,-12995.494216537474,3608166.404659863
2021-02-01,buy,SZ002432,-40150.85138756756,3568015.5532722957
2021-02-01,buy,SH600051,-55172.54725923655,3512843.006013059
2021-02-01,buy,SZ002394,-25837.238598359756,3487005.7674146993
2021-02-01,buy,SH603556,-24649.139847233106,3462356.6275674663
2021-02-01,buy,SH601000,-25530.499516230197,3436826.1280512363
2021-02-01,buy,SZ002124,-9612.765892028809,3427213.3621592075
2021-02-01,buy,SZ000531,-678050.1136973955,2749163.248461812
2021-02-01,buy,SH600668,-678405.3910330089,2070757.8574288029
2021-02-01,buy,SZ000883,-678221.30388621,1392536.553542593
2021-02-01,buy,SZ002406,-49038.39046777892,1343498.163074814
2021-02-01,buy,SZ002322,-677712.0327199709,665786.1303548431
2021-02-01,buy,SZ002270,-665403.2613404768,382.86901436629705
2021-03-01,sell,SH600273,9226.11982886734,9608.988843233637
2021-03-01,sell,SH600449,31459.98468115997,41068.97352439361
2021-03-01,sell,SH600720,60541.29072353725,101610.26424793086
2021-03-01,sell,SH601677,81899.44946912692,183509.71371705778
2021-03-01,sell,SZ000883,692018.230063298,875527.9437803559
2021-03-01,sell,SZ002100,63540.30261022768,939068.2463905836
2021-03-01,sell,SZ002124,850208.5654649944,1789276.8118555779
2021-03-01,sell,SZ002270,705287.119440176,2494563.931295754
2021-03-01,sell,SZ002322,729574.3328946978,3224138.2641904517
2021-03-01,sell,SZ002394,952.6102016382217,3225090.87439209
2021-03-01,buy,SZ002432,-84129.41120355457,3140961.4631885355
2021-03-01,buy,SZ300552,-730632.0448846034,2410329.418303932
2021-03-01,buy,SH600261,-17031.07942435195,2393298.33887958
2021-03-01,buy,SH600051,-27090.985335590743,2366207.3535439894
2021-03-01,buy,SH600668,-10198.496936035155,2356008.856607954
2021-03-01,buy,SH601000,-27083.761145544304,2328925.09546241
2021-03-01,buy,SH603556,-37238.17717674259,2291686.918285667
2021-03-01,buy,SH601006,-36095.744939950564,2255591.173345716
2021-03-01,buy,SZ002381,-3408.038830566406,2252183.13451515
2021-03-01,buy,SZ002406,-27270.3195226581,2224912.814992492
2021-03-01,buy,SZ000690,-732164.0404984796,1492748.7744940124
2021-03-01,buy,SZ002540,-732082.1298463806,760666.6446476318
2021-03-01,buy,SZ000581,-731671.0852401017,28995.55940753012
2021-03-01,buy,SZ000531,-28557.427881088828,438.1315264412915
2021-04-01,sell,SH600051,736104.5045733122,736542.6360997536
2021-04-01,sell,SH600273,33574.482703613714,770117.1188033673
2021-04-01,sell,SH601000,86867.24009052901,856984.3588938962
2021-04-01,sell,SH601006,1199.9828416166306,858184.3417355128
2021-04-01,sell,SH601677,100589.05386133432,958773.3955968472
2021-04-01,sell,SZ000531,922159.6891795982,1880933.0847764453
2021-04-01,sell,SZ000690,42794.41025238927,1923727.4950288346
2021-04-01,sell,SZ002381,812086.8777085019,2735814.3727373364
2021-04-01,sell,SZ002540,729531.6530669,3465346.0258042365
2021-04-01,sell,SZ300552,58289.855689654534,3523635.881493891
2021-04-01,buy,SH600449,-4059.2198606491093,3519576.661633242
2021-04-01,buy,SZ002432,-27495.89766412399,3492080.763969118
2021-04-01,buy,SZ002100,-152576.28858387633,3339504.475385241
2021-04-01,buy,SZ300259,-785438.720537072,2554065.754848169
2021-04-01,buy,SZ002394,-36439.59429604374,2517626.1605521254
2021-04-01,buy,SH600261,-5712.7507530689245,2511913.4097990566
2021-04-01,buy,SH600603,-785312.0737650866,1726601.3360339701
2021-04-01,buy,SH600668,-20002.561570823764,1706598.7744631465
2021-04-01,buy,SH603556,-12677.831350326538,1693920.94311282
2021-04-01,buy,SH600720,-54043.52270088272,1639877.4204119372
2021-04-01,buy,SH600023,-785184.8527074028,854692.5677045344
2021-04-01,buy,SZ002406,-43245.370564827346,811447.197139707
2021-04-01,buy,SZ002128,-784782.3030942312,26664.89404547587
2021-04-01,buy,SZ000581,-26635.9281539653,28.965891510571964
2021-05-06,sell,SH600023,711640.1098692655,711669.0757607761
2021-05-06,sell,SH600261,820427.9342599574,1532097.0100207333
2021-05-06,sell,SH600273,702817.5481601111,2234914.5581808444
2021-05-06,sell,SH600449,678779.7657153852,2913694.3238962297
2021-05-06,sell,SH600603,746469.2378907176,3660163.5617869473
2021-05-06,sell,SH600668,670774.888458117,4330938.450245065
2021-05-06,sell,SH600720,698875.8725684158,5029814.32281348
2021-05-06,sell,SH601000,6589.4952049682615,5036403.818018449
2021-05-06,sell,SH601006,762540.6094931016,5798944.4275115505
2021-05-06,sell,SH601677,780370.8518916363,6579315.279403186
2021-05-06,sell,SH603556,680678.879037421,7259994.158440608
2021-05-06,sell,SZ000581,791482.8659718568,8051477.024412464
2021-05-06,sell,SZ000690,622127.117681625,8673604.142094089
2021-05-06,sell,SZ002100,728529.162691735,9402133.304785823
2021-05-06,sell,SZ002128,824701.5196992446,10226834.824485067
2021-05-06,sell,SZ002394,640944.900287031,10867779.724772098
2021-05-06,sell,SZ002406,51703.21917421926,10919482.943946317
2021-05-06,sell,SZ002432,772153.9979630315,11691636.941909349
2021-05-06,sell,SZ300259,755940.4623390329,12447577.404248381
2021-05-06,sell,SZ300552,603983.5893059161,13051560.993554298
2021-05-06,buy,SH600512,-728991.9938989785,12322568.99965532
2021-05-06,buy,SZ002382,-728913.0166156398,11593655.983039679
2021-05-06,buy,SZ000848,-728930.860956976,10864725.122082703
2021-05-06,buy,SH601678,-728936.3649424618,10135788.757140242
2021-05-06,buy,SZ002022,-727625.2627593195,9408163.494380921
2021-05-06,buy,SZ002154,-728959.0546759979,8679204.439704923
2021-05-06,buy,SH600618,-728564.8366024474,7950639.603102475
2021-05-06,buy,SH600750,-728817.8752163321,7221821.727886143
2021-05-06,buy,SH600694,-728023.2331896235,6493798.494696519
2021-05-06,buy,SH600035,-729063.1668996721,5764735.327796848
2021-05-06,buy,SH600075,-728710.9362032174,5036024.39159363
2021-05-06,buy,SH600089,-729120.0521539475,4306904.339439683
2021-05-06,buy,SH600033,-729130.0142376788,3577774.325202004
2021-05-06,buy,SH603685,-728097.2147226726,2849677.1104793316
2021-05-06,buy,SZ002763,-728992.4332160674,2120684.677263264
2021-05-06,buy,SZ002664,-728817.8296214123,1391866.8476418518
2021-05-06,buy,SH603900,-728913.9454329052,662952.9022089465
2021-05-06,buy,SH601126,-662813.7730975018,139.129111444694
2021-06-01,sell,SH600618,788462.6794208507,788601.8085322954
2021-06-01,sell,SH600750,754323.3861886669,1542925.1947209623
2021-06-01,sell,SH601126,644518.7921383582,2187443.9868593207
2021-06-01,sell,SH601678,31856.978150782586,2219300.9650101033
2021-06-01,sell,SH603900,802330.32706575,3021631.2920758533
2021-06-01,sell,SZ000848,1050719.4457485566,4072350.73782441
2021-06-01,sell,SZ002022,773250.0276818204,4845600.76550623
2021-06-01,sell,SZ002154,857899.5649928416,5703500.330499072
2021-06-01,sell,SZ002763,808327.8083243213,6511828.138823393
2021-06-01,buy,SH600512,-15387.612023353577,6496440.526800039
2021-06-01,buy,SZ002382,-109402.03003534263,6387038.496764696
2021-06-01,buy,SZ300677,-760140.3405755992,5626898.156189097
2021-06-01,buy,SH600075,-35163.191663015845,5591734.964526081
2021-06-01,buy,SH600694,-20356.94813273151,5571378.0163933495
2021-06-01,buy,SH600566,-765982.5340738231,4805395.482319526
2021-06-01,buy,SH601000,-49858.92766081016,4755536.554658717
2021-06-01,buy,SZ002753,-765602.477763244,3989934.0768954726
2021-06-01,buy,SH600089,-59300.64410002121,3930633.4327954515
2021-06-01,buy,SH600035,-31904.646171695782,3898728.786623756
2021-06-01,buy,SZ002406,-48221.75477085903,3850507.031852897
2021-06-01,buy,SZ002664,-38806.721659209994,3811700.3101936867
2021-06-01,buy,SH600483,-765180.371275019,3046519.938918668
2021-06-01,buy,SZ002567,-765988.4559649471,2280531.4829537207
2021-06-01,buy,SH600033,-6923.630608654022,2273607.8523450666
2021-06-01,buy,SH601515,-765663.1095434761,1507944.7428015904
2021-06-01,buy,SZ300403,-765412.7780443158,742531.9647572746
2021-06-01,buy,SZ002531,-742192.0659543041,339.89880297053605
2021-07-01,sell,SH600035,780222.9061069567,780562.8049099272
2021-07-01,sell,SH600089,63615.39065209551,844178.1955620227
2021-07-01,sell,SH600483,811735.3963599368,1655913.5919219595
2021-07-01,sell,SH601515,750483.8082721184,2406397.4001940778
2021-07-01,sell,SH601678,891267.778908265,3297665.1791023426
2021-07-01,sell,SH603685,7206.19926877594,3304871.3783711186
2021-07-01,sell,SZ002406,787381.7503867287,4092253.1287578475
2021-07-01,sell,SZ002664,880757.6557567015,4973010.784514549
2021-07-01,sell,SZ002753,39557.837332798284,5012568.621847347
2021-07-01,sell,SZ300403,801692.182175028,5814260.8040223755
2021-07-01,buy,SH600512,-24224.44133083191,5790036.362691544
2021-07-01,buy,SZ002382,-40842.770640820316,5749193.592050724
2021-07-01,buy,SZ300677,-101774.41059451217,5647419.181456212
2021-07-01,buy,SH600075,-68998.89344931564,5578420.288006896
2021-07-01,buy,SH600694,-35859.23252496185,5542561.055481934
2021-07-01,buy,SH600566,-31530.00884601036,5511031.046635924
2021-07-01,buy,SZ002128,-777867.0457760708,4733164.000859853
2021-07-01,buy,SH601000,-21303.615809361272,4711860.385050491
2021-07-01,buy,SH600033,-30510.24520055483,4681350.139849937
2021-07-01,buy,SH600368,-777678.2790802288,3903671.8607697077
2021-07-01,buy,SZ300443,-777107.2115993596,3126564.649170348
2021-07-01,buy,SH600618,-777795.5836252044,2348769.0655451436
2021-07-01,buy,SZ002531,-13556.34210510254,2335212.723440041
2021-07-01,buy,SZ002567,-21992.659093747447,2313220.0643462935
2021-07-01,buy,SZ002763,-777179.9141805702,1536040.1501657232
2021-07-01,buy,SH603900,-777899.5484539806,758140.6017117426
2021-07-01,buy,SZ002283,-758030.9217210904,109.67999065213371
2021-08-02,sell,SH600075,918123.6300313519,918233.3100220041
2021-08-02,sell,SH600089,914150.7672284752,1832384.0772504793
2021-08-02,sell,SH600368,804761.3089085859,2637145.386159065
2021-08-02,sell,SH600618,808219.704299712,3445365.0904587773
2021-08-02,sell,SH601000,776699.3101311241,4222064.400589901
2021-08-02,sell,SH603685,833325.9603704402,5055390.360960341
2021-08-02,sell,SH603900,764224.0720614648,5819614.433021806
2021-08-02,sell,SZ002283,763196.2408504373,6582810.673872244
2021-08-02,sell,SZ002531,1021595.6080659571,7604406.281938201
2021-08-02,sell,SZ002567,680494.1202604141,8284900.402198615
2021-08-02,sell,SZ002753,3674.7133973342893,8288575.115595949
2021-08-02,sell,SZ002763,697331.5935883585,8985906.709184308
2021-08-02,sell,SZ300443,1101825.617560635,10087732.326744942
2021-08-02,buy,SH603199,-808791.7205038682,9278940.606241073
2021-08-02,buy,SH600512,-26215.394212539224,9252725.212028535
2021-08-02,buy,SZ002382,-13953.742527770995,9238771.469500763
2021-08-02,buy,SZ300677,-59133.878721337285,9179637.590779426
2021-08-02,buy,SH603238,-809158.4288777804,8370479.161901645
2021-08-02,buy,SZ000698,-809444.5487566809,7561034.613144964
2021-08-02,buy,SH600566,-155850.8931651315,7405183.719979833
2021-08-02,buy,SH600694,-88267.3268195098,7316916.393160323
2021-08-02,buy,SZ002296,-809234.3816025192,6507682.0115578035
2021-08-02,buy,SZ002035,-808903.3173678147,5698778.694189989
2021-08-02,buy,SH600035,-809266.675733854,4889512.018456135
2021-08-02,buy,SH600012,-809459.6459324092,4080052.372523726
2021-08-02,buy,SZ002606,-809196.6172039543,3270855.755319772
2021-08-02,buy,SH600033,-63990.647570682624,3206865.107749089
2021-08-02,buy,SZ300192,-809213.2478314661,2397651.859917623
2021-08-02,buy,SZ300690,-808585.6075696818,1589066.252347941
2021-08-02,buy,SZ002611,-809310.492380088,779755.7599678531
2021-08-02,buy,SH601678,-779572.1834619108,183.57650594227016
2021-09-01,sell,SH600012,890152.6842732911,890336.2607792334
2021-09-01,sell,SH600035,866357.9055705973,1756694.1663498306
2021-09-01,sell,SH600512,42657.88068550366,1799352.0470353342
2021-09-01,sell,SH600566,883515.1332063617,2682867.1802416956
2021-09-01,sell,SH600694,838307.5702199333,3521174.7504616287
2021-09-01,sell,SH601678,1204290.7190959628,4725465.469557592
2021-09-01,sell,SH603199,930373.6867665421,5655839.156324134
2021-09-01,sell,SZ000698,990537.8896326091,6646377.045956743
2021-09-01,sell,SZ002035,842818.8376470217,7489195.883603765
2021-09-01,sell,SZ002128,1077705.6389656374,8566901.522569403
2021-09-01,sell,SZ002296,854905.3592693253,9421806.881838728
2021-09-01,sell,SZ002606,37146.95707756946,9458953.838916298
2021-09-01,sell,SZ002611,1027874.537025223,10486828.37594152
2021-09-01,sell,SZ002753,977472.244125824,11464300.620067345
2021-09-01,sell,SZ300192,894657.2572149616,12358957.877282307
2021-09-01,sell,SZ300690,730217.3558561632,13089175.23313847
2021-09-01,buy,SH600643,-898060.7756450032,12191114.457493467
2021-09-01,buy,SH600707,-898531.5483535858,11292582.90913988
2021-09-01,buy,SZ002270,-898539.1668154256,10394043.742324455
2021-09-01,buy,SZ002382,-122155.32444942628,10271888.41787503
2021-09-01,buy,SZ300677,-219282.06994522706,10052606.347929802
2021-09-01,buy,SZ002774,-898137.6833777999,9154468.664552001
2021-09-01,buy,SZ002022,-898298.3632207003,8256170.301331301
2021-09-01,buy,SH600668,-898338.5789914153,7357831.722339886
2021-09-01,buy,SZ000581,-898331.4627428013,6459500.259597085
2021-09-01,buy,SZ300443,-898404.8017411523,5561095.457855933
2021-09-01,buy,SH603238,-173432.2186292796,5387663.239226654
2021-09-01,buy,SZ000690,-898197.0928413927,4489466.146385262
2021-09-01,buy,SH600097,-897666.717488226,3591799.428897036
2021-09-01,buy,SH600966,-898067.8474457397,2693731.581451296
2021-09-01,buy,SZ002763,-898481.0442851717,1795250.5371661242
2021-09-01,buy,SH600273,-897867.493618299,897383.0435478252
2021-09-01,buy,SH600033,-60314.58218198471,837068.4613658405
2021-09-01,buy,SZ000612,-836766.1120942612,302.3492715792963
2021-10-08,sell,SH600033,28296.039737596035,28598.38900917533
2021-10-08,sell,SH600097,59084.34555414854,87682.73456332387
2021-10-08,sell,SH600273,913735.9743303447,1001418.7088936686
2021-10-08,sell,SH600966,10020.16994392929,1011438.8788375979
2021-10-08,sell,SH603238,916911.6355976828,1928350.5144352806
2021-10-08,sell,SZ000612,713698.0628777206,2642048.5773130013
2021-10-08,sell,SZ000690,149253.44241537427,2791302.0197283756
2021-10-08,sell,SZ002270,700.8453183804512,2792002.865046756
2021-10-08,sell,SZ002606,1310406.7826640077,4102409.647710764
2021-10-08,sell,SZ002763,956623.4360194779,5059033.083730241
2021-10-08,sell,SZ300443,1583796.970140754,6642830.0538709955
2021-10-08,buy,SH600643,-52982.308063850185,6589847.745807146
2021-10-08,buy,SH600512,-127320.7054288092,6462527.040378337
2021-10-08,buy,SZ300677,-183399.22288411055,6279127.817494227
2021-10-08,buy,SZ002382,-155732.0603778548,6123395.757116372
2021-10-08,buy,SH600707,-70239.44939463466,6053156.307721737
2021-10-08,buy,SZ002022,-37518.252908958435,6015638.054812779
2021-10-08,buy,SZ002774,-129222.17904511157,5886415.875767667
2021-10-08,buy,SZ000581,-147622.76913087376,5738793.106636793
2021-10-08,buy,SH600668,-51197.64017263035,5687595.466464163
2021-10-08,buy,SZ000949,-952010.4929637564,4735584.973500406
2021-10-08,buy,SH600075,-951592.8355647181,3783992.1379356883
2021-10-08,buy,SH603199,-952509.8701279867,2831482.2678077016
2021-10-08,buy,SZ002109,-952007.0704293733,1879475.1973783283
2021-10-08,buy,SZ300888,-952161.9134056384,927313.2839726899
2021-10-08,buy,SZ000725,-926914.9537123834,398.33026030648034
2021-11-01,sell,SH600033,883960.6198481951,884358.9501085016
2021-11-01,sell,SH600075,749729.7614014745,1634088.711509976
2021-11-01,sell,SH600512,16913.731614416312,1651002.4431243923
2021-11-01,sell,SH600643,1217.6993812532426,1652220.1425056455
2021-11-01,sell,SH600668,9847.359661508943,1662067.5021671546
2021-11-01,sell,SH600966,847782.4083444243,2509849.910511579
2021-11-01,sell,SH603199,888866.6642998201,3398716.574811399
2021-11-01,sell,SZ000581,15986.495775072477,3414703.0705864714
2021-11-01,sell,SZ000690,785365.1963673399,4200068.266953811
2021-11-01,sell,SZ000949,127792.41977267043,4327860.686726482
2021-11-01,sell,SZ002022,132541.0547523449,4460401.741478827
2021-11-01,sell,SZ002109,2605.305536192417,4463007.04701502
2021-11-01,sell,SZ002270,205163.8245382825,4668170.871553302
2021-11-01,sell,SZ300888,15314.998132872774,4683485.869686174
2021-11-01,buy,SZ300677,-29141.62956646431,4654344.24011971
2021-11-01,buy,SZ002382,-95213.3601350116,4559130.879984698
2021-11-01,buy,SH600707,-66296.34395209809,4492834.5360326
2021-11-01,buy,SZ300360,-871294.0758126135,3621540.4602199867
2021-11-01,buy,SZ002774,-67211.10722881173,3554329.352991175
2021-11-01,buy,SH600746,-870807.7182442757,2683521.6347468994
2021-11-01,buy,SH600097,-72456.51412689524,2611065.120620004
2021-11-01,buy,SZ002322,-871047.0253315287,1740018.095288475
2021-11-01,buy,SH600012,-871245.5937880847,868772.5015003904
2021-11-01,buy,SZ300259,-868473.2305349523,299.2709654381033
2021-12-01,sell,SH600012,992219.3811351204,992518.6521005585
2021-12-01,sell,SH600668,6186.203704774856,998704.8558053334
2021-12-01,sell,SZ002270,1213392.8975955604,2212097.753400894
2021-12-01,sell,SZ002322,169527.89021165457,2381625.6436125482
2021-12-01,sell,SZ002382,9342.651359552001,2390968.2949721003
2021-12-01,sell,SZ300360,1484245.3465093798,3875213.64148148
2021-12-01,sell,SZ300677,108395.97257369064,3983609.6140551707
2021-12-01,sell,SZ300888,993130.6653843177,4976740.279439488
2021-12-01,buy,SH600643,-103122.02580118303,4873618.253638306
2021-12-01,buy,SH600512,-115817.37860699266,4757800.875031313
2021-12-01,buy,SH600707,-94555.58129668822,4663245.293734625
2021-12-01,buy,SZ000949,-164014.5269132244,4499230.7668214
2021-12-01,buy,SH600746,-130278.68932831766,4368952.077493083
2021-12-01,buy,SZ002774,-79049.29549620833,4289902.781996874
2021-12-01,buy,SZ002109,-97669.85535712785,4192232.9266397464
2021-12-01,buy,SZ002022,-46609.14150798655,4145623.78513176
2021-12-01,buy,SZ000581,-33000.89369402962,4112622.8914377303
2021-12-01,buy,SH600097,-85819.012683338,4026803.8787543923
2021-12-01,buy,SH601000,-978893.4430183432,3047910.435736049
2021-12-01,buy,SH600966,-978747.3835640434,2069163.0521720056
2021-12-01,buy,SZ002469,-978914.8957148677,1090248.1564571378
2021-12-01,buy,SZ000725,-124347.20487075162,965900.9515863862
2021-12-01,buy,SZ300259,-6508.445234489441,959392.5063518968
2021-12-01,buy,SZ000883,-959134.0540663375,258.4522855592659
2022-01-04,sell,SH600097,101424.81382307144,101683.2661086307
2022-01-04,sell,SH600512,20343.635092531786,122026.90120116249
2022-01-04,sell,SH600668,491826.0043009639,613852.9055021263
2022-01-04,sell,SH601000,35876.40122378483,649729.3067259111
2022-01-04,sell,SZ000725,1015649.3137806836,1665378.6205065947
2022-01-04,sell,SZ000883,66743.59663057022,1732122.217137165
2022-01-04,sell,SZ002022,977855.0705210223,2709977.287658187
2022-01-04,sell,SZ002109,1084187.134447553,3794164.42210574
2022-01-04,sell,SZ002469,46809.26517484703,3840973.687280587
2022-01-04,sell,SZ300259,1022174.1301751332,4863147.81745572
2022-01-04,buy,SZ300677,-150504.04861078123,4712643.768844939
2022-01-04,buy,SH688068,-1029091.5371167676,3683552.231728171
2022-01-04,buy,SH600643,-16721.23742631529,3666830.9943018556
2022-01-04,buy,SH600746,-106435.45115889874,3560395.5431429567
2022-01-04,buy,SZ000949,-132786.67636539674,3427608.8667775597
2022-01-04,buy,SZ002382,-65222.349020812,3362386.5177567475
2022-01-04,buy,SH600707,-80670.79451116515,3281715.7232455825
2022-01-04,buy,SZ002774,-54581.61516150212,3227134.1080840803
2022-01-04,buy,SZ000581,-37599.77930198502,3189534.328782095
2022-01-04,buy,SZ002064,-1035799.0021356558,2153735.3266464393
2022-01-04,buy,SZ002270,-1035621.2220949219,1118114.1045515174
2022-01-04,buy,SH600966,-34167.467341605035,1083946.6372099123
2022-01-04,buy,SZ002322,-58690.62192553711,1025256.0152843752
2022-01-04,buy,SH600694,-1023695.4171671668,1560.5981172083411
2022-02-07,sell,SH600512,56273.560190573,57834.15830778134
2022-02-07,sell,SH600643,40281.12435040054,98115.28265818188
2022-02-07,sell,SH600694,1027824.4193027521,1125939.701960934
2022-02-07,sell,SH600746,45548.79192196507,1171488.4938828992
2022-02-07,sell,SH601000,1026156.4668597115,2197644.9607426105
2022-02-07,sell,SH688068,1237235.4502284266,3434880.410971037
2022-02-07,sell,SZ000581,54153.57411872268,3489033.98508976
2022-02-07,sell,SZ002064,945235.9299247938,4434269.915014554
2022-02-07,sell,SZ002774,71332.5493267987,4505602.464341353
2022-02-07,buy,SZ300677,-8648.251449584961,4496954.212891768
2022-02-07,buy,SZ000949,-45510.00026153171,4451444.212630236
2022-02-07,buy,SZ002382,-96132.04997548382,4355312.162654752
2022-02-07,buy,SZ002022,-963126.0822842942,3392186.080370458
2022-02-07,buy,SH600707,-71790.77687215712,3320395.3034983007
2022-02-07,buy,SZ002270,-124170.5032884716,3196224.800209829
2022-02-07,buy,SZ002109,-963392.4363831157,2232832.3638267135
2022-02-07,buy,SH600097,-19418.51569198763,2213413.848134726
2022-02-07,buy,SZ002322,-47770.34059464924,2165643.5075400765
2022-02-07,buy,SH600966,-55458.25974705065,2110185.247793026
2022-02-07,buy,SZ002469,-24144.136394163008,2086041.111398863
2022-02-07,buy,SZ000883,-78630.70918431749,2007410.4022145455
2022-02-07,buy,SZ002759,-962070.5138181631,1045339.8883963824
2022-02-07,buy,SZ300888,-960037.3715365866,85302.5168597959
2022-02-07,buy,SH600668,-85135.38482323609,167.1320365598076
2022-03-01,sell,SH600097,62550.35019668427,62717.482233244074
2022-03-01,sell,SH600512,79528.34854793214,142245.83078117622
2022-03-01,sell,SH600643,5249.035174220275,147494.8659553965
2022-03-01,sell,SH600746,10212.837431329346,157707.70338672586
2022-03-01,sell,SZ000949,4072.3564847457887,161780.05987147163
2022-03-01,sell,SZ002109,1048772.3675587007,1210552.4274301725
2022-03-01,sell,SZ002270,35278.062757192616,1245830.490187365
2022-03-01,sell,SZ002322,1027906.645822447,2273737.1360098124
2022-03-01,sell,SZ002759,59599.46505301666,2333336.601062829
2022-03-01,sell,SZ002774,44997.898288409895,2378334.499351239
2022-03-01,sell,SZ300888,981325.4518774267,3359659.9512286657
2022-03-01,buy,SZ300677,-95283.5537530046,3264376.3974756612
2022-03-01,buy,SZ002382,-50739.66701904831,3213636.730456613
2022-03-01,buy,SZ002022,-5130.855103302002,3208505.875353311
2022-03-01,buy,SH600707,-11657.348776435852,3196848.5265768752
2022-03-01,buy,SZ002064,-1015609.3666162328,2181239.1599606425
2022-03-01,buy,SZ000581,-61676.204038092044,2119562.9559225505
2022-03-01,buy,SZ002469,-27080.450567240438,2092482.5053553102
2022-03-01,buy,SH600668,-36850.37049449272,2055632.1348608173
2022-03-01,buy,SH600966,-26227.21720465073,2029404.9176561667
2022-03-01,buy,SZ300259,-1015892.6144931201,1013512.3031630466
2022-03-01,buy,SZ000883,-4562.697397232056,1008949.6057658145
2022-03-01,buy,SH600694,-1007574.3231116332,1375.2826541813556
2022-04-01,sell,SH600097,95644.86465402368,97020.14730820504
2022-04-01,sell,SH600512,132578.19807749614,229598.34538570116
2022-04-01,sell,SH600668,188816.43912817223,418414.7845138734
2022-04-01,sell,SH600694,980778.4745211682,1399193.2590350416
2022-04-01,sell,SZ002022,1116842.4320518202,2516035.691086862
2022-04-01,sell,SZ002469,957066.8623407236,3473102.5534275854
2022-04-01,sell,SZ002759,975718.3526318272,4448820.906059412
2022-04-01,sell,SZ002774,1078093.8052464202,5526914.7113058325
2022-04-01,buy,SZ300677,-74292.30496348572,5452622.406342347
2022-04-01,buy,SZ300158,-984691.2578436465,4467931.148498701
2022-04-01,buy,SZ002382,-13704.104940223693,4454227.043558477
2022-04-01,buy,SZ000949,-54938.58132529778,4399288.462233179
2022-04-01,buy,SH600746,-45162.21999247902,4354126.2422407
2022-04-01,buy,SZ002064,-35751.03396413612,4318375.208276564
2022-04-01,buy,SH600707,-30554.797172405546,4287820.4111041585
2022-04-01,buy,SZ000581,-23724.063563623924,4264096.347540535
2022-04-01,buy,SH600643,-26799.21594024974,4237297.131600285
2022-04-01,buy,SZ000883,-54331.243372491364,4182965.8882277934
2022-04-01,buy,SZ300259,-58972.538564588074,4123993.3496632054
2022-04-01,buy,SH600585,-982953.6596336903,3141039.690029515
2022-04-01,buy,SZ002233,-985454.0129628294,2155585.6770666856
2022-04-01,buy,SZ300888,-982348.8580297293,1173236.8190369564
2022-04-01,buy,SH600966,-18079.053564318867,1155157.7654726375
2022-04-01,buy,SZ002270,-186382.4090170856,968775.3564555519
2022-04-01,buy,SH603508,-968207.9979873106,567.3584682412911
2022-05-05,sell,SH600512,792201.8305745977,792769.189042839
2022-05-05,sell,SH600585,999496.6371020671,1792265.8261449062
2022-05-05,sell,SH600643,68996.89489271348,1861262.7210376197
2022-05-05,sell,SH600668,666561.7873604692,2527824.508398089
2022-05-05,sell,SH600707,713522.2938776539,3241346.802275743
2022-05-05,sell,SH600746,828666.0397982544,4070012.8420739975
2022-05-05,sell,SH600966,780447.230372585,4850460.072446583
2022-05-05,sell,SH603508,8057.511753898812,4858517.584200482
2022-05-05,sell,SZ000581,999843.7013392525,5858361.285539734
2022-05-05,sell,SZ000883,938909.8220906926,6797271.107630427
2022-05-05,sell,SZ002064,39665.493943091635,6836936.6015735185
2022-05-05,sell,SZ002233,846460.9432145852,7683397.544788104
2022-05-05,sell,SZ002270,867230.5722944138,8550628.117082518
2022-05-05,sell,SZ002382,668693.0136595449,9219321.130742062
2022-05-05,sell,SZ300158,856016.6570610559,10075337.787803117
2022-05-05,sell,SZ300259,761486.7207943667,10836824.508597484
2022-05-05,sell,SZ300677,606980.7612523229,11443805.269849807
2022-05-05,sell,SZ300888,909787.5044951427,12353592.774344949
2022-05-05,buy,SH688606,-807575.1341042052,11546017.640240744
2022-05-05,buy,SH600097,-102194.64166905486,11443822.998571688
2022-05-05,buy,SH688068,-807440.2190232894,10636382.7795484
2022-05-05,buy,SZ000949,-89235.49321772462,10547147.286330674
2022-05-05,buy,SZ002543,-815185.7553861471,9731961.530944526
2022-05-05,buy,SZ002798,-815131.2997102238,8916830.231234303
2022-05-05,buy,SH601668,-815294.1520506861,8101536.079183617
2022-05-05,buy,SH688298,-807479.6443864746,7294056.434797142
2022-05-05,buy,SH603183,-815085.9492537556,6478970.485543386
2022-05-05,buy,SZ002267,-814984.9361942053,5663985.54934918
2022-05-05,buy,SH600033,-815091.904313511,4848893.645035669
2022-05-05,buy,SZ002067,-815064.6231141993,4033829.02192147
2022-05-05,buy,SH600618,-815268.3592817594,3218560.6626397106
2022-05-05,buy,SH601857,-814891.3717864841,2403669.2908532266
2022-05-05,buy,SZ002759,-814605.7101508657,1589063.5807023607
2022-05-05,buy,SH600089,-814910.5354173025,774153.0452850582
2022-05-05,buy,SH600694,-772817.2006984747,1335.8445865835529
2022-06-01,sell,SH600033,842892.7003848543,844228.5449714379
2022-06-01,sell,SH600089,89019.6157223046,933248.1606937425
2022-06-01,sell,SH600097,923142.7698339402,1856390.9305276826
2022-06-01,sell,SH600618,943009.8029334999,2799400.7334611826
2022-06-01,sell,SH600643,5190.933614663124,2804591.667075846
2022-06-01,sell,SH600694,739231.8958052798,3543823.5628811256
2022-06-01,sell,SH601668,709018.8198433358,4252842.382724461
2022-06-01,sell,SH601857,839345.2502015645,5092187.632926025
2022-06-01,sell,SH603183,825018.2230206911,5917205.855946717
2022-06-01,sell,SH603508,24435.313771562574,5941641.1697182795
2022-06-01,sell,SH688298,750053.3818223877,6691694.551540667
2022-06-01,sell,SZ000949,857125.3037067187,7548819.855247386
2022-06-01,sell,SZ002064,856891.164794502,8405711.020041889
2022-06-01,sell,SZ002067,848261.5634838549,9253972.583525743
2022-06-01,sell,SZ002267,45843.99968027901,9299816.583206022
2022-06-01,sell,SZ002543,890705.6537210676,10190522.23692709
2022-06-01,sell,SZ002798,918873.0206848773,11109395.257611968
2022-06-01,buy,SH688606,-69973.06093234634,11039422.196679622
2022-06-01,buy,SH688068,-116381.87585513992,10923040.320824482
2022-06-01,buy,SZ002932,-840650.7629378826,10082389.557886599
2022-06-01,buy,SZ002759,-50028.9358945261,10032360.621992072
2022-06-01,buy,SH600585,-837896.7590479476,9194463.862944124
2022-06-01,buy,SH603077,-840703.5532999847,8353760.309644139
2022-06-01,buy,SH688057,-840122.2166865768,7513638.092957563
2022-06-01,buy,SZ002109,-840324.5184303132,6673313.57452725
2022-06-01,buy,SH603012,-840490.7700775579,5832822.804449691
2022-06-01,buy,SH600596,-839882.5273475748,4992940.2771021165
2022-06-01,buy,SH603766,-840320.2646250286,4152620.012477088
2022-06-01,buy,SZ002818,-840241.8209551903,3312378.1915218974
2022-06-01,buy,SH601827,-840131.432977933,2472246.7585439645
2022-06-01,buy,SH600368,-840498.654366383,1631748.1041775816
2022-06-01,buy,SH600035,-840559.5489148217,791188.5552627599
2022-06-01,buy,SZ300360,-790641.1028931179,547.4523696419783
2022-07-01,sell,SH600035,826364.9653246677,826912.4176943097
2022-07-01,sell,SH600089,162302.22362474154,989214.6413190513
2022-07-01,sell,SH600596,1003309.4222486815,1992524.063567733
2022-07-01,sell,SH601827,845387.6213169444,2837911.684884677
2022-07-01,sell,SH603077,1044995.1384952671,3882906.823379944
2022-07-01,sell,SH688057,893219.7902045323,4776126.6135844765
2022-07-01,sell,SZ002759,124242.23978698243,4900368.853371459
2022-07-01,sell,SZ002818,872322.8316869746,5772691.685058434
2022-07-01,sell,SZ002932,45578.7414009359,5818270.426459369
2022-07-01,sell,SZ300360,1091855.6385501074,6910126.065009477
2022-07-01,buy,SH688606,-89928.44208455931,6820197.622924917
2022-07-01,buy,SH688068,-89673.40417645569,6730524.218748461
2022-07-01,buy,SH603508,-11709.338439178468,6718814.880309283
2022-07-01,buy,SZ002109,-84012.37764725332,6634802.502662029
2022-07-01,buy,SZ002267,-101295.59511413383,6533506.907547895
2022-07-01,buy,SH600643,-56628.97837430022,6476877.929173594
2022-07-01,buy,SH600585,-40203.336015181274,6436674.593158413
2022-07-01,buy,SH601919,-901703.7090837666,5534970.884074646
2022-07-01,buy,SH600426,-900342.8194467041,4634628.064627942
2022-07-01,buy,SZ000731,-901790.7254110146,3732837.339216927
2022-07-01,buy,SH603766,-36417.81139480133,3696419.5278221257
2022-07-01,buy,SH603012,-32542.4825615744,3663877.0452605514
2022-07-01,buy,SH601857,-901709.3878019849,2762167.6574585666
2022-07-01,buy,SH600368,-76084.32704284617,2686083.3304157206
2022-07-01,buy,SZ002763,-901731.8136202727,1784351.516795448
2022-07-01,buy,SZ000848,-901276.0820735337,883075.4347219144
2022-07-01,buy,SZ000933,-882513.1007932146,562.3339286997216
2022-08-01,sell,SH600368,38069.512683838875,38631.8466125386
2022-08-01,sell,SH601857,885733.381637427,924365.2282499656
2022-08-01,sell,SH603012,87946.84190007189,1012312.0701500375
2022-08-01,sell,SH603766,102074.87707264903,1114386.9472226866
2022-08-01,sell,SH688606,22801.438054849546,1137188.3852775362
2022-08-01,sell,SZ000731,929430.6021194727,2066618.987397009
2022-08-01,sell,SZ000933,988909.3768042981,3055528.3642013073
2022-08-01,sell,SZ002267,143745.44396744872,3199273.808168756
2022-08-01,sell,SZ002763,917032.6287571007,4116306.4369258564
2022-08-01,buy,SH688068,-56132.412371063234,4060174.0245547933
2022-08-01,buy,SZ002759,-111432.01106914673,3948742.0134856463
2022-08-01,buy,SZ002932,-16285.929788208008,3932456.0836974382
2022-08-01,buy,SH603508,-5163.0864906311035,3927292.997206807
2022-08-01,buy,SH603077,-899238.2787867597,3028054.7184200473
2022-08-01,buy,SH600643,-7503.558835220337,3020551.159584827
2022-08-01,buy,SH600089,-89413.00728809327,2931138.1522967336
2022-08-01,buy,SZ002109,-16333.909400272369,2914804.2428964614
2022-08-01,buy,SH601339,-898880.8561002451,2015923.3867962162
2022-08-01,buy,SH600426,-19319.902674457626,1996603.4841217587
2022-08-01,buy,SH600585,-73620.11081811402,1922983.3733036448
2022-08-01,buy,SZ002296,-898607.1307749298,1024376.242528715
2022-08-01,buy,SH601919,-4061.6861213684083,1020314.5564073466
2022-08-01,buy,SH688057,-898369.303085106,121945.25332224066
2022-08-01,buy,SZ000848,-121677.45585222507,267.7974700155901
2022-09-01,sell,SH600089,37152.107094851875,37419.904564867466
2022-09-01,sell,SH600368,869566.1381391336,906986.0427040011
2022-09-01,sell,SH600426,909334.3849099474,1816320.4276139485
2022-09-01,sell,SH600585,868131.1566687402,2684451.584282689
2022-09-01,sell,SH600643,31504.50012433133,2715956.0844070204
2022-09-01,sell,SH601339,902206.5853331961,3618162.6697402163
2022-09-01,sell,SH601919,66988.76256620728,3685151.432306424
2022-09-01,sell,SH603012,874903.178312709,4560054.610619132
2022-09-01,sell,SH603077,5542.339937541485,4565596.950556674
2022-09-01,sell,SH603766,831111.1576094312,5396708.108166105
2022-09-01,sell,SH688057,766185.1662865798,6162893.274452684
2022-09-01,sell,SZ000848,909006.7185119643,7071899.992964649
2022-09-01,sell,SZ002109,47814.247458596765,7119714.240423245
2022-09-01,sell,SZ002267,883602.7886762709,8003317.029099517
2022-09-01,sell,SZ002296,854375.7773664643,8857692.806465982
2022-09-01,buy,SH688606,-35308.82441768875,8822383.982048294
2022-09-01,buy,SZ002932,-19241.927905833436,8803142.05414246
2022-09-01,buy,SH688068,-116710.85132634887,8686431.202816112
2022-09-01,buy,SZ002759,-58422.51385610596,8628008.688960006
2022-09-01,buy,SZ000731,-865724.7303437426,7762283.958616264
2022-09-01,buy,SH603508,-7386.624115753174,7754897.334500511
2022-09-01,buy,SH688303,-862185.9164888398,6892711.418011671
2022-09-01,buy,SH603357,-865397.4146423186,6027314.003369352
2022-09-01,buy,SH601857,-865757.1682137791,5161556.835155573
2022-09-01,buy,SZ300771,-865259.6552795715,4296297.179876002
2022-09-01,buy,SZ000663,-865719.3881867666,3430577.791689235
2022-09-01,buy,SZ003019,-865035.069425029,2565542.722264206
2022-09-01,buy,SZ300726,-865904.1250372761,1699638.5972269299
2022-09-01,buy,SH688181,-865447.2138534192,834191.3833735107
2022-09-01,buy,SZ000598,-833729.3451438607,462.0382296500029
2022-10-10,sell,SH600643,2604.7642846393587,3066.8025142893616
2022-10-10,sell,SH601857,107650.63621436978,110717.43872865914
2022-10-10,sell,SH603357,800437.5947919731,911155.0335206323
2022-10-10,sell,SH603508,4469.881671072388,915624.9151917046
2022-10-10,sell,SH688068,44544.116849404905,960169.0320411095
2022-10-10,sell,SH688181,757516.3263744653,1717685.3584155748
2022-10-10,sell,SH688606,19611.823962474977,1737297.1823780497
2022-10-10,sell,SZ000598,15591.3784331604,1752888.5608112102
2022-10-10,sell,SZ000731,12418.114280415724,1765306.675091626
2022-10-10,sell,SZ002109,12604.332768634797,1777911.0078602608
2022-10-10,sell,SZ002932,10521.334367469788,1788432.3422277307
2022-10-10,sell,SZ300726,48330.30085286636,1836762.643080597
2022-10-10,sell,SZ300771,9048.853931334495,1845811.4970119316
2022-10-10,buy,SH601919,-107990.39267902618,1737821.1043329055
2022-10-10,buy,SZ002759,-46319.77540461822,1691501.3289282874
2022-10-10,buy,SH600089,-24156.532811691395,1667344.796116596
2022-10-10,buy,SH603077,-55512.75685986643,1611832.0392567297
2022-10-10,buy,SH688303,-18181.429453154295,1593650.6098035753
2022-10-10,buy,SZ300502,-785783.689119404,807866.9206841714
2022-10-10,buy,SZ300146,-784606.2829982839,23260.637685887516
2022-10-10,buy,SZ003019,-7604.3855056762695,15656.252180211246
2022-11-01,sell,SH600643,764045.1335202109,779701.3857004221
2022-11-01,sell,SH601919,9869.205971888734,789570.5916723108
2022-11-01,sell,SH603508,83486.68554648696,873057.2772187978
2022-11-01,sell,SH688068,65784.5882351921,938841.86545399
2022-11-01,sell,SH688303,23161.687659415056,962003.553113405
2022-11-01,sell,SH688606,13220.392179736327,975223.9452931413
2022-11-01,sell,SZ002109,741652.1770365844,1716876.1223297257
2022-11-01,sell,SZ002932,111639.44215636047,1828515.5644860861
2022-11-01,sell,SZ003019,64929.52292078979,1893445.087406876
2022-11-01,sell,SZ300146,786468.3350975361,2679913.422504412
2022-11-01,sell,SZ300502,952995.0749208471,3632908.497425259
2022-11-01,sell,SZ300726,4391.853972433472,3637300.3513976927
2022-11-01,buy,SH600089,-46958.95443106327,3590341.396966629
2022-11-01,buy,SH603077,-59693.652808948515,3530647.744157681
2022-11-01,buy,SH603095,-777748.5554764201,2752899.1886812607
2022-11-01,buy,SZ000731,-95430.43052252801,2657468.7581587327
2022-11-01,buy,SZ002759,-38548.3836156641,2618920.3745430685
2022-11-01,buy,SH600008,-778968.4078870257,1839951.9666560427
2022-11-01,buy,SH603357,-778458.6484632388,1061493.3181928038
2022-11-01,buy,SZ300771,-77770.9942218976,983722.3239709062
2022-11-01,buy,SH600596,-779040.6444824208,204681.67948848545
2022-11-01,buy,SZ000663,-118068.91732833642,86612.76216014902
2022-11-01,buy,SZ000598,-19877.440794849015,66735.32136530001
2022-11-01,buy,SH601857,-66416.31211978855,319.00924551146454
2022-12-01,sell,SH601857,851034.8205102362,851353.8297557477
2022-12-01,sell,SH601919,16795.48686401493,868149.3166197626
2022-12-01,sell,SH688068,1317989.382742624,2186138.6993623865
2022-12-01,sell,SH688606,30305.632552941282,2216444.331915328
2022-12-01,sell,SZ000663,972009.3039210383,3188453.635836366
2022-12-01,buy,SZ002932,-17421.719061393127,3171031.916774973
2022-12-01,buy,SH688075,-861534.4975683069,2309497.419206666
2022-12-01,buy,SH600089,-36974.720936172635,2272522.698270493
2022-12-01,buy,SH603357,-30502.55729488017,2242020.140975613
2022-12-01,buy,SH603077,-12271.356628608704,2229748.7843470043
2022-12-01,buy,SH603095,-87183.93359953571,2142564.8507474684
2022-12-01,buy,SZ000731,-15245.86170806885,2127318.9890393997
2022-12-01,buy,SH600008,-44893.433901737924,2082425.5551376618
2022-12-01,buy,SH688303,-20249.92701052643,2062175.6281271353
2022-12-01,buy,SZ002759,-12855.502649307251,2049320.125477828
2022-12-01,buy,SZ300771,-48665.43654572296,2000654.6889321052
2022-12-01,buy,SH600777,-865989.0953283431,1134665.593603762
2022-12-01,buy,SH600596,-16593.532768440247,1118072.060835322
2022-12-01,buy,SZ300726,-88367.22920784302,1029704.8316274788
2022-12-01,buy,SZ003019,-87646.61861051068,942058.2130169681
2022-12-01,buy,SZ000598,-41562.458777411586,900495.7542395565
2022-12-01,buy,SH603508,-29174.547951515007,871321.2062880415
2022-12-01,buy,SH603898,-866115.8805578576,5205.325730183977
2023-01-03,sell,SH600008,41671.50991528599,46876.83564546997
2023-01-03,sell,SH600596,7016.764553058624,53893.60019852859
2023-01-03,sell,SH601919,26831.838604912944,80725.43880344153
2023-01-03,sell,SH603077,24827.07405255658,105552.51285599811
2023-01-03,sell,SH603357,2166.5348897293093,107719.04774572742
2023-01-03,sell,SH603508,1058152.6448053303,1165871.6925510578
2023-01-03,sell,SH603898,23199.297647108113,1189070.9901981659
2023-01-03,sell,SZ000598,30202.85696003354,1219273.8471581994
2023-01-03,sell,SZ000731,9483.201052698136,1228757.0482108975
2023-01-03,sell,SZ300726,47442.96923847382,1276200.0174493713
2023-01-03,sell,SZ300771,925597.8457741591,2201797.8632235304
2023-01-03,buy,SZ002932,-102419.3858153945,2099378.477408136
2023-01-03,buy,SH688606,-70871.4181150209,2028507.0592931148
2023-01-03,buy,SH688075,-229899.53275967008,1798607.5265334446
2023-01-03,buy,SH600089,-4015.01933517456,1794592.5071982702
2023-01-03,buy,SH603095,-20087.659374727366,1774504.8478235428
2023-01-03,buy,SZ002759,-49576.62951080818,1724928.2183127345
2023-01-03,buy,SH688303,-44249.26746495438,1680678.95084778
2023-01-03,buy,SH600777,-62932.57214865738,1617746.3786991227
2023-01-03,buy,SZ003019,-5637.95668334961,1612108.4220157731
2023-01-03,buy,SZ300502,-802065.4244963435,810042.9975194297
2023-01-03,buy,SZ000848,-803044.263690297,6998.7338291326305
2023-02-01,sell,SH600596,18314.35210258415,25313.08593171678
2023-02-01,sell,SH600777,47376.83908327578,72689.92501499256
2023-02-01,sell,SH603095,41180.32161677856,113870.24663177112
2023-02-01,sell,SH603898,20707.795698953934,134578.04233072506
2023-02-01,sell,SZ000731,19807.97241373478,154386.01474445983
2023-02-01,sell,SZ000848,823410.0491034827,977796.0638479425
2023-02-01,sell,SZ002759,22569.94567863167,1000366.0095265742
2023-02-01,sell,SZ003019,33097.21500718689,1033463.224533761
2023-02-01,sell,SZ300726,18773.897838671266,1052237.1223724324
2023-02-01,buy,SZ002932,-3749.72845993042,1048487.393912502
2023-02-01,buy,SH688606,-39192.78283028503,1009294.611082217
2023-02-01,buy,SH688075,-11760.256799316407,997534.3542829006
2023-02-01,buy,SH601919,-24188.322125059436,973346.0321578411
2023-02-01,buy,SH688303,-27292.364236238707,946053.6679216024
2023-02-01,buy,SH600089,-2136.2456367492678,943917.4222848531
2023-02-01,buy,SH603077,-6989.701197242736,936927.7210876103
2023-02-01,buy,SH603357,-1550.751481437683,935376.9696061726
2023-02-01,buy,SH600008,-29098.207144230422,906278.7624619423
2023-02-01,buy,SZ300771,-854013.6853263471,52265.077135595144
2023-02-01,buy,SZ000598,-33517.88311476311,18747.19402083203
2023-02-01,buy,SZ300502,-3596.72989730835,15150.464123523681
2023-03-01,sell,SH600777,21857.612636244463,37008.07675976814
2023-03-01,sell,SH603095,14330.618775152589,51338.69553492073
2023-03-01,sell,SH603357,9579.836775305937,60918.53231022666
2023-03-01,sell,SH603898,40786.609280526296,101705.14159075296
2023-03-01,sell,SZ002759,49030.545795561906,150735.68738631485
2023-03-01,sell,SZ003019,8575.616566627503,159311.30395294234
2023-03-01,sell,SZ300502,1080069.8191753528,1239381.1231282952
2023-03-01,buy,SZ002932,-47374.97108209694,1192006.1520461983
2023-03-01,buy,SH688606,-26143.837191740113,1165862.3148544582
2023-03-01,buy,SH688075,-45794.055464818724,1120068.2593896394
2023-03-01,buy,SH688303,-44482.369341707614,1075585.8900479318
2023-03-01,buy,SH601919,-15033.773797607422,1060552.1162503243
2023-03-01,buy,SH600089,-10811.570802688599,1049740.5454476357
2023-03-01,buy,SH603077,-42251.20383087581,1007489.3416167599
2023-03-01,buy,SZ000731,-11415.875678634642,996073.4659381253
2023-03-01,buy,SH600008,-17745.738498641826,978327.7274394834
2023-03-01,buy,SZ300726,-58812.71842967239,919515.009009811
2023-03-01,buy,SH600596,-6266.052484893799,913248.9565249172
2023-03-01,buy,SZ300771,-22958.04730842682,890290.9092164903
2023-03-01,buy,SZ002884,-878461.9273614675,11828.981855022837
2023-03-01,buy,SZ000598,-3032.2474538803103,8796.734401142527
2023-04-03,sell,SH600008,30562.18668951021,39358.92109065274
2023-04-03,sell,SH600089,23692.636994260374,63051.55808491311
2023-04-03,sell,SH600777,21343.315868332833,84394.87395324594
2023-04-03,sell,SH601919,42071.71085222946,126466.5848054754
2023-04-03,sell,SH603357,974376.1007488309,1100842.6855543063
2023-04-03,sell,SH688303,31372.231781959534,1132214.9173362658
2023-04-03,sell,SH688606,12895.161656713866,1145110.0789929796
2023-04-03,sell,SZ000598,866453.8983976438,2011563.9773906234
2023-04-03,sell,SZ002759,761315.7343368117,2772879.7117274352
2023-04-03,sell,SZ003019,929458.1639629636,3702337.8756903987
2023-04-03,sell,SZ300726,22472.04036212425,3724809.916052523
2023-04-03,buy,SZ002932,-24120.68985186905,3700689.226200654
2023-04-03,buy,SH688075,-47529.11823400429,3653160.10796665
2023-04-03,buy,SH603077,-23000.629283423168,3630159.4786832267
2023-04-03,buy,SH601857,-856704.1465301956,2773455.332153031
2023-04-03,buy,SZ000731,-48474.218907871626,2724981.1132451594
2023-04-03,buy,SH603095,-17216.548039868547,2707764.565205291
2023-04-03,buy,SZ300771,-8318.2342502594,2699446.3309550313
2023-04-03,buy,SZ002662,-856943.6031391536,1842502.7278158776
2023-04-03,buy,SH600438,-856658.5290519068,985844.1987639709
2023-04-03,buy,SH600596,-56998.96054948196,928845.238214489
2023-04-03,buy,SZ002466,-851079.5079013559,77765.7303131331
2023-04-03,buy,SH603898,-51339.828073394405,26425.902239738694
2023-04-03,buy,SZ002884,-24035.97468206177,2389.927557676925
2023-05-04,sell,SH600008,857949.6718079848,860339.5993656617
2023-05-04,sell,SH600089,80373.99363803283,940713.5930036946
2023-05-04,sell,SH600438,864795.0897173501,1805508.6827210446
2023-05-04,sell,SH600596,697445.3968938204,2502954.079614865
2023-05-04,sell,SH600777,95978.4588877187,2598932.5385025837
2023-05-04,sell,SH601857,1068597.3798326836,3667529.9183352673
2023-05-04,sell,SH601919,53784.080423003536,3721313.998758271
2023-05-04,sell,SH603095,761285.5375300207,4482599.536288291
2023-05-04,sell,SH603898,714868.7278060422,5197468.264094333
2023-05-04,sell,SZ000731,873759.0031254627,6071227.267219796
2023-05-04,sell,SZ002466,28070.102351826783,6099297.369571622
2023-05-04,sell,SZ002662,775709.4530319435,6875006.822603566
2023-05-04,sell,SZ002932,723676.2701483432,7598683.092751909
2023-05-04,sell,SZ300726,760243.8290610656,8358926.921812975
2023-05-04,sell,SZ300771,631271.5030729824,8990198.424885957
2023-05-04,buy,SH688606,-45889.321127010495,8944309.103758946
2023-05-04,buy,SH688075,-42357.171203823396,8901951.932555122
2023-05-04,buy,SH688767,-805985.4543212954,8095966.478233827
2023-05-04,buy,SH603077,-27359.52239873268,8068606.955835095
2023-05-04,buy,SH600141,-806805.2356853338,7261801.720149761
2023-05-04,buy,SZ002955,-806452.3239326872,6455349.396217074
2023-05-04,buy,SH688303,-28626.296092042237,6426723.100125032
2023-05-04,buy,SZ002759,-806519.1305268059,5620203.969598225
2023-05-04,buy,SZ002938,-804820.5350906422,4815383.434507583
2023-05-04,buy,SZ002353,-804434.8351422126,4010948.599365371
2023-05-04,buy,SH601339,-806595.9920911619,3204352.607274209
2023-05-04,buy,SH600618,-806702.8731786553,2397649.734095554
2023-05-04,buy,SZ300970,-806121.4717095805,1591528.2623859732
2023-05-04,buy,SZ002884,-5617.834809112549,1585910.4275768606
2023-05-04,buy,SH600271,-806012.5967763176,779897.8308005431
2023-05-04,buy,SH603508,-779630.4921953174,267.3386052256683
2023-06-01,sell,SH600089,28985.06985597164,29252.40846119731
2023-06-01,sell,SH600141,699300.6926040427,728553.10106524
2023-06-01,sell,SH600271,815125.0224264708,1543678.1234917108
2023-06-01,sell,SH600618,734511.3467436301,2278189.4702353408
2023-06-01,sell,SH600777,728767.172849905,3006956.643085246
2023-06-01,sell,SH601339,819869.4028828655,3826826.0459681116
2023-06-01,sell,SH601919,755720.2904860342,4582546.336454146
2023-06-01,sell,SH603077,693333.4908958704,5275879.827350016
2023-06-01,sell,SH603508,7357.418439616394,5283237.245789632
2023-06-01,sell,SH688075,757918.6981310707,6041155.943920703
2023-06-01,sell,SH688303,59061.19987150772,6100217.14379221
2023-06-01,sell,SH688606,845838.6445564773,6946055.788348688
2023-06-01,sell,SH688767,667523.5475392442,7613579.335887932
2023-06-01,sell,SZ002353,715941.0345855212,8329520.370473454
2023-06-01,sell,SZ002466,779216.9096318114,9108737.280105265
2023-06-01,sell,SZ002759,813779.4050981225,9922516.685203388
2023-06-01,sell,SZ002884,68861.60990185219,9991378.295105241
2023-06-01,sell,SZ002938,783730.9892959837,10775109.284401225
2023-06-01,sell,SZ002955,799947.0231971161,11575056.307598341
2023-06-01,sell,SZ300970,25194.00374201546,11600250.311340356
2023-06-01,buy,SH600438,-774251.9797228782,10825998.331617478
2023-06-01,buy,SZ000731,-776668.8094676823,10049329.522149796
2023-06-01,buy,SZ002432,-775151.6422393572,9274177.87991044
2023-06-01,buy,SH600328,-777137.5635735055,8497040.316336934
2023-06-01,buy,SZ300729,-776487.8073859493,7720552.508950984
2023-06-01,buy,SH600512,-777231.794890567,6943320.714060417
2023-06-01,buy,SH600256,-776838.7973652993,6166481.916695118
2023-06-01,buy,SH600566,-776676.8563497118,5389805.060345406
2023-06-01,buy,SH600273,-776816.6018156948,4612988.458529711
2023-06-01,buy,SZ002497,-775629.5645563591,3837358.8939733515
2023-06-01,buy,SZ000915,-775142.4961087372,3062216.397864614
2023-06-01,buy,SH600938,-775813.1581883343,2286403.23967628
2023-06-01,buy,SZ000848,-776967.7335853381,1509435.5060909418
2023-06-01,buy,SZ002643,-776681.5947802446,732753.9113106972
2023-06-01,buy,SZ300146,-731950.4681589452,803.4431517519988
