execution_date,side,symbol,status,requested_shares,filled_shares
2019-01-02,target,SZ000636,held,46300.0,46300.0
2019-01-02,target,SH600097,held,48500.0,48500.0
2019-01-02,target,SH600230,held,30900.0,30900.0
2019-01-02,target,SZ300159,held,107900.0,107900.0
2019-01-02,target,SH600596,held,46700.0,46700.0
2019-01-02,target,SH600382,held,64700.0,64700.0
2019-01-02,target,SZ300061,held,83300.0,83300.0
2019-01-02,target,SZ000910,held,48400.0,48400.0
2019-01-02,target,SZ000791,held,99000.0,99000.0
2019-01-02,target,SH603980,held,42400.0,42400.0
2019-01-02,target,SH601126,held,97400.0,97400.0
2019-01-02,target,SZ002884,held,23900.0,23900.0
2019-01-02,target,SZ002530,held,76900.0,76900.0
2019-01-02,target,SH600383,held,52000.0,52000.0
2019-01-02,target,SZ002396,held,28900.0,28900.0
2019-01-02,target,SZ002541,held,71000.0,71000.0
2019-01-02,target,SH603669,held,50000.0,50000.0
2019-01-02,target,SH600668,held,42300.0,42300.0
2019-01-02,target,SZ300145,held,153800.0,153800.0
2019-01-02,target,SH600720,held,77000.0,77000.0
2019-02-01,sell,SZ002396,held,28900.0,28900.0
2019-02-01,sell,SH600383,held,52000.0,52000.0
2019-02-01,sell,SH601126,held,97400.0,97400.0
2019-02-01,target,SH600097,held,900.0,900.0
2019-02-01,target,SZ000636,held,2800.0,2800.0
2019-02-01,target,SH600230,held,800.0,800.0
2019-02-01,target,SZ300159,held,1700.0,1700.0
2019-02-01,target,SH600596,held,500.0,500.0
2019-02-01,target,SZ000791,held,2100.0,2100.0
2019-02-01,target,SH600382,held,2500.0,2500.0
2019-02-01,target,SZ002530,held,14000.0,14000.0
2019-02-01,target,SZ000910,held,1600.0,1600.0
2019-02-01,target,SH603980,held,700.0,700.0
2019-02-01,target,SH600668,held,1000.0,1000.0
2019-02-01,target,SZ300145,held,13100.0,13100.0
2019-02-01,target,SZ002884,none,,
2019-02-01,target,SZ002517,held,160500.0,160500.0
2019-02-01,target,SH603669,held,2600.0,2600.0
2019-02-01,target,SZ001914,held,66700.0,66700.0
2019-02-01,target,SZ300061,held,9300.0,9300.0
2019-02-01,target,SH600720,held,2600.0,2600.0
2019-02-01,target,SZ002359,held,77000.0,77000.0
2019-02-01,target,SZ002541,none,,
2019-03-01,sell,SZ002359,held,77000.0,77000.0
2019-03-01,sell,SZ002517,held,160500.0,160500.0
2019-03-01,sell,SZ300061,held,74000.0,74000.0
2019-03-01,sell,SZ300145,held,166900.0,166900.0
2019-03-01,sell,SH603669,held,52600.0,52600.0
2019-03-01,target,SH600097,held,4600.0,4600.0
2019-03-01,target,SZ000636,held,4400.0,4400.0
2019-03-01,target,SH600230,held,1200.0,1200.0
2019-03-01,target,SH600596,held,1900.0,1900.0
2019-03-01,target,SZ300159,held,2500.0,2500.0
2019-03-01,target,SZ000791,held,7000.0,7000.0
2019-03-01,target,SH600382,held,2100.0,2100.0
2019-03-01,target,SH603980,held,2800.0,2800.0
2019-03-01,target,SZ002884,held,2000.0,2000.0
2019-03-01,target,SZ000910,none,,
2019-03-01,target,SZ002541,held,7000.0,7000.0
2019-03-01,target,SH600668,held,3000.0,3000.0
2019-03-01,target,SH600383,held,54600.0,54600.0
2019-03-01,target,SZ002406,held,98500.0,98500.0
2019-03-01,target,SH601126,held,99600.0,99600.0
2019-03-01,target,SZ002396,held,29400.0,29400.0
2019-03-01,target,SH600720,held,7400.0,7400.0
2019-03-01,target,SZ002530,held,17700.0,17700.0
2019-03-01,target,SZ001914,held,8500.0,8500.0
2019-03-01,target,SH603858,held,22000.0,22000.0
2019-04-01,sell,SZ000636,held,44700.0,44700.0
2019-04-01,sell,SZ000791,held,108100.0,108100.0
2019-04-01,sell,SZ001914,held,75200.0,75200.0
2019-04-01,sell,SZ002396,held,29400.0,29400.0
2019-04-01,sell,SZ002530,held,73200.0,73200.0
2019-04-01,sell,SZ002884,held,25900.0,25900.0
2019-04-01,sell,SZ300159,held,107100.0,107100.0
2019-04-01,sell,SH600230,held,30500.0,30500.0
2019-04-01,sell,SH600382,held,69300.0,69300.0
2019-04-01,sell,SH600383,held,54600.0,54600.0
2019-04-01,sell,SH600720,held,81800.0,81800.0
2019-04-01,sell,SH601126,held,99600.0,99600.0
2019-04-01,target,SH600097,held,1000.0,1000.0
2019-04-01,target,SH600823,held,131900.0,131900.0
2019-04-01,target,SH600596,held,700.0,700.0
2019-04-01,target,SH600971,held,89400.0,89400.0
2019-04-01,target,SZ000910,none,,
2019-04-01,target,SH601006,held,83800.0,83800.0
2019-04-01,target,SH603980,held,1400.0,1400.0
2019-04-01,target,SZ300230,held,118700.0,118700.0
2019-04-01,target,SZ000919,held,89400.0,89400.0
2019-04-01,target,SH600668,held,2000.0,2000.0
2019-04-01,target,SZ300061,held,82300.0,82300.0
2019-04-01,target,SH600782,held,113900.0,113900.0
2019-04-01,target,SZ002406,held,7300.0,7300.0
2019-04-01,target,SZ000402,held,80700.0,80700.0
2019-04-01,target,SH603858,held,2100.0,2100.0
2019-04-01,target,SH600051,held,101800.0,101800.0
2019-04-01,target,SH600884,held,46700.0,46700.0
2019-04-01,target,SZ002541,none,,
2019-04-01,target,SZ002150,held,86000.0,86000.0
2019-04-01,target,SH600801,held,29400.0,29400.0
2019-05-06,sell,SZ000402,held,80700.0,80700.0
2019-05-06,sell,SZ000910,held,46800.0,46800.0
2019-05-06,sell,SZ002150,held,86000.0,86000.0
2019-05-06,sell,SZ002541,held,78000.0,78000.0
2019-05-06,sell,SZ300061,held,82300.0,82300.0
2019-05-06,sell,SZ300230,held,118700.0,118700.0
2019-05-06,sell,SH600051,held,101800.0,101800.0
2019-05-06,sell,SH600097,held,53200.0,53200.0
2019-05-06,sell,SH600596,held,49800.0,49800.0
2019-05-06,sell,SH600668,held,48300.0,48300.0
2019-05-06,sell,SH600782,held,113900.0,113900.0
2019-05-06,sell,SH600801,held,29400.0,29400.0
2019-05-06,sell,SH600823,held,131900.0,131900.0
2019-05-06,sell,SH600884,held,46700.0,46700.0
2019-05-06,sell,SH600971,held,89400.0,89400.0
2019-05-06,sell,SH603858,canceled,24100.0,0.0
2019-05-06,sell,SH603980,held,43100.0,43100.0
2019-05-06,target,SZ002195,held,122100.0,122100.0
2019-05-06,target,SH600261,held,154500.0,154500.0
2019-05-06,target,SZ000919,held,12500.0,12500.0
2019-05-06,target,SH600269,held,138500.0,138500.0
2019-05-06,target,SH600382,held,64500.0,64500.0
2019-05-06,target,SZ000581,held,32500.0,32500.0
2019-05-06,target,SZ000636,held,51800.0,51800.0
2019-05-06,target,SH600173,held,142400.0,142400.0
2019-05-06,target,SH601006,held,5400.0,5400.0
2019-05-06,target,SZ000999,held,22700.0,22700.0
2019-05-06,target,SH600677,held,43800.0,43800.0
2019-05-06,target,SH600694,held,22500.0,22500.0
2019-05-06,target,SZ002406,held,2900.0,2900.0
2019-05-06,target,SH600587,held,41100.0,41100.0
2019-05-06,target,SZ002884,held,22600.0,22600.0
2019-05-06,target,SZ002635,held,46600.0,46600.0
2019-05-06,target,SH600603,held,131100.0,131100.0
2019-05-06,target,SH603585,held,28000.0,28000.0
2019-05-06,target,SH600426,held,42500.0,42500.0
2019-05-06,target,SH600328,none,,
2019-06-03,sell,SH600426,held,42500.0,42500.0
2019-06-03,sell,SH600587,held,41100.0,41100.0
2019-06-03,sell,SH603585,held,28000.0,28000.0
2019-06-03,sell,SH603858,held,24100.0,24100.0
2019-06-03,target,SZ002195,held,2500.0,2500.0
2019-06-03,target,SH600261,held,29800.0,29800.0
2019-06-03,target,SZ000919,held,5600.0,5600.0
2019-06-03,target,SZ000636,none,,
2019-06-03,target,SH600269,held,3400.0,3400.0
2019-06-03,target,SH600382,held,3900.0,3900.0
2019-06-03,target,SZ002884,held,4800.0,4800.0
2019-06-03,target,SZ000999,held,300.0,300.0
2019-06-03,target,SZ000581,held,200.0,200.0
2019-06-03,target,SH600173,held,3100.0,3100.0
2019-06-03,target,SZ002635,held,1900.0,1900.0
2019-06-03,target,SH600677,held,9600.0,9600.0
2019-06-03,target,SH601006,held,2700.0,2700.0
2019-06-03,target,SZ002406,held,1100.0,1100.0
2019-06-03,target,SZ000789,held,66900.0,66900.0
2019-06-03,target,SH600516,held,35700.0,35700.0
2019-06-03,target,SH600694,held,300.0,300.0
2019-06-03,target,SH601222,held,140000.0,140000.0
2019-06-03,target,SH600062,held,49300.0,49300.0
2019-06-03,target,SH600603,held,5000.0,5000.0
2019-07-01,sell,SZ000789,held,66900.0,66900.0
2019-07-01,target,SZ002195,held,1600.0,1600.0
2019-07-01,target,SH600261,held,10100.0,10100.0
2019-07-01,target,SZ000919,held,200.0,200.0
2019-07-01,target,SZ000636,held,500.0,500.0
2019-07-01,target,SH600269,held,2700.0,2700.0
2019-07-01,target,SH600382,held,4100.0,4100.0
2019-07-01,target,SH601006,held,3900.0,3900.0
2019-07-01,target,SZ000581,held,2100.0,2100.0
2019-07-01,target,SZ002884,held,2600.0,2600.0
2019-07-01,target,SH600173,held,4100.0,4100.0
2019-07-01,target,SH600694,held,100.0,100.0
2019-07-01,target,SH600677,held,2200.0,2200.0
2019-07-01,target,SZ002635,held,1500.0,1500.0
2019-07-01,target,SZ002406,held,2800.0,2800.0
2019-07-01,target,SH600516,held,1100.0,1100.0
2019-07-01,target,SH603980,held,69500.0,69500.0
2019-07-01,target,SZ000999,held,1100.0,1100.0
2019-07-01,target,SH600062,held,1400.0,1400.0
2019-07-01,target,SH601222,held,4100.0,4100.0
2019-07-01,target,SH600603,held,5300.0,5300.0
2019-08-01,sell,SH600062,held,50700.0,50700.0
2019-08-01,sell,SH600382,held,82880.0,82880.0
2019-08-01,sell,SH600603,held,141400.0,141400.0
2019-08-01,sell,SH600677,held,36400.0,36400.0
2019-08-01,target,SZ002195,held,5400.0,5400.0
2019-08-01,target,SZ000919,held,900.0,900.0
2019-08-01,target,SH600261,held,21800.0,21800.0
2019-08-01,target,SZ000636,held,7000.0,7000.0
2019-08-01,target,SZ002884,held,1600.0,1600.0
2019-08-01,target,SH600269,held,2700.0,2700.0
2019-08-01,target,SZ000789,held,66500.0,66500.0
2019-08-01,target,SH600173,held,4000.0,4000.0
2019-08-01,target,SZ000581,held,300.0,300.0
2019-08-01,target,SH601006,held,1300.0,1300.0
2019-08-01,target,SH603980,held,5000.0,5000.0
2019-08-01,target,SH600694,held,300.0,300.0
2019-08-01,target,SZ002635,held,3600.0,3600.0
2019-08-01,target,SZ000155,held,152700.0,152700.0
2019-08-01,target,SH600516,held,2200.0,2200.0
2019-08-01,target,SZ000999,held,600.0,600.0
2019-08-01,target,SZ002406,held,2000.0,2000.0
2019-08-01,target,SZ300349,held,40600.0,40600.0
2019-08-01,target,SH601222,held,5900.0,5900.0
2019-08-01,target,SH600995,held,81500.0,81500.0
2019-09-02,sell,SZ000155,held,152700.0,152700.0
2019-09-02,sell,SZ000636,held,59300.0,59300.0
2019-09-02,sell,SZ000919,held,81400.0,81400.0
2019-09-02,sell,SZ000999,held,21300.0,21300.0
2019-09-02,sell,SZ002635,held,43400.0,43400.0
2019-09-02,sell,SZ002884,held,45160.0,45160.0
2019-09-02,sell,SZ300349,held,40600.0,40600.0
2019-09-02,sell,SH600173,held,145600.0,145600.0
2019-09-02,sell,SH600269,held,141900.0,141900.0
2019-09-02,sell,SH600694,held,22600.0,22600.0
2019-09-02,sell,SH600995,held,81500.0,81500.0
2019-09-02,sell,SH601006,held,78300.0,78300.0
2019-09-02,sell,SH601222,held,141800.0,141800.0
2019-09-02,sell,SH603980,held,74500.0,74500.0
2019-09-02,target,SH600449,held,69500.0,69500.0
2019-09-02,target,SH600261,held,6200.0,6200.0
2019-09-02,target,SH600720,held,69200.0,69200.0
2019-09-02,target,SH600516,held,5300.0,5300.0
2019-09-02,target,SH600823,held,151600.0,151600.0
2019-09-02,target,SH600387,held,88300.0,88300.0
2019-09-02,target,SH600376,held,79800.0,79800.0
2019-09-02,target,SH603277,held,67100.0,67100.0
2019-09-02,target,SH601567,held,96300.0,96300.0
2019-09-02,target,SZ002406,held,2600.0,2600.0
2019-09-02,target,SZ002195,held,16900.0,16900.0
2019-09-02,target,SH600782,held,138500.0,138500.0
2019-09-02,target,SZ300017,held,60500.0,60500.0
2019-09-02,target,SZ000581,held,1700.0,1700.0
2019-09-02,target,SH603608,held,96200.0,96200.0
2019-09-02,target,SZ002444,held,56800.0,56800.0
2019-09-02,target,SZ000789,held,1200.0,1200.0
2019-09-02,target,SZ002150,held,115600.0,115600.0
2019-09-02,target,SH600382,held,87700.0,87700.0
2019-09-02,target,SH600328,held,77200.0,77200.0
2019-10-08,sell,SZ000789,held,67700.0,67700.0
2019-10-08,sell,SH600328,held,77200.0,77200.0
2019-10-08,sell,SH600516,held,59593.0,59593.0
2019-10-08,sell,SH600823,held,151600.0,151600.0
2019-10-08,sell,SH601567,held,96300.0,96300.0
2019-10-08,target,SH600449,held,2500.0,2500.0
2019-10-08,target,SZ002440,held,53800.0,53800.0
2019-10-08,target,SH600261,held,900.0,900.0
2019-10-08,target,SH600668,held,44400.0,44400.0
2019-10-08,target,SZ002406,held,10100.0,10100.0
2019-10-08,target,SZ000581,held,2600.0,2600.0
2019-10-08,target,SH601019,held,88200.0,88200.0
2019-10-08,target,SZ002195,held,4900.0,4900.0
2019-10-08,target,SH603608,held,4000.0,4000.0
2019-10-08,target,SH603898,held,43600.0,43600.0
2019-10-08,target,SZ300017,held,2300.0,2300.0
2019-10-08,target,SH600720,held,2200.0,2200.0
2019-10-08,target,SZ002150,held,2400.0,2400.0
2019-10-08,target,SH600782,held,3100.0,3100.0
2019-10-08,target,SH603277,held,700.0,700.0
2019-10-08,target,SH600382,held,5400.0,5400.0
2019-10-08,target,SZ002444,held,600.0,600.0
2019-10-08,target,SZ000719,held,70700.0,70700.0
2019-10-08,target,SH600376,held,1800.0,1800.0
2019-10-08,target,SH600387,held,15500.0,15500.0
2019-11-01,sell,SZ000581,held,38400.0,38400.0
2019-11-01,sell,SZ000719,held,70700.0,70700.0
2019-11-01,sell,SZ002195,held,190780.0,190780.0
2019-11-01,sell,SZ002406,held,116300.0,116300.0
2019-11-01,sell,SZ002440,held,53800.0,53800.0
2019-11-01,sell,SZ300017,held,62800.0,62800.0
2019-11-01,sell,SH600376,held,78000.0,78000.0
2019-11-01,sell,SH600387,held,72800.0,72800.0
2019-11-01,sell,SH600668,held,44400.0,44400.0
2019-11-01,sell,SH600782,held,141600.0,141600.0
2019-11-01,sell,SH601019,held,88200.0,88200.0
2019-11-01,sell,SH603277,held,67800.0,67800.0
2019-11-01,sell,SH603608,held,100200.0,100200.0
2019-11-01,sell,SH603898,held,43600.0,43600.0
2019-11-01,target,SH600382,held,4600.0,4600.0
2019-11-01,target,SH600449,held,4600.0,4600.0
2019-11-01,target,SZ000910,held,58100.0,58100.0
2019-11-01,target,SH600720,held,4300.0,4300.0
2019-11-01,target,SZ002884,held,44700.0,44700.0
2019-11-01,target,SZ000933,held,134500.0,134500.0
2019-11-01,target,SH600510,held,93800.0,93800.0
2019-11-01,target,SH600267,held,59500.0,59500.0
2019-11-01,target,SZ000791,held,173000.0,173000.0
2019-11-01,target,SZ002444,held,4400.0,4400.0
2019-11-01,target,SH600261,held,7100.0,7100.0
2019-11-01,target,SZ002150,held,3100.0,3100.0
2019-11-01,target,SH601006,held,82300.0,82300.0
2019-11-01,target,SH600097,held,63700.0,63700.0
2019-11-01,target,SH601222,held,141700.0,141700.0
2019-11-01,target,SZ000069,held,89400.0,89400.0
2019-11-01,target,SZ000932,held,155100.0,155100.0
2019-11-01,target,SH603886,held,34600.0,34600.0
2019-11-01,target,SZ300625,held,41200.0,41200.0
2019-11-01,target,SZ002664,held,43200.0,43200.0
2019-12-02,sell,SZ002150,held,114900.0,114900.0
2019-12-02,target,SH600382,held,5900.0,5900.0
2019-12-02,target,SH600510,held,8500.0,8500.0
2019-12-02,target,SH600720,held,4100.0,4100.0
2019-12-02,target,SZ002884,held,1500.0,1500.0
2019-12-02,target,SZ000933,held,2400.0,2400.0
2019-12-02,target,SH600449,held,5000.0,5000.0
2019-12-02,target,SZ000910,held,6400.0,6400.0
2019-12-02,target,SZ000791,held,4000.0,4000.0
2019-12-02,target,SH600267,held,700.0,700.0
2019-12-02,target,SH600261,held,3900.0,3900.0
2019-12-02,target,SZ002444,held,2600.0,2600.0
2019-12-02,target,SZ300625,held,2200.0,2200.0
2019-12-02,target,SH603886,held,200.0,200.0
2019-12-02,target,SH601222,held,2600.0,2600.0
2019-12-02,target,SH600097,held,2600.0,2600.0
2019-12-02,target,SZ000932,held,13900.0,13900.0
2019-12-02,target,SZ000069,held,2400.0,2400.0
2019-12-02,target,SZ002664,held,4500.0,4500.0
2019-12-02,target,SH601006,held,2000.0,2000.0
2019-12-02,target,SH603585,held,32200.0,32200.0
2020-01-02,sell,SZ000069,held,91800.0,91800.0
2020-01-02,sell,SZ002664,held,47700.0,47700.0
2020-01-02,target,SH600382,held,4000.0,4000.0
2020-01-02,target,SH600510,held,200.0,200.0
2020-01-02,target,SH600449,held,1200.0,1200.0
2020-01-02,target,SZ002884,held,700.0,700.0
2020-01-02,target,SH600720,held,4500.0,4500.0
2020-01-02,target,SZ000933,held,7700.0,7700.0
2020-01-02,target,SH600267,held,10000.0,10000.0
2020-01-02,target,SZ000910,held,2400.0,2400.0
2020-01-02,target,SZ000791,held,9100.0,9100.0
2020-01-02,target,SH600097,held,3400.0,3400.0
2020-01-02,target,SH603886,held,4400.0,4400.0
2020-01-02,target,SH600261,held,3600.0,3600.0
2020-01-02,target,SZ002444,none,,
2020-01-02,target,SZ300625,held,1000.0,1000.0
2020-01-02,target,SH603858,held,33400.0,33400.0
2020-01-02,target,SH601006,held,3900.0,3900.0
2020-01-02,target,SZ000932,held,2100.0,2100.0
2020-01-02,target,SH603585,held,500.0,500.0
2020-01-02,target,SH601222,held,2600.0,2600.0
2020-01-02,target,SH603458,held,36100.0,36100.0
2020-02-03,sell,SZ002444,canceled,64400.0,0.0
2020-02-03,sell,SH603458,canceled,36100.0,0.0
2020-02-03,target,SH600382,held,200.0,200.0
2020-02-03,target,SH600449,none,,
2020-02-03,target,SZ000933,held,100.0,100.0
2020-02-03,target,SH600720,none,,
2020-02-03,target,SZ002884,canceled,1300.0,0.0
2020-02-03,target,SZ000910,none,,
2020-02-03,target,SH600510,none,,
2020-02-03,target,SH600261,none,,
2020-02-03,target,SZ000791,none,,
2020-02-03,target,SH600267,held,21600.0,21600.0
2020-02-03,target,SH600097,held,1200.0,1200.0
2020-02-03,target,SH603585,held,1200.0,1200.0
2020-02-03,target,SH603886,held,1200.0,1200.0
2020-02-03,target,SZ300625,canceled,2200.0,0.0
2020-02-03,target,SH603858,held,600.0,600.0
2020-02-03,target,SH601006,held,3000.0,3000.0
2020-02-03,target,SZ000932,held,10800.0,10800.0
2020-02-03,target,SZ300107,held,28100.0,28100.0
2020-02-03,target,SH603277,none,,
2020-02-03,target,SH601222,canceled,9100.0,0.0
2020-03-02,sell,SZ000932,held,154100.0,154100.0
2020-03-02,sell,SZ002444,held,64400.0,64400.0
2020-03-02,sell,SH600267,held,48600.0,48600.0
2020-03-02,sell,SH600510,held,102500.0,102500.0
2020-03-02,sell,SH601222,held,141700.0,141700.0
2020-03-02,target,SH600382,held,10800.0,10800.0
2020-03-02,target,SH600449,held,1500.0,1500.0
2020-03-02,target,SZ000933,held,29200.0,29200.0
2020-03-02,target,SZ300625,held,200.0,200.0
2020-03-02,target,SZ000910,held,4800.0,4800.0
2020-03-02,target,SH600261,held,20600.0,20600.0
2020-03-02,target,SZ000791,held,21200.0,21200.0
2020-03-02,target,SH603585,held,100.0,100.0
2020-03-02,target,SH603886,held,2600.0,2600.0
2020-03-02,target,SH600720,none,,
2020-03-02,target,SH603458,held,3000.0,3000.0
2020-03-02,target,SZ002724,held,89700.0,89700.0
2020-03-02,target,SH600097,held,1600.0,1600.0
2020-03-02,target,SZ300107,held,82400.0,82400.0
2020-03-02,target,SZ002884,held,6200.0,6200.0
2020-03-02,target,SZ002360,held,131200.0,131200.0
2020-03-02,target,SH601006,held,7700.0,7700.0
2020-03-02,target,SH600516,held,66500.0,66500.0
2020-03-02,target,SH603858,held,1400.0,1400.0
2020-03-02,target,SH600750,held,54100.0,54100.0
2020-04-01,sell,SZ000791,held,207300.0,207300.0
2020-04-01,sell,SZ002360,held,131200.0,131200.0
2020-04-01,sell,SZ002884,held,39300.0,39300.0
2020-04-01,sell,SZ300107,held,110500.0,110500.0
2020-04-01,sell,SH600449,held,62700.0,62700.0
2020-04-01,sell,SH600720,held,54100.0,54100.0
2020-04-01,sell,SH600750,held,54100.0,54100.0
2020-04-01,sell,SH603585,held,34000.0,34000.0
2020-04-01,sell,SH603886,held,42600.0,42600.0
2020-04-01,target,SZ000933,held,5400.0,5400.0
2020-04-01,target,SZ000910,held,6000.0,6000.0
2020-04-01,target,SZ000877,held,57900.0,57900.0
2020-04-01,target,SH600382,held,1500.0,1500.0
2020-04-01,target,SZ300625,held,1500.0,1500.0
2020-04-01,target,SH600261,held,18600.0,18600.0
2020-04-01,target,SZ002746,held,42000.0,42000.0
2020-04-01,target,SH601006,held,1800.0,1800.0
2020-04-01,target,SH600097,held,5800.0,5800.0
2020-04-01,target,SZ002444,held,70000.0,70000.0
2020-04-01,target,SH603858,held,1200.0,1200.0
2020-04-01,target,SH603458,held,4900.0,4900.0
2020-04-01,target,SH603277,held,76000.0,76000.0
2020-04-01,target,SH600668,held,46500.0,46500.0
2020-04-01,target,SZ002233,held,53300.0,53300.0
2020-04-01,target,SZ002724,held,10800.0,10800.0
2020-04-01,target,SH600516,held,6400.0,6400.0
2020-04-01,target,SZ002664,held,48400.0,48400.0
2020-04-01,target,SH603808,held,59500.0,59500.0
2020-04-01,target,SH600987,held,117700.0,117700.0
2020-05-06,sell,SZ000877,held,57900.0,57900.0
2020-05-06,sell,SZ000910,held,60100.0,60100.0
2020-05-06,sell,SZ000933,held,159100.0,159100.0
2020-05-06,sell,SZ002233,held,53300.0,53300.0
2020-05-06,sell,SZ002444,held,70000.0,70000.0
2020-05-06,sell,SZ002664,held,48400.0,48400.0
2020-05-06,sell,SZ002724,held,100500.0,100500.0
2020-05-06,sell,SZ002746,held,42000.0,42000.0
2020-05-06,sell,SZ300625,held,44100.0,44100.0
2020-05-06,sell,SH600097,held,66700.0,66700.0
2020-05-06,sell,SH600516,held,72900.0,72900.0
2020-05-06,sell,SH600668,held,46500.0,46500.0
2020-05-06,sell,SH600987,held,117700.0,117700.0
2020-05-06,sell,SH601006,held,96700.0,96700.0
2020-05-06,sell,SH603277,held,76000.0,76000.0
2020-05-06,sell,SH603458,held,34200.0,34200.0
2020-05-06,sell,SH603808,held,59500.0,59500.0
2020-05-06,sell,SH603858,held,32600.0,32600.0
2020-05-06,target,SH600051,held,77300.0,77300.0
2020-05-06,target,SH603357,held,65600.0,65600.0
2020-05-06,target,SH600750,held,55000.0,55000.0
2020-05-06,target,SH601000,held,291100.0,291100.0
2020-05-06,target,SH600566,held,31300.0,31300.0
2020-05-06,target,SZ002884,held,43000.0,43000.0
2020-05-06,target,SZ000922,held,89500.0,89500.0
2020-05-06,target,SH600064,held,74400.0,74400.0
2020-05-06,target,SZ002270,held,118900.0,118900.0
2020-05-06,target,SZ000600,held,139000.0,139000.0
2020-05-06,target,SH600382,held,2100.0,2100.0
2020-05-06,target,SH600352,held,54900.0,54900.0
2020-05-06,target,SH600035,held,199900.0,199900.0
2020-05-06,target,SZ002234,held,28000.0,28000.0
2020-05-06,target,SZ002583,held,102300.0,102300.0
2020-05-06,target,SH600211,held,24000.0,24000.0
2020-05-06,target,SH600682,held,81700.0,81700.0
2020-05-06,target,SZ002440,held,71000.0,71000.0
2020-05-06,target,SZ002394,held,73600.0,73600.0
2020-05-06,target,SH600261,held,700.0,700.0
2020-06-01,sell,SZ002394,held,73600.0,73600.0
2020-06-01,sell,SH600211,held,24000.0,24000.0
2020-06-01,sell,SH600261,held,184800.0,184800.0
2020-06-01,target,SH600051,held,2100.0,2100.0
2020-06-01,target,SH601000,held,11200.0,11200.0
2020-06-01,target,SH603357,held,2100.0,2100.0
2020-06-01,target,SH600750,held,2000.0,2000.0
2020-06-01,target,SZ002583,held,3500.0,3500.0
2020-06-01,target,SH600566,held,600.0,600.0
2020-06-01,target,SZ002270,held,8300.0,8300.0
2020-06-01,target,SZ002884,held,1300.0,1300.0
2020-06-01,target,SZ002234,held,3200.0,3200.0
2020-06-01,target,SZ000922,held,8000.0,8000.0
2020-06-01,target,SH600035,held,27900.0,27900.0
2020-06-01,target,SZ000600,held,900.0,900.0
2020-06-01,target,SH600382,held,1800.0,1800.0
2020-06-01,target,SZ002440,held,4500.0,4500.0
2020-06-01,target,SH600682,held,8600.0,8600.0
2020-06-01,target,SH600064,held,2100.0,2100.0
2020-06-01,target,SH600777,held,449500.0,449500.0
2020-06-01,target,SH600062,held,54000.0,54000.0
2020-06-01,target,SH601677,held,76100.0,76100.0
2020-06-01,target,SH600352,none,,
2020-07-01,sell,SH600035,held,227800.0,227800.0
2020-07-01,sell,SH600062,held,54000.0,54000.0
2020-07-01,sell,SH600352,held,54900.0,54900.0
2020-07-01,sell,SH600682,held,73100.0,73100.0
2020-07-01,target,SH600051,held,2000.0,2000.0
2020-07-01,target,SH601000,held,17900.0,17900.0
2020-07-01,target,SH603357,held,4400.0,4400.0
2020-07-01,target,SZ002270,held,300.0,300.0
2020-07-01,target,SZ000922,held,3600.0,3600.0
2020-07-01,target,SZ002884,held,500.0,500.0
2020-07-01,target,SH600566,held,2600.0,2600.0
2020-07-01,target,SH600750,held,7500.0,7500.0
2020-07-01,target,SZ002234,held,800.0,800.0
2020-07-01,target,SH600382,held,5300.0,5300.0
2020-07-01,target,SZ002583,held,12200.0,12200.0
2020-07-01,target,SH600777,held,20300.0,20300.0
2020-07-01,target,SH600261,held,200000.0,200000.0
2020-07-01,target,SZ002440,held,3400.0,3400.0
2020-07-01,target,SH600064,held,1100.0,1100.0
2020-07-01,target,SH601677,held,6000.0,6000.0
2020-07-01,target,SZ000600,held,100.0,100.0
2020-07-01,target,SH600496,held,203400.0,203400.0
2020-07-01,target,SZ002746,held,53700.0,53700.0
2020-07-01,target,SZ002394,held,80200.0,80200.0
2020-08-03,sell,SZ000600,held,139800.0,139800.0
2020-08-03,sell,SZ002746,held,53700.0,53700.0
2020-08-03,sell,SH600261,held,200000.0,200000.0
2020-08-03,sell,SH600496,held,203400.0,203400.0
2020-08-03,sell,SH600777,held,469800.0,469800.0
2020-08-03,sell,SH601677,held,82100.0,82100.0
2020-08-03,target,SH601000,held,18100.0,18100.0
2020-08-03,target,SH603357,held,5400.0,5400.0
2020-08-03,target,SH600051,held,12400.0,12400.0
2020-08-03,target,SZ002884,held,5200.0,5200.0
2020-08-03,target,SZ002234,held,3200.0,3200.0
2020-08-03,target,SZ002270,held,3300.0,3300.0
2020-08-03,target,SH600750,held,5400.0,5400.0
2020-08-03,target,SZ002664,held,52400.0,52400.0
2020-08-03,target,SH600566,held,4500.0,4500.0
2020-08-03,target,SH600382,held,7900.0,7900.0
2020-08-03,target,SZ000922,held,300.0,300.0
2020-08-03,target,SH600064,held,4800.0,4800.0
2020-08-03,target,SZ002440,held,6500.0,6500.0
2020-08-03,target,SZ000581,held,36800.0,36800.0
2020-08-03,target,SZ002583,held,5500.0,5500.0
2020-08-03,target,SH603586,held,43200.0,43200.0
2020-08-03,target,SZ002543,held,98300.0,98300.0
2020-08-03,target,SZ002394,held,1100.0,1100.0
2020-08-03,target,SH600062,held,56200.0,56200.0
2020-08-03,target,SH600352,held,54900.0,54900.0
2020-09-01,sell,SZ002234,held,35200.0,35200.0
2020-09-01,sell,SZ002270,held,130200.0,130200.0
2020-09-01,sell,SZ002440,held,85400.0,85400.0
2020-09-01,sell,SZ002543,held,98300.0,98300.0
2020-09-01,sell,SZ002583,held,88100.0,88100.0
2020-09-01,sell,SZ002664,held,52400.0,52400.0
2020-09-01,sell,SZ002884,held,47400.0,47400.0
2020-09-01,sell,SH600051,held,69000.0,69000.0
2020-09-01,sell,SH600062,held,56200.0,56200.0
2020-09-01,sell,SH600064,held,78200.0,78200.0
2020-09-01,sell,SH600352,held,54900.0,54900.0
2020-09-01,sell,SH600382,held,149990.0,149990.0
2020-09-01,sell,SH600566,held,32600.0,32600.0
2020-09-01,sell,SH600750,held,61500.0,61500.0
2020-09-01,sell,SH603357,held,77500.0,77500.0
2020-09-01,sell,SH603586,held,43200.0,43200.0
2020-09-01,target,SH600449,held,50200.0,50200.0
2020-09-01,target,SH601677,held,76800.0,76800.0
2020-09-01,target,SH601717,held,97100.0,97100.0
2020-09-01,target,SH600261,held,197400.0,197400.0
2020-09-01,target,SH601000,held,11700.0,11700.0
2020-09-01,target,SZ002394,held,800.0,800.0
2020-09-01,target,SZ002403,held,89300.0,89300.0
2020-09-01,target,SH600668,held,50700.0,50700.0
2020-09-01,target,SZ002869,held,16000.0,16000.0
2020-09-01,target,SH600023,held,224000.0,224000.0
2020-09-01,target,SZ000027,held,148100.0,148100.0
2020-09-01,target,SZ002432,held,70500.0,70500.0
2020-09-01,target,SZ300552,held,17300.0,17300.0
2020-09-01,target,SH603556,held,55800.0,55800.0
2020-09-01,target,SH601006,held,128200.0,128200.0
2020-09-01,target,SH600026,held,112000.0,112000.0
2020-09-01,target,SZ002406,held,118400.0,118400.0
2020-09-01,target,SZ000922,held,400.0,400.0
2020-09-01,target,SZ000581,held,2700.0,2700.0
2020-09-01,target,SH600273,held,78000.0,78000.0
2020-10-09,sell,SZ000581,held,34100.0,34100.0
2020-10-09,sell,SH600273,held,78000.0,78000.0
2020-10-09,target,SH600449,held,4000.0,4000.0
2020-10-09,target,SH600720,held,52600.0,52600.0
2020-10-09,target,SH601677,held,5800.0,5800.0
2020-10-09,target,SZ002869,held,1500.0,1500.0
2020-10-09,target,SH600261,held,6900.0,6900.0
2020-10-09,target,SZ002432,held,5200.0,5200.0
2020-10-09,target,SH601000,held,6500.0,6500.0
2020-10-09,target,SZ002394,held,4700.0,4700.0
2020-10-09,target,SZ002403,held,4200.0,4200.0
2020-10-09,target,SZ000027,held,400.0,400.0
2020-10-09,target,SH603556,held,1400.0,1400.0
2020-10-09,target,SH601717,held,13100.0,13100.0
2020-10-09,target,SH600023,held,4500.0,4500.0
2020-10-09,target,SZ000922,held,5000.0,5000.0
2020-10-09,target,SH600668,held,1500.0,1500.0
2020-10-09,target,SZ300552,held,600.0,600.0
2020-10-09,target,SH601006,held,2600.0,2600.0
2020-10-09,target,SH600026,held,300.0,300.0
2020-10-09,target,SZ002406,held,3100.0,3100.0
2020-10-09,target,SH603012,held,108300.0,108300.0
2020-11-02,sell,SZ000027,held,147700.0,147700.0
2020-11-02,sell,SZ002394,held,83000.0,83000.0
2020-11-02,sell,SZ002403,held,93500.0,93500.0
2020-11-02,sell,SZ002406,held,115300.0,115300.0
2020-11-02,sell,SZ002432,held,75700.0,75700.0
2020-11-02,sell,SZ002869,held,17500.0,17500.0
2020-11-02,sell,SH600026,held,112300.0,112300.0
2020-11-02,sell,SH601000,held,320100.0,320100.0
2020-11-02,sell,SH601006,held,125600.0,125600.0
2020-11-02,sell,SH601677,held,71000.0,71000.0
2020-11-02,sell,SH601717,held,84000.0,84000.0
2020-11-02,sell,SH603012,held,108300.0,108300.0
2020-11-02,sell,SH603556,held,57200.0,57200.0
2020-11-02,target,SH600720,held,2900.0,2900.0
2020-11-02,target,SH600449,held,1400.0,1400.0
2020-11-02,target,SZ300552,held,3000.0,3000.0
2020-11-02,target,SH600261,held,600.0,600.0
2020-11-02,target,SH603886,held,44900.0,44900.0
2020-11-02,target,SZ002724,held,109100.0,109100.0
2020-11-02,target,SH603277,held,72700.0,72700.0
2020-11-02,target,SZ000922,held,24400.0,24400.0
2020-11-02,target,SZ000883,held,202800.0,202800.0
2020-11-02,target,SZ002124,held,54800.0,54800.0
2020-11-02,target,SZ000910,held,49700.0,49700.0
2020-11-02,target,SZ002236,held,35300.0,35300.0
2020-11-02,target,SH600668,held,2800.0,2800.0
2020-11-02,target,SZ002033,held,129900.0,129900.0
2020-11-02,target,SH600368,held,228100.0,228100.0
2020-11-02,target,SH600023,held,4800.0,4800.0
2020-11-02,target,SZ000069,held,122700.0,122700.0
2020-11-02,target,SZ000581,held,31400.0,31400.0
2020-11-02,target,SH600067,held,220600.0,220600.0
2020-11-02,target,SZ000791,held,228100.0,228100.0
2020-12-01,sell,SZ000791,held,228100.0,228100.0
2020-12-01,sell,SZ002724,held,109100.0,109100.0
2020-12-01,sell,SH600668,held,55000.0,55000.0
2020-12-01,sell,SH603277,held,72700.0,72700.0
2020-12-01,target,SH600720,held,600.0,600.0
2020-12-01,target,SH600449,held,1500.0,1500.0
2020-12-01,target,SH600261,held,2800.0,2800.0
2020-12-01,target,SH603886,held,2800.0,2800.0
2020-12-01,target,SZ300552,held,300.0,300.0
2020-12-01,target,SZ000922,held,12900.0,12900.0
2020-12-01,target,SZ002236,held,5400.0,5400.0
2020-12-01,target,SZ300625,held,49500.0,49500.0
2020-12-01,target,SZ000883,held,3900.0,3900.0
2020-12-01,target,SZ002033,held,2400.0,2400.0
2020-12-01,target,SZ002124,held,800.0,800.0
2020-12-01,target,SZ000910,held,3200.0,3200.0
2020-12-01,target,SZ000069,held,6200.0,6200.0
2020-12-01,target,SH600368,held,2200.0,2200.0
2020-12-01,target,SZ002382,held,42300.0,42300.0
2020-12-01,target,SH600067,held,11200.0,11200.0
2020-12-01,target,SZ000581,held,1500.0,1500.0
2020-12-01,target,SH603556,held,56800.0,56800.0
2020-12-01,target,SZ002312,held,142100.0,142100.0
2020-12-01,target,SH600023,held,1700.0,1700.0
2021-01-04,sell,SZ000069,held,116500.0,116500.0
2021-01-04,sell,SZ002033,held,132300.0,132300.0
2021-01-04,sell,SZ002236,held,40700.0,40700.0
2021-01-04,sell,SZ002312,held,142100.0,142100.0
2021-01-04,sell,SZ002382,held,42300.0,42300.0
2021-01-04,target,SH600720,held,4200.0,4200.0
2021-01-04,target,SH600449,held,4300.0,4300.0
2021-01-04,target,SH603886,held,100.0,100.0
2021-01-04,target,SH600261,held,13200.0,13200.0
2021-01-04,target,SZ002124,held,800.0,800.0
2021-01-04,target,SZ002724,held,111500.0,111500.0
2021-01-04,target,SZ000883,held,3400.0,3400.0
2021-01-04,target,SZ000910,held,6100.0,6100.0
2021-01-04,target,SZ300625,held,2100.0,2100.0
2021-01-04,target,SZ002100,held,75400.0,75400.0
2021-01-04,target,SH600023,held,1300.0,1300.0
2021-01-04,target,SZ000922,held,12200.0,12200.0
2021-01-04,target,SH603556,held,2400.0,2400.0
2021-01-04,target,SZ000581,held,2100.0,2100.0
2021-01-04,target,SZ000612,held,116100.0,116100.0
2021-01-04,target,SH600067,held,12100.0,12100.0
2021-01-04,target,SH600368,held,6900.0,6900.0
2021-01-04,target,SZ300552,held,3600.0,3600.0
2021-01-04,target,SZ002381,held,97800.0,97800.0
2021-01-04,target,SZ002322,held,72600.0,72600.0
2021-02-01,sell,SZ000581,held,35000.0,35000.0
2021-02-01,sell,SZ000612,held,116100.0,116100.0
2021-02-01,sell,SZ000922,held,99600.0,99600.0
2021-02-01,sell,SZ002381,held,97800.0,97800.0
2021-02-01,target,SH600720,held,900.0,900.0
2021-02-01,target,SH600449,held,300.0,300.0
2021-02-01,target,SH603886,held,100.0,100.0
2021-02-01,target,SZ002100,held,3000.0,3000.0
2021-02-01,target,SZ000910,held,2400.0,2400.0
2021-02-01,target,SH600261,held,1300.0,1300.0
2021-02-01,target,SZ002724,held,1600.0,1600.0
2021-02-01,target,SZ000883,held,8800.0,8800.0
2021-02-01,target,SZ300625,held,1800.0,1800.0
2021-02-01,target,SZ002124,held,200.0,200.0
2021-02-01,target,SH600273,held,94100.0,94100.0
2021-02-01,target,SZ002322,held,5100.0,5100.0
2021-02-01,target,SH603556,held,1100.0,1100.0
2021-02-01,target,SH600368,held,15900.0,15900.0
2021-02-01,target,SH600067,held,8500.0,8500.0
2021-02-01,target,SH600023,held,5100.0,5100.0
2021-02-01,target,SH600028,held,195600.0,195600.0
2021-02-01,target,SZ300552,held,1600.0,1600.0
2021-02-01,target,SZ002033,held,125100.0,125100.0
2021-02-01,target,SZ000069,held,117100.0,117100.0
2021-03-01,sell,SZ000069,held,117100.0,117100.0
2021-03-01,sell,SZ002033,held,125100.0,125100.0
2021-03-01,sell,SZ002124,held,54600.0,54600.0
2021-03-01,sell,SH600028,held,195600.0,195600.0
2021-03-01,target,SH600720,held,4400.0,4400.0
2021-03-01,target,SH600449,held,2200.0,2200.0
2021-03-01,target,SH603886,held,2400.0,2400.0
2021-03-01,target,SH600261,held,6400.0,6400.0
2021-03-01,target,SZ000910,held,400.0,400.0
2021-03-01,target,SZ300552,held,5000.0,5000.0
2021-03-01,target,SZ000883,held,12800.0,12800.0
2021-03-01,target,SZ002724,held,9100.0,9100.0
2021-03-01,target,SZ300625,held,1300.0,1300.0
2021-03-01,target,SH600273,held,600.0,600.0
2021-03-01,target,SZ002100,held,5400.0,5400.0
2021-03-01,target,SZ300462,held,54000.0,54000.0
2021-03-01,target,SH603556,held,3600.0,3600.0
2021-03-01,target,SZ002322,held,100.0,100.0
2021-03-01,target,SH600368,held,5200.0,5200.0
2021-03-01,target,SZ002432,held,104800.0,104800.0
2021-03-01,target,SZ300259,held,190500.0,190500.0
2021-03-01,target,SH600067,held,3000.0,3000.0
2021-03-01,target,SZ002381,held,88000.0,88000.0
2021-03-01,target,SH600023,held,18700.0,18700.0
2021-04-01,sell,SZ000883,held,231700.0,231700.0
2021-04-01,sell,SZ000910,held,61800.0,61800.0
2021-04-01,sell,SZ002381,held,88000.0,88000.0
2021-04-01,sell,SH600067,held,233000.0,233000.0
2021-04-01,sell,SH600368,held,244500.0,244500.0
2021-04-01,sell,SH600449,held,58900.0,58900.0
2021-04-01,sell,SH600720,held,56800.0,56800.0
2021-04-01,target,SH603886,held,1400.0,1400.0
2021-04-01,target,SH600273,held,2800.0,2800.0
2021-04-01,target,SH600261,held,4500.0,4500.0
2021-04-01,target,SZ300625,held,6300.0,6300.0
2021-04-01,target,SZ002100,held,17100.0,17100.0
2021-04-01,target,SH600023,held,6500.0,6500.0
2021-04-01,target,SH600390,held,139300.0,139300.0
2021-04-01,target,SZ002322,held,2300.0,2300.0
2021-04-01,target,SH601000,held,318700.0,318700.0
2021-04-01,target,SZ300462,held,8000.0,8000.0
2021-04-01,target,SH603556,held,1900.0,1900.0
2021-04-01,target,SZ300552,held,1300.0,1300.0
2021-04-01,target,SH600585,held,17600.0,17600.0
2021-04-01,target,SH601006,held,129400.0,129400.0
2021-04-01,target,SZ002724,held,8600.0,8600.0
2021-04-01,target,SZ002432,held,5100.0,5100.0
2021-04-01,target,SZ300259,held,18300.0,18300.0
2021-04-01,target,SZ002382,held,47100.0,47100.0
2021-04-01,target,SH601163,held,54700.0,54700.0
2021-04-01,target,SZ000581,held,38300.0,38300.0
2021-05-06,sell,SZ000581,held,38300.0,38300.0
2021-05-06,sell,SZ002100,held,84100.0,84100.0
2021-05-06,sell,SZ002322,held,80100.0,80100.0
2021-05-06,sell,SZ002432,held,109900.0,109900.0
2021-05-06,sell,SZ002724,held,113600.0,113600.0
2021-05-06,sell,SZ300259,held,208800.0,208800.0
2021-05-06,sell,SZ300462,held,62000.0,62000.0
2021-05-06,sell,SZ300552,held,22900.0,22900.0
2021-05-06,sell,SZ300625,held,61000.0,61000.0
2021-05-06,sell,SH600023,held,231800.0,231800.0
2021-05-06,sell,SH600261,held,230500.0,230500.0
2021-05-06,sell,SH600273,held,90700.0,90700.0
2021-05-06,sell,SH600390,held,139300.0,139300.0
2021-05-06,sell,SH600585,held,17600.0,17600.0
2021-05-06,sell,SH601006,held,129400.0,129400.0
2021-05-06,sell,SH601163,held,54700.0,54700.0
2021-05-06,sell,SH603556,held,65800.0,65800.0
2021-05-06,sell,SH603886,held,51700.0,51700.0
2021-05-06,target,SH600512,held,290900.0,290900.0
2021-05-06,target,SZ002382,held,10300.0,10300.0
2021-05-06,target,SZ000848,held,131400.0,131400.0
2021-05-06,target,SZ002022,held,50300.0,50300.0
2021-05-06,target,SH601678,held,141700.0,141700.0
2021-05-06,target,SH600750,held,80500.0,80500.0
2021-05-06,target,SH600618,held,105900.0,105900.0
2021-05-06,target,SH600694,held,42200.0,42200.0
2021-05-06,target,SH600075,held,120500.0,120500.0
2021-05-06,target,SH600089,held,72400.0,72400.0
2021-05-06,target,SH600035,held,296800.0,296800.0
2021-05-06,target,SZ002154,held,214300.0,214300.0
2021-05-06,target,SH603685,held,77000.0,77000.0
2021-05-06,target,SH600033,held,329900.0,329900.0
2021-05-06,target,SZ002664,held,65200.0,65200.0
2021-05-06,target,SH601126,held,131200.0,131200.0
2021-05-06,target,SH603900,held,119900.0,119900.0
2021-05-06,target,SZ002406,held,141000.0,141000.0
2021-05-06,target,SH601000,held,13600.0,13600.0
2021-05-06,target,SZ002531,held,104400.0,104400.0
2021-06-01,sell,SZ000848,held,131400.0,131400.0
2021-06-01,sell,SZ002022,held,50300.0,50300.0
2021-06-01,sell,SZ002154,held,214300.0,214300.0
2021-06-01,sell,SH600618,held,105900.0,105900.0
2021-06-01,sell,SH600750,held,80500.0,80500.0
2021-06-01,sell,SH601126,held,131200.0,131200.0
2021-06-01,sell,SH603900,held,119900.0,119900.0
2021-06-01,target,SH600512,held,5000.0,5000.0
2021-06-01,target,SZ002382,held,5900.0,5900.0
2021-06-01,target,SZ300677,held,6500.0,6500.0
2021-06-01,target,SH600075,held,5400.0,5400.0
2021-06-01,target,SH600694,held,1000.0,1000.0
2021-06-01,target,SH600566,held,50300.0,50300.0
2021-06-01,target,SH600089,held,5900.0,5900.0
2021-06-01,target,SH601000,held,48500.0,48500.0
2021-06-01,target,SZ002753,held,108000.0,108000.0
2021-06-01,target,SZ002406,held,9100.0,9100.0
2021-06-01,target,SZ002664,held,3300.0,3300.0
2021-06-01,target,SH600483,held,92800.0,92800.0
2021-06-01,target,SH600035,held,11900.0,11900.0
2021-06-01,target,SH603685,held,1000.0,1000.0
2021-06-01,target,SH601678,held,4000.0,4000.0
2021-06-01,target,SH600033,held,2000.0,2000.0
2021-06-01,target,SZ002531,held,6200.0,6200.0
2021-06-01,target,SH601515,held,146500.0,146500.0
2021-06-01,target,SZ002128,held,88100.0,88100.0
2021-06-01,target,SZ002567,held,137800.0,137800.0
2021-07-01,sell,SZ002664,held,68500.0,68500.0
2021-07-01,sell,SH600035,held,308700.0,308700.0
2021-07-01,sell,SH600483,held,92800.0,92800.0
2021-07-01,sell,SH601515,held,146500.0,146500.0
2021-07-01,sell,SH601678,held,137700.0,137700.0
2021-07-01,target,SH600512,held,13600.0,13600.0
2021-07-01,target,SZ002382,held,2400.0,2400.0
2021-07-01,target,SZ300677,held,900.0,900.0
2021-07-01,target,SH600075,held,13700.0,13700.0
2021-07-01,target,SH600089,held,4700.0,4700.0
2021-07-01,target,SH600694,held,2000.0,2000.0
2021-07-01,target,SH600566,held,2000.0,2000.0
2021-07-01,target,SH601000,held,9700.0,9700.0
2021-07-01,target,SZ002128,held,2500.0,2500.0
2021-07-01,target,SH600033,held,25900.0,25900.0
2021-07-01,target,SZ300443,held,35600.0,35600.0
2021-07-01,target,SZ002753,held,4400.0,4400.0
2021-07-01,target,SZ002531,held,1700.0,1700.0
2021-07-01,target,SH600368,held,272000.0,272000.0
2021-07-01,target,SH603685,held,800.0,800.0
2021-07-01,target,SZ002567,held,3700.0,3700.0
2021-07-01,target,SZ002763,held,99200.0,99200.0
2021-07-01,target,SH600618,held,102700.0,102700.0
2021-07-01,target,SZ002406,held,3000.0,3000.0
2021-07-01,target,SH603900,held,129200.0,129200.0
2021-08-02,sell,SZ002531,held,108900.0,108900.0
2021-08-02,sell,SZ002567,held,141500.0,141500.0
2021-08-02,sell,SZ300443,held,35600.0,35600.0
2021-08-02,sell,SH600033,held,357800.0,357800.0
2021-08-02,sell,SH600368,held,272000.0,272000.0
2021-08-02,sell,SH600566,held,52300.0,52300.0
2021-08-02,sell,SH600618,held,102700.0,102700.0
2021-08-02,sell,SH601000,held,390500.0,390500.0
2021-08-02,sell,SH603685,held,77200.0,77200.0
2021-08-02,target,SH600512,held,9800.0,9800.0
2021-08-02,target,SZ002382,held,1500.0,1500.0
2021-08-02,target,SZ300677,held,600.0,600.0
2021-08-02,target,SZ002022,held,68300.0,68300.0
2021-08-02,target,SZ002606,held,147800.0,147800.0
2021-08-02,target,SH600694,held,6800.0,6800.0
2021-08-02,target,SZ002128,held,5900.0,5900.0
2021-08-02,target,SH600012,held,175100.0,175100.0
2021-08-02,target,SH600089,held,9000.0,9000.0
2021-08-02,target,SZ002763,held,15000.0,15000.0
2021-08-02,target,SH600035,held,356600.0,356600.0
2021-08-02,target,SZ002753,held,800.0,800.0
2021-08-02,target,SH601006,held,166100.0,166100.0
2021-08-02,target,SH601678,held,121200.0,121200.0
2021-08-02,target,SH600075,held,17400.0,17400.0
2021-08-02,target,SH603900,held,6700.0,6700.0
2021-08-02,target,SZ002406,held,16000.0,16000.0
2021-08-02,target,SZ002035,held,141600.0,141600.0
2021-08-02,target,SH603089,held,115700.0,115700.0
2021-08-02,target,SH600707,held,117400.0,117400.0
2021-09-01,sell,SZ002022,held,68300.0,68300.0
2021-09-01,sell,SZ002035,held,141600.0,141600.0
2021-09-01,sell,SZ002128,held,96500.0,96500.0
2021-09-01,sell,SZ002406,held,163100.0,163100.0
2021-09-01,sell,SZ002606,held,147800.0,147800.0
2021-09-01,sell,SZ002753,held,102800.0,102800.0
2021-09-01,sell,SH600012,held,175100.0,175100.0
2021-09-01,sell,SH600035,held,356600.0,356600.0
2021-09-01,sell,SH600075,held,122200.0,122200.0
2021-09-01,sell,SH600089,held,64600.0,64600.0
2021-09-01,sell,SH600512,held,319300.0,319300.0
2021-09-01,sell,SH600694,held,52000.0,52000.0
2021-09-01,sell,SH601006,held,166100.0,166100.0
2021-09-01,sell,SH601678,held,121200.0,121200.0
2021-09-01,sell,SH603089,held,115700.0,115700.0
2021-09-01,sell,SH603900,held,135900.0,135900.0
2021-09-01,target,SH600097,held,107200.0,107200.0
2021-09-01,target,SH600707,held,15700.0,15700.0
2021-09-01,target,SZ002270,held,149400.0,149400.0
2021-09-01,target,SZ000690,held,197600.0,197600.0
2021-09-01,target,SZ300677,held,2800.0,2800.0
2021-09-01,target,SZ002382,held,8400.0,8400.0
2021-09-01,target,SZ002774,held,105700.0,105700.0
2021-09-01,target,SH600720,held,105700.0,105700.0
2021-09-01,target,SZ000923,held,57600.0,57600.0
2021-09-01,target,SH600535,held,84300.0,84300.0
2021-09-01,target,SH600449,held,96000.0,96000.0
2021-09-01,target,SZ000581,held,47400.0,47400.0
2021-09-01,target,SZ002543,held,127400.0,127400.0
2021-09-01,target,SZ000612,held,113000.0,113000.0
2021-09-01,target,SZ300443,held,33100.0,33100.0
2021-09-01,target,SZ000910,held,84700.0,84700.0
2021-09-01,target,SZ002467,held,276100.0,276100.0
2021-09-01,target,SZ002763,held,5800.0,5800.0
2021-09-01,target,SH601019,held,197200.0,197200.0
2021-09-01,target,SZ002233,held,106600.0,106600.0
2021-10-08,sell,SZ002233,held,106600.0,106600.0
2021-10-08,sell,SZ002763,held,120000.0,120000.0
2021-10-08,sell,SZ300443,held,33100.0,33100.0
2021-10-08,sell,SH601019,held,197200.0,197200.0
2021-10-08,target,SZ300677,held,3400.0,3400.0
2021-10-08,target,SH600097,held,9000.0,9000.0
2021-10-08,target,SZ000923,held,12300.0,12300.0
2021-10-08,target,SH600707,held,6500.0,6500.0
2021-10-08,target,SZ002270,held,4100.0,4100.0
2021-10-08,target,SZ002382,held,8900.0,8900.0
2021-10-08,target,SH600449,held,4200.0,4200.0
2021-10-08,target,SH600720,held,1300.0,1300.0
2021-10-08,target,SZ002774,held,13100.0,13100.0
2021-10-08,target,SZ000690,held,31600.0,31600.0
2021-10-08,target,SH600535,held,600.0,600.0
2021-10-08,target,SZ000581,held,7300.0,7300.0
2021-10-08,target,SZ002543,held,10200.0,10200.0
2021-10-08,target,SZ000949,held,183900.0,183900.0
2021-10-08,target,SZ000910,held,10400.0,10400.0
2021-10-08,target,SZ000612,held,22800.0,22800.0
2021-10-08,target,SZ002109,held,194600.0,194600.0
2021-10-08,target,SZ000725,held,216800.0,216800.0
2021-10-08,target,SZ002467,held,10600.0,10600.0
2021-10-08,target,SZ002110,held,127400.0,127400.0
2021-11-01,sell,SZ000581,held,54700.0,54700.0
2021-11-01,sell,SZ000612,held,135800.0,135800.0
2021-11-01,sell,SZ000690,held,166000.0,166000.0
2021-11-01,sell,SZ000725,held,216800.0,216800.0
2021-11-01,sell,SZ000910,held,95100.0,95100.0
2021-11-01,sell,SZ000923,held,69900.0,69900.0
2021-11-01,sell,SZ002110,held,127400.0,127400.0
2021-11-01,sell,SZ002270,held,145300.0,145300.0
2021-11-01,sell,SZ002382,held,63900.0,63900.0
2021-11-01,sell,SZ002467,held,286700.0,286700.0
2021-11-01,sell,SZ002543,held,137600.0,137600.0
2021-11-01,sell,SZ002774,held,118800.0,118800.0
2021-11-01,sell,SH600535,held,84900.0,84900.0
2021-11-01,sell,SH600707,held,139600.0,139600.0
2021-11-01,sell,SH600720,held,104400.0,104400.0
2021-11-01,target,SZ000666,held,128300.0,128300.0
2021-11-01,target,SZ000949,held,25800.0,25800.0
2021-11-01,target,SZ002022,held,73600.0,73600.0
2021-11-01,target,SZ002109,held,3300.0,3300.0
2021-11-01,target,SZ300677,held,400.0,400.0
2021-11-01,target,SZ002322,held,112800.0,112800.0
2021-11-01,target,SZ300360,held,128200.0,128200.0
2021-11-01,target,SH600746,held,68600.0,68600.0
2021-11-01,target,SH600668,held,90400.0,90400.0
2021-11-01,target,SH688298,held,7497.0,7497.0
2021-11-01,target,SH603886,held,51300.0,51300.0
2021-11-01,target,SH601000,held,387600.0,387600.0
2021-11-01,target,SZ300259,held,231300.0,231300.0
2021-11-01,target,SH600449,held,4200.0,4200.0
2021-11-01,target,SH600012,held,176700.0,176700.0
2021-11-01,target,SZ002131,held,450500.0,450500.0
2021-11-01,target,SH601019,held,170600.0,170600.0
2021-11-01,target,SH600033,held,386100.0,386100.0
2021-11-01,target,SH600097,held,7200.0,7200.0
2021-11-01,target,SZ000026,held,95400.0,95400.0
2021-12-01,sell,SZ002131,held,450500.0,450500.0
2021-12-01,sell,SZ300360,held,128200.0,128200.0
2021-12-01,sell,SH600012,held,176700.0,176700.0
2021-12-01,sell,SH600033,held,386100.0,386100.0
2021-12-01,sell,SH600097,held,105400.0,105400.0
2021-12-01,sell,SH600668,held,90400.0,90400.0
2021-12-01,sell,SH601019,held,170600.0,170600.0
2021-12-01,sell,SH688298,held,7497.0,7497.0
2021-12-01,target,SZ000666,held,10800.0,10800.0
2021-12-01,target,SZ000949,held,28600.0,28600.0
2021-12-01,target,SZ002022,held,2400.0,2400.0
2021-12-01,target,SZ002109,held,17800.0,17800.0
2021-12-01,target,SH600746,held,9200.0,9200.0
2021-12-01,target,SH601000,held,62900.0,62900.0
2021-12-01,target,SH600449,held,9300.0,9300.0
2021-12-01,target,SH600566,held,63000.0,63000.0
2021-12-01,target,SZ002322,held,18100.0,18100.0
2021-12-01,target,SZ300677,held,2200.0,2200.0
2021-12-01,target,SZ000026,held,300.0,300.0
2021-12-01,target,SH603886,held,4200.0,4200.0
2021-12-01,target,SZ300259,held,2800.0,2800.0
2021-12-01,target,SZ000883,held,250000.0,250000.0
2021-12-01,target,SH603898,held,104800.0,104800.0
2021-12-01,target,SH600585,held,31400.0,31400.0
2021-12-01,target,SZ002255,held,170900.0,170900.0
2021-12-01,target,SZ000807,held,106500.0,106500.0
2021-12-01,target,SH600327,held,190500.0,190500.0
2021-12-01,target,SZ000725,held,234500.0,234500.0
2022-01-04,sell,SZ000026,held,95100.0,95100.0
2022-01-04,sell,SZ000807,held,106500.0,106500.0
2022-01-04,sell,SZ002255,held,170900.0,170900.0
2022-01-04,sell,SH600566,held,63000.0,63000.0
2022-01-04,sell,SH600585,held,31400.0,31400.0
2022-01-04,target,SZ000949,held,31300.0,31300.0
2022-01-04,target,SZ002322,held,7400.0,7400.0
2022-01-04,target,SZ002022,held,5500.0,5500.0
2022-01-04,target,SH600746,held,10500.0,10500.0
2022-01-04,target,SZ300677,held,3200.0,3200.0
2022-01-04,target,SH601000,held,7200.0,7200.0
2022-01-04,target,SH688399,held,8870.0,8870.0
2022-01-04,target,SZ002109,held,6800.0,6800.0
2022-01-04,target,SZ300259,held,5800.0,5800.0
2022-01-04,target,SZ000666,held,1500.0,1500.0
2022-01-04,target,SH603886,held,3800.0,3800.0
2022-01-04,target,SH600449,held,4400.0,4400.0
2022-01-04,target,SZ000883,held,15600.0,15600.0
2022-01-04,target,SH600089,held,57700.0,57700.0
2022-01-04,target,SZ000725,held,7700.0,7700.0
2022-01-04,target,SH603898,held,5100.0,5100.0
2022-01-04,target,SH600097,held,105400.0,105400.0
2022-01-04,target,SH600327,held,17200.0,17200.0
2022-01-04,target,SZ002818,held,97700.0,97700.0
2022-01-04,target,SZ000833,held,183400.0,183400.0
2022-02-07,sell,SZ002818,held,97700.0,97700.0
2022-02-07,sell,SH600327,held,207700.0,207700.0
2022-02-07,target,SZ000949,held,9200.0,9200.0
2022-02-07,target,SZ002322,held,4400.0,4400.0
2022-02-07,target,SZ002022,held,5900.0,5900.0
2022-02-07,target,SH600746,held,4500.0,4500.0
2022-02-07,target,SZ300677,held,100.0,100.0
2022-02-07,target,SZ002109,held,11600.0,11600.0
2022-02-07,target,SZ300259,held,2500.0,2500.0
2022-02-07,target,SH688399,canceled,236.0,0.0
2022-02-07,target,SZ000666,held,3000.0,3000.0
2022-02-07,target,SH601000,held,32500.0,32500.0
2022-02-07,target,SZ000883,held,18800.0,18800.0
2022-02-07,target,SH600449,held,5800.0,5800.0
2022-02-07,target,SH603886,held,900.0,900.0
2022-02-07,target,SH600089,held,1800.0,1800.0
2022-02-07,target,SH603898,held,2700.0,2700.0
2022-02-07,target,SZ000833,held,14000.0,14000.0
2022-02-07,target,SH600097,held,1300.0,1300.0
2022-02-07,target,SZ002255,held,190800.0,190800.0
2022-02-07,target,SZ000725,held,12500.0,12500.0
2022-02-07,target,SH603012,held,190700.0,190700.0
2022-03-01,sell,SZ002255,held,190800.0,190800.0
2022-03-01,sell,SH603012,held,190700.0,190700.0
2022-03-01,target,SZ000949,held,3400.0,3400.0
2022-03-01,target,SZ002322,held,2900.0,2900.0
2022-03-01,target,SZ002022,held,500.0,500.0
2022-03-01,target,SH600746,held,1800.0,1800.0
2022-03-01,target,SZ300677,held,1900.0,1900.0
2022-03-01,target,SZ002109,held,10200.0,10200.0
2022-03-01,target,SH688399,none,,
2022-03-01,target,SZ300259,held,9900.0,9900.0
2022-03-01,target,SH601000,held,7700.0,7700.0
2022-03-01,target,SZ000666,held,5000.0,5000.0
2022-03-01,target,SZ000883,held,1700.0,1700.0
2022-03-01,target,SH603886,held,2200.0,2200.0
2022-03-01,target,SH603898,held,5300.0,5300.0
2022-03-01,target,SZ002759,held,41900.0,41900.0
2022-03-01,target,SZ000833,held,1800.0,1800.0
2022-03-01,target,SH600089,held,2300.0,2300.0
2022-03-01,target,SH600449,held,5400.0,5400.0
2022-03-01,target,SH600097,held,7200.0,7200.0
2022-03-01,target,SZ000725,held,20700.0,20700.0
2022-03-01,target,SZ002818,held,94200.0,94200.0
2022-04-01,sell,SZ000666,held,132600.0,132600.0
2022-04-01,sell,SZ000725,held,250400.0,250400.0
2022-04-01,sell,SZ000833,held,195600.0,195600.0
2022-04-01,sell,SZ002022,held,86900.0,86900.0
2022-04-01,sell,SZ002759,held,41900.0,41900.0
2022-04-01,sell,SZ002818,held,94200.0,94200.0
2022-04-01,sell,SH600089,held,57200.0,57200.0
2022-04-01,sell,SH600449,held,89700.0,89700.0
2022-04-01,sell,SH600746,held,82000.0,82000.0
2022-04-01,sell,SH603886,held,54800.0,54800.0
2022-04-01,sell,SH688399,held,8870.0,8870.0
2022-04-01,target,SZ000949,held,14100.0,14100.0
2022-04-01,target,SZ002322,held,14600.0,14600.0
2022-04-01,target,SZ300677,held,2000.0,2000.0
2022-04-01,target,SH600585,held,29300.0,29300.0
2022-04-01,target,SH600535,held,75900.0,75900.0
2022-04-01,target,SH600618,held,96800.0,96800.0
2022-04-01,target,SZ002109,held,12600.0,12600.0
2022-04-01,target,SH688289,held,25551.0,25551.0
2022-04-01,target,SZ000883,held,15800.0,15800.0
2022-04-01,target,SH600636,held,142200.0,142200.0
2022-04-01,target,SZ300771,held,52400.0,52400.0
2022-04-01,target,SH603898,held,5900.0,5900.0
2022-04-01,target,SZ300259,held,16900.0,16900.0
2022-04-01,target,SH601000,held,15600.0,15600.0
2022-04-01,target,SZ002233,held,105300.0,105300.0
2022-04-01,target,SZ300360,held,131300.0,131300.0
2022-04-01,target,SZ002255,held,209200.0,209200.0
2022-04-01,target,SH601811,held,118700.0,118700.0
2022-04-01,target,SH600097,held,8400.0,8400.0
2022-04-01,target,SZ000598,held,231200.0,231200.0
2022-05-05,sell,SZ000598,held,231200.0,231200.0
2022-05-05,sell,SZ000883,held,267300.0,267300.0
2022-05-05,sell,SZ000949,held,237900.0,237900.0
2022-05-05,sell,SZ002233,held,105300.0,105300.0
2022-05-05,sell,SZ002255,held,209200.0,209200.0
2022-05-05,sell,SZ002322,held,118200.0,118200.0
2022-05-05,sell,SZ300259,held,263600.0,263600.0
2022-05-05,sell,SZ300360,held,131300.0,131300.0
2022-05-05,sell,SZ300677,held,25000.0,25000.0
2022-05-05,sell,SZ300771,held,52400.0,52400.0
2022-05-05,sell,SH600097,held,91100.0,91100.0
2022-05-05,sell,SH600535,held,75900.0,75900.0
2022-05-05,sell,SH600636,held,142200.0,142200.0
2022-05-05,sell,SH601000,held,387500.0,387500.0
2022-05-05,sell,SH601811,held,118700.0,118700.0
2022-05-05,sell,SH603898,held,113600.0,113600.0
2022-05-05,sell,SH688289,held,25551.0,25551.0
2022-05-05,target,SH688606,held,7235.0,7235.0
2022-05-05,target,SH688068,held,7394.0,7394.0
2022-05-05,target,SH688317,held,30171.0,30171.0
2022-05-05,target,SH600089,held,50500.0,50500.0
2022-05-05,target,SZ002109,held,34000.0,34000.0
2022-05-05,target,SH600643,held,167400.0,167400.0
2022-05-05,target,SZ002267,held,139600.0,139600.0
2022-05-05,target,SZ002064,held,126200.0,126200.0
2022-05-05,target,SH603183,held,162400.0,162400.0
2022-05-05,target,SH600618,held,7400.0,7400.0
2022-05-05,target,SH600780,held,229300.0,229300.0
2022-05-05,target,SH600035,held,308100.0,308100.0
2022-05-05,target,SH603508,held,56600.0,56600.0
2022-05-05,target,SH601668,held,156700.0,156700.0
2022-05-05,target,SZ002763,held,136900.0,136900.0
2022-05-05,target,SH600368,held,254100.0,254100.0
2022-05-05,target,SH601339,held,177600.0,177600.0
2022-05-05,target,SH600585,held,4600.0,4600.0
2022-05-05,target,SZ002759,held,43200.0,43200.0
2022-05-05,target,SH688057,held,62242.0,62242.0
2022-06-01,sell,SZ002064,held,126200.0,126200.0
2022-06-01,sell,SZ002763,held,136900.0,136900.0
2022-06-01,sell,SH600618,held,89400.0,89400.0
2022-06-01,sell,SH600780,held,229300.0,229300.0
2022-06-01,sell,SH601339,held,177600.0,177600.0
2022-06-01,sell,SH601668,held,156700.0,156700.0
2022-06-01,sell,SH603183,held,162400.0,162400.0
2022-06-01,sell,SH688317,held,30171.0,30171.0
2022-06-01,target,SH688606,held,804.0,804.0
2022-06-01,target,SH688068,held,1369.0,1369.0
2022-06-01,target,SZ002932,held,11100.0,11100.0
2022-06-01,target,SH603508,none,,
2022-06-01,target,SZ002759,held,4000.0,4000.0
2022-06-01,target,SH600089,held,3600.0,3600.0
2022-06-01,target,SH600643,held,3500.0,3500.0
2022-06-01,target,SZ002109,held,5300.0,5300.0
2022-06-01,target,SH600585,held,3600.0,3600.0
2022-06-01,target,SH688057,canceled,1848.0,0.0
2022-06-01,target,SH603077,held,307100.0,307100.0
2022-06-01,target,SH603012,held,180600.0,180600.0
2022-06-01,target,SH600596,held,55700.0,55700.0
2022-06-01,target,SZ002818,held,86800.0,86800.0
2022-06-01,target,SZ002267,held,3600.0,3600.0
2022-06-01,target,SH600694,held,57500.0,57500.0
2022-06-01,target,SH603766,held,230000.0,230000.0
2022-06-01,target,SH601827,held,142700.0,142700.0
2022-06-01,target,SH600368,none,,
2022-06-01,target,SH600035,held,5400.0,5400.0
2022-07-01,sell,SZ002818,held,86800.0,86800.0
2022-07-01,sell,SH600035,held,302700.0,302700.0
2022-07-01,sell,SH600596,held,55700.0,55700.0
2022-07-01,sell,SH601827,held,142700.0,142700.0
2022-07-01,sell,SH603077,held,307100.0,307100.0
2022-07-01,target,SH688606,held,1012.0,1012.0
2022-07-01,target,SH688068,held,1783.0,1783.0
2022-07-01,target,SZ002932,held,500.0,500.0
2022-07-01,target,SH603508,held,3000.0,3000.0
2022-07-01,target,SZ002759,held,6400.0,6400.0
2022-07-01,target,SZ002109,held,14600.0,14600.0
2022-07-01,target,SH600089,held,7000.0,7000.0
2022-07-01,target,SH600643,held,14500.0,14500.0
2022-07-01,target,SZ002267,held,20800.0,20800.0
2022-07-01,target,SH600585,held,2700.0,2700.0
2022-07-01,target,SH600746,held,94300.0,94300.0
2022-07-01,target,SH600426,held,37900.0,37900.0
2022-07-01,target,SH603766,held,8000.0,8000.0
2022-07-01,target,SH603012,held,5800.0,5800.0
2022-07-01,target,SH600694,held,4000.0,4000.0
2022-07-01,target,SH688057,canceled,2761.0,0.0
2022-07-01,target,SH601857,held,209000.0,209000.0
2022-07-01,target,SH601919,held,79400.0,79400.0
2022-07-01,target,SH600368,held,33000.0,33000.0
2022-07-01,target,SH601339,held,206900.0,206900.0
2022-08-01,sell,SZ002932,held,16039.0,16039.0
2022-08-01,sell,SH600746,held,94300.0,94300.0
2022-08-01,sell,SH601857,held,209000.0,209000.0
2022-08-01,sell,SH601919,held,79400.0,79400.0
2022-08-01,target,SH688606,canceled,217.0,0.0
2022-08-01,target,SH688068,held,886.0,886.0
2022-08-01,target,SZ002759,held,5600.0,5600.0
2022-08-01,target,SH688298,held,9635.0,9635.0
2022-08-01,target,SH603508,held,300.0,300.0
2022-08-01,target,SH603077,held,281400.0,281400.0
2022-08-01,target,SH600089,held,4200.0,4200.0
2022-08-01,target,SH600643,held,1400.0,1400.0
2022-08-01,target,SZ002109,held,3100.0,3100.0
2022-08-01,target,SH688057,canceled,2126.0,0.0
2022-08-01,target,SH600426,held,800.0,800.0
2022-08-01,target,SH600585,held,2700.0,2700.0
2022-08-01,target,SH603012,held,16900.0,16900.0
2022-08-01,target,SZ002267,held,21800.0,21800.0
2022-08-01,target,SH603766,held,24600.0,24600.0
2022-08-01,target,SH601339,held,12100.0,12100.0
2022-08-01,target,SH600694,held,1400.0,1400.0
2022-08-01,target,SH601827,held,150700.0,150700.0
2022-08-01,target,SZ000848,held,118900.0,118900.0
2022-08-01,target,SH600368,held,12000.0,12000.0
2022-09-01,sell,SZ000848,held,118900.0,118900.0
2022-09-01,sell,SZ002267,held,135000.0,135000.0
2022-09-01,sell,SZ002759,held,46400.0,46400.0
2022-09-01,sell,SH600368,held,275100.0,275100.0
2022-09-01,sell,SH600426,held,38700.0,38700.0
2022-09-01,sell,SH600585,held,33700.0,33700.0
2022-09-01,sell,SH600643,held,186800.0,186800.0
2022-09-01,sell,SH600694,held,62900.0,62900.0
2022-09-01,sell,SH601827,held,150700.0,150700.0
2022-09-01,sell,SH603012,held,169500.0,169500.0
2022-09-01,sell,SH603508,held,82540.0,82540.0
2022-09-01,sell,SH603766,held,213400.0,213400.0
2022-09-01,sell,SH688057,held,62242.0,62242.0
2022-09-01,sell,SH688068,held,15638.0,15638.0
2022-09-01,sell,SH688298,held,9635.0,9635.0
2022-09-01,target,SZ002432,held,21000.0,21000.0
2022-09-01,target,SZ002932,held,16500.0,16500.0
2022-09-01,target,SH688606,none,,
2022-09-01,target,SZ000731,held,108300.0,108300.0
2022-09-01,target,SH600089,held,2000.0,2000.0
2022-09-01,target,SH603077,held,4100.0,4100.0
2022-09-01,target,SH601857,held,196400.0,196400.0
2022-09-01,target,SZ300771,held,71900.0,71900.0
2022-09-01,target,SH601919,held,73300.0,73300.0
2022-09-01,target,SZ000910,held,116500.0,116500.0
2022-09-01,target,SZ300259,held,276500.0,276500.0
2022-09-01,target,SZ002109,held,11600.0,11600.0
2022-09-01,target,SZ000930,held,118300.0,118300.0
2022-09-01,target,SH600449,held,83400.0,83400.0
2022-09-01,target,SZ300726,held,22400.0,22400.0
2022-09-01,target,SH688303,held,18895.0,18895.0
2022-09-01,target,SH601019,held,155500.0,155500.0
2022-09-01,target,SZ003019,held,43400.0,43400.0
2022-09-01,target,SH603889,held,147300.0,147300.0
2022-09-01,target,SH601339,held,10400.0,10400.0
2022-10-10,sell,SZ003019,held,43400.0,43400.0
2022-10-10,sell,SH601339,held,184400.0,184400.0
2022-10-10,sell,SH603889,held,147300.0,147300.0
2022-10-10,target,SZ002432,held,900.0,900.0
2022-10-10,target,SZ002932,held,400.0,400.0
2022-10-10,target,SH688606,none,,
2022-10-10,target,SZ000731,none,,
2022-10-10,target,SH601919,held,13000.0,13000.0
2022-10-10,target,SH600089,held,1800.0,1800.0
2022-10-10,target,SH603077,held,25600.0,25600.0
2022-10-10,target,SH601857,held,14200.0,14200.0
2022-10-10,target,SZ000910,held,3000.0,3000.0
2022-10-10,target,SZ300726,held,800.0,800.0
2022-10-10,target,SZ300259,held,9400.0,9400.0
2022-10-10,target,SZ300771,held,300.0,300.0
2022-10-10,target,SZ000930,held,300.0,300.0
2022-10-10,target,SZ002109,held,200.0,200.0
2022-10-10,target,SH688303,held,768.0,768.0
2022-10-10,target,SZ000663,held,118200.0,118200.0
2022-10-10,target,SH600449,held,1400.0,1400.0
2022-10-10,target,SZ000833,held,149600.0,149600.0
2022-10-10,target,SH600720,held,91800.0,91800.0
2022-10-10,target,SH601019,held,1100.0,1100.0
2022-11-01,sell,SZ000663,held,118200.0,118200.0
2022-11-01,sell,SZ000731,held,108300.0,108300.0
2022-11-01,sell,SZ000833,held,149600.0,149600.0
2022-11-01,sell,SZ000910,held,119500.0,119500.0
2022-11-01,sell,SZ000930,held,118600.0,118600.0
2022-11-01,sell,SZ002109,held,182900.0,182900.0
2022-11-01,sell,SZ300259,held,285900.0,285900.0
2022-11-01,sell,SZ300771,held,72200.0,72200.0
2022-11-01,sell,SH600449,held,82000.0,82000.0
2022-11-01,sell,SH600720,held,91800.0,91800.0
2022-11-01,sell,SH601019,held,156600.0,156600.0
2022-11-01,sell,SH601857,held,182200.0,182200.0
2022-11-01,sell,SH688606,held,9051.0,9051.0
2022-11-01,target,SZ002432,held,3000.0,3000.0
2022-11-01,target,SZ002932,held,2300.0,2300.0
2022-11-01,target,SH688068,held,15588.0,15588.0
2022-11-01,target,SH600008,held,338800.0,338800.0
2022-11-01,target,SH600089,held,2000.0,2000.0
2022-11-01,target,SH601919,held,2700.0,2700.0
2022-11-01,target,SH603898,held,85100.0,85100.0
2022-11-01,target,SH603077,held,18500.0,18500.0
2022-11-01,target,SZ002955,held,30800.0,30800.0
2022-11-01,target,SZ300726,held,600.0,600.0
2022-11-01,target,SH688303,canceled,1035.0,0.0
2022-11-01,target,SZ000666,held,121400.0,121400.0
2022-11-01,target,SH603886,held,57400.0,57400.0
2022-11-01,target,SZ003019,held,40300.0,40300.0
2022-11-01,target,SZ000598,held,194000.0,194000.0
2022-11-01,target,SZ300230,held,239200.0,239200.0
2022-11-01,target,SZ000726,held,125000.0,125000.0
2022-11-01,target,SH600141,held,32900.0,32900.0
2022-11-01,target,SH600777,held,398000.0,398000.0
2022-11-01,target,SH600438,held,20000.0,20000.0
2022-12-01,sell,SH600141,held,32900.0,32900.0
2022-12-01,sell,SH688068,held,15588.0,15588.0
2022-12-01,target,SZ002432,held,2000.0,2000.0
2022-12-01,target,SZ002932,held,200.0,200.0
2022-12-01,target,SH688399,held,9439.0,9439.0
2022-12-01,target,SH600008,held,17900.0,17900.0
2022-12-01,target,SZ002955,held,7900.0,7900.0
2022-12-01,target,SH600089,held,1900.0,1900.0
2022-12-01,target,SH601919,held,1800.0,1800.0
2022-12-01,target,SH603898,held,2300.0,2300.0
2022-12-01,target,SH688303,canceled,642.0,0.0
2022-12-01,target,SH603077,held,3900.0,3900.0
2022-12-01,target,SZ300726,held,2200.0,2200.0
2022-12-01,target,SH600777,held,9000.0,9000.0
2022-12-01,target,SZ000666,held,17600.0,17600.0
2022-12-01,target,SZ003019,held,4400.0,4400.0
2022-12-01,target,SZ300761,held,30300.0,30300.0
2022-12-01,target,SZ000598,held,9500.0,9500.0
2022-12-01,target,SZ300230,held,23500.0,23500.0
2022-12-01,target,SH603886,held,1000.0,1000.0
2022-12-01,target,SZ000726,held,2900.0,2900.0
2022-12-01,target,SH600438,held,3000.0,3000.0
2023-01-03,sell,SZ000666,held,103800.0,103800.0
2023-01-03,target,SZ002432,held,1800.0,1800.0
2023-01-03,target,SZ002932,held,2000.0,2000.0
2023-01-03,target,SH688399,held,1611.0,1611.0
2023-01-03,target,SH601919,held,11200.0,11200.0
2023-01-03,target,SH600008,held,19400.0,19400.0
2023-01-03,target,SZ002955,held,1900.0,1900.0
2023-01-03,target,SH600089,none,,
2023-01-03,target,SH603898,held,2700.0,2700.0
2023-01-03,target,SH603077,held,11200.0,11200.0
2023-01-03,target,SH688303,held,417.0,417.0
2023-01-03,target,SH600777,held,32300.0,32300.0
2023-01-03,target,SZ003019,held,100.0,100.0
2023-01-03,target,SZ000726,held,1500.0,1500.0
2023-01-03,target,SH603886,held,7500.0,7500.0
2023-01-03,target,SH600438,held,1800.0,1800.0
2023-01-03,target,SZ000598,held,8400.0,8400.0
2023-01-03,target,SZ300761,held,2000.0,2000.0
2023-01-03,target,SZ300121,held,84600.0,84600.0
2023-01-03,target,SZ300726,held,1300.0,1300.0
2023-01-03,target,SZ300230,held,9200.0,9200.0
2023-02-01,sell,SZ300121,held,84600.0,84600.0
2023-02-01,sell,SZ300761,held,28300.0,28300.0
2023-02-01,target,SZ002432,held,1200.0,1200.0
2023-02-01,target,SZ002932,held,100.0,100.0
2023-02-01,target,SH688399,none,,
2023-02-01,target,SH601919,held,3100.0,3100.0
2023-02-01,target,SH600008,held,13000.0,13000.0
2023-02-01,target,SH600089,held,200.0,200.0
2023-02-01,target,SZ002955,held,1000.0,1000.0
2023-02-01,target,SH603898,held,1800.0,1800.0
2023-02-01,target,SH688303,held,785.0,785.0
2023-02-01,target,SH603077,held,3600.0,3600.0
2023-02-01,target,SZ300726,held,400.0,400.0
2023-02-01,target,SZ003019,held,1500.0,1500.0
2023-02-01,target,SZ000598,held,8600.0,8600.0
2023-02-01,target,SH603886,held,5300.0,5300.0
2023-02-01,target,SH600777,held,21700.0,21700.0
2023-02-01,target,SH600438,held,600.0,600.0
2023-02-01,target,SZ000726,held,1800.0,1800.0
2023-02-01,target,SZ300230,held,7500.0,7500.0
2023-02-01,target,SH600720,held,99000.0,99000.0
2023-02-01,target,SH600780,held,150000.0,150000.0
2023-03-01,sell,SH600720,held,99000.0,99000.0
2023-03-01,sell,SH600780,held,150000.0,150000.0
2023-03-01,sell,SH603077,held,317700.0,317700.0
2023-03-01,target,SZ002432,held,2000.0,2000.0
2023-03-01,target,SZ002932,held,1500.0,1500.0
2023-03-01,target,SH688399,held,941.0,941.0
2023-03-01,target,SH688303,held,1694.0,1694.0
2023-03-01,target,SH601919,held,4500.0,4500.0
2023-03-01,target,SH600008,held,17600.0,17600.0
2023-03-01,target,SH600089,held,2100.0,2100.0
2023-03-01,target,SH603898,held,1300.0,1300.0
2023-03-01,target,SZ300726,held,2100.0,2100.0
2023-03-01,target,SZ002955,held,8000.0,8000.0
2023-03-01,target,SH600438,held,1500.0,1500.0
2023-03-01,target,SZ000666,held,108000.0,108000.0
2023-03-01,target,SH600777,held,1600.0,1600.0
2023-03-01,target,SZ000598,held,6700.0,6700.0
2023-03-01,target,SZ300230,held,10300.0,10300.0
2023-03-01,target,SZ003019,held,800.0,800.0
2023-03-01,target,SZ000726,held,2800.0,2800.0
2023-03-01,target,SZ002048,held,68600.0,68600.0
2023-03-01,target,SZ002884,held,59200.0,59200.0
2023-03-01,target,SH603886,held,4400.0,4400.0
2023-04-03,sell,SZ000598,held,210400.0,210400.0
2023-04-03,sell,SZ002884,held,59200.0,59200.0
2023-04-03,sell,SZ003019,held,44100.0,44100.0
2023-04-03,sell,SZ300230,held,256300.0,256300.0
2023-04-03,sell,SZ300726,held,23600.0,23600.0
2023-04-03,sell,SH600777,held,419200.0,419200.0
2023-04-03,sell,SH603886,held,49800.0,49800.0
2023-04-03,sell,SH688399,held,11991.0,11991.0
2023-04-03,target,SZ002432,held,1800.0,1800.0
2023-04-03,target,SZ002932,held,400.0,400.0
2023-04-03,target,SH688068,held,21570.0,21570.0
2023-04-03,target,SH600089,held,1600.0,1600.0
2023-04-03,target,SH600008,held,15400.0,15400.0
2023-04-03,target,SH688303,canceled,1011.0,0.0
2023-04-03,target,SH601919,held,5400.0,5400.0
2023-04-03,target,SH603898,held,4300.0,4300.0
2023-04-03,target,SZ002955,held,1200.0,1200.0
2023-04-03,target,SZ000666,held,3800.0,3800.0
2023-04-03,target,SH600271,held,70900.0,70900.0
2023-04-03,target,SZ002611,held,209700.0,209700.0
2023-04-03,target,SZ002466,held,13900.0,13900.0
2023-04-03,target,SH600438,held,1200.0,1200.0
2023-04-03,target,SH600971,held,119400.0,119400.0
2023-04-03,target,SZ000726,held,4200.0,4200.0
2023-04-03,target,SH601811,held,87500.0,87500.0
2023-04-03,target,SZ002756,held,12500.0,12500.0
2023-04-03,target,SZ002497,held,49000.0,49000.0
2023-04-03,target,SZ002048,none,,
2023-05-04,sell,SZ000666,held,111800.0,111800.0
2023-05-04,sell,SZ000726,held,129000.0,129000.0
2023-05-04,sell,SZ002048,held,68600.0,68600.0
2023-05-04,sell,SZ002611,held,209700.0,209700.0
2023-05-04,sell,SZ002756,held,16250.0,16250.0
2023-05-04,sell,SZ002932,held,18800.0,18800.0
2023-05-04,sell,SH600008,held,352500.0,352500.0
2023-05-04,sell,SH600438,held,26900.0,26900.0
2023-05-04,sell,SH600971,held,119400.0,119400.0
2023-05-04,sell,SH601811,held,87500.0,87500.0
2023-05-04,sell,SH603898,held,85900.0,85900.0
2023-05-04,sell,SH688068,held,21570.0,21570.0
2023-05-04,target,SZ002432,held,100.0,100.0
2023-05-04,target,SZ002955,held,9400.0,9400.0
2023-05-04,target,SH600089,held,2600.0,2600.0
2023-05-04,target,SH688303,held,2587.0,2587.0
2023-05-04,target,SH600525,held,184500.0,184500.0
2023-05-04,target,SZ000731,held,124000.0,124000.0
2023-05-04,target,SH601919,held,2300.0,2300.0
2023-05-04,target,SZ002938,held,39800.0,39800.0
2023-05-04,target,SH600271,held,1600.0,1600.0
2023-05-04,target,SZ300970,held,43900.0,43900.0
2023-05-04,target,SH600141,held,41900.0,41900.0
2023-05-04,target,SH600328,held,73200.0,73200.0
2023-05-04,target,SH603508,held,54200.0,54200.0
2023-05-04,target,SH600757,canceled,97800.0,0.0
2023-05-04,target,SZ002497,held,5500.0,5500.0
2023-05-04,target,SZ002466,none,,
2023-05-04,target,SH600133,held,162300.0,162300.0
2023-05-04,target,SH600566,held,32500.0,32500.0
2023-05-04,target,SZ000915,held,28200.0,28200.0
2023-05-04,target,SZ002353,held,38300.0,38300.0
2023-06-01,sell,SZ002353,held,38300.0,38300.0
2023-06-01,sell,SZ002938,held,39800.0,39800.0
2023-06-01,sell,SZ002955,held,42200.0,42200.0
2023-06-01,sell,SH600133,held,162300.0,162300.0
2023-06-01,sell,SH600141,held,41900.0,41900.0
2023-06-01,sell,SH600271,held,72500.0,72500.0
2023-06-01,sell,SH600525,held,184500.0,184500.0
2023-06-01,sell,SH601919,held,92900.0,92900.0
2023-06-01,target,SH600089,held,1400.0,1400.0
2023-06-01,target,SH688303,canceled,1674.0,0.0
2023-06-01,target,SH600438,held,29100.0,29100.0
2023-06-01,target,SZ002432,held,1600.0,1600.0
2023-06-01,target,SZ000731,held,500.0,500.0
2023-06-01,target,SH603508,held,300.0,300.0
2023-06-01,target,SH600328,held,10600.0,10600.0
2023-06-01,target,SZ300729,held,67500.0,67500.0
2023-06-01,target,SZ300970,held,600.0,600.0
2023-06-01,target,SH600512,held,369300.0,369300.0
2023-06-01,target,SH600256,held,137600.0,137600.0
2023-06-01,target,SH600566,held,900.0,900.0
2023-06-01,target,SZ002884,held,67500.0,67500.0
2023-06-01,target,SH600273,held,107400.0,107400.0
2023-06-01,target,SZ003019,held,43000.0,43000.0
2023-06-01,target,SZ002497,held,1000.0,1000.0
2023-06-01,target,SZ000848,held,116800.0,116800.0
2023-06-01,target,SZ000915,held,1900.0,1900.0
2023-06-01,target,SH600938,held,52700.0,52700.0
2023-06-01,target,SZ002466,none,,
