order_id,trade_date,symbol,asset_type,commission,stamp_tax,total_fees
1,2019-01-02,SZ002072,stock,29.959799194335936,0.0,29.959799194335936
2,2019-01-02,SZ002200,stock,29.950357618331907,0.0,29.950357618331907
3,2019-01-02,SZ300029,stock,29.991101217269893,0.0,29.991101217269893
4,2019-01-02,SZ300069,stock,29.79303211212158,0.0,29.79303211212158
5,2019-01-02,SZ300106,stock,29.90743908405304,0.0,29.90743908405304
6,2019-01-02,SZ300321,stock,29.966897907257078,0.0,29.966897907257078
7,2019-01-02,SZ300354,stock,29.984822530746456,0.0,29.984822530746456
8,2019-01-02,SZ300405,stock,29.91054925918579,0.0,29.91054925918579
9,2019-01-02,SZ300489,stock,29.905770263671872,0.0,29.905770263671872
10,2019-01-02,SZ300592,stock,29.953768444061275,0.0,29.953768444061275
11,2019-02-01,SZ300069,stock,29.97959446907043,99.93198156356812,129.91157603263855
12,2019-02-01,SZ300106,stock,5.0,4.141533279418946,9.141533279418946
13,2019-02-01,SZ300321,stock,5.0,3.498867416381836,8.498867416381836
14,2019-02-01,SZ300354,stock,30.020155849456785,100.06718616485595,130.08734201431275
15,2019-02-01,SZ300489,stock,5.0,3.0087512969970702,8.00875129699707
16,2019-02-01,SZ002072,stock,5.0,0.0,5.0
17,2019-02-01,SZ002633,stock,28.14003740787506,0.0,28.14003740787506
18,2019-02-01,SZ002890,stock,28.162854595184324,0.0,28.162854595184324
19,2019-02-01,SZ300029,stock,5.0,0.0,5.0
20,2019-02-01,SZ300405,stock,5.0,0.0,5.0
21,2019-02-01,SZ300592,stock,5.0,0.0,5.0
22,2019-03-01,SZ002072,stock,5.0,12.482413244247438,17.48241324424744
23,2019-03-01,SZ002890,stock,33.91555698394775,113.05185661315919,146.96741359710694
24,2019-03-01,SZ300029,stock,5.0,2.6670076847076416,7.667007684707642
25,2019-03-01,SH600306,stock,34.2080195903778,0.0,34.2080195903778
26,2019-03-01,SZ002200,stock,5.0,0.0,5.0
27,2019-03-01,SZ002633,stock,5.0,0.0,5.0
28,2019-03-01,SZ300106,stock,5.0,0.0,5.0
29,2019-03-01,SZ300321,stock,5.0,0.0,5.0
30,2019-03-01,SZ300405,stock,5.0,0.0,5.0
31,2019-03-01,SZ300489,stock,5.0,0.0,5.0
32,2019-04-01,SZ002633,stock,42.17901389122009,140.59671297073365,182.77572686195373
33,2019-04-01,SZ300029,stock,5.0,2.3663455963134767,7.366345596313477
34,2019-04-01,SZ300321,stock,37.373122186660765,124.5770739555359,161.95019614219666
35,2019-04-01,SZ300489,stock,5.0,6.165047836303711,11.16504783630371
36,2019-04-01,SZ300592,stock,5.0,3.4210378646850588,8.421037864685058
37,2019-04-01,SH600306,stock,5.0,0.0,5.0
38,2019-04-01,SZ002072,stock,5.824513092041015,0.0,5.824513092041015
39,2019-04-01,SZ002200,stock,5.0,0.0,5.0
40,2019-04-01,SZ300106,stock,5.0,0.0,5.0
41,2019-04-01,SZ300405,stock,5.0,0.0,5.0
42,2019-04-01,SZ300665,stock,37.60447082519531,0.0,37.60447082519531
43,2019-04-01,SZ300680,stock,37.53409662723541,0.0,37.53409662723541
44,2019-05-06,SH600306,stock,34.38713085651398,114.62376952171326,149.01090037822723
46,2019-05-06,SZ002200,stock,39.86755339622497,132.89184465408326,172.75939805030822
47,2019-05-06,SZ300106,stock,38.17889225006103,127.26297416687012,165.44186641693116
48,2019-05-06,SZ300405,stock,61.875528402328484,206.25176134109498,268.1272897434235
49,2019-05-06,SZ300489,stock,40.991797571182246,136.63932523727416,177.6311228084564
50,2019-05-06,SZ300680,stock,38.73202637672424,129.10675458908082,167.83878096580506
51,2019-05-06,SH603029,stock,38.527756977081296,0.0,38.527756977081296
52,2019-05-06,SH603269,stock,38.35246261596679,0.0,38.35246261596679
53,2019-05-06,SH603286,stock,38.292485275268554,0.0,38.292485275268554
54,2019-05-06,SZ002890,stock,38.295824146270746,0.0,38.295824146270746
55,2019-05-06,SZ300029,stock,5.0,0.0,5.0
56,2019-05-06,SZ300321,stock,38.120660591125485,0.0,38.120660591125485
57,2019-05-06,SZ300354,stock,38.458204650878905,0.0,38.458204650878905
58,2019-05-06,SZ300442,stock,20.00543107509613,0.0,20.00543107509613
61,2019-06-03,SZ002072,stock,31.552179965972897,105.17393321990967,136.72611318588258
62,2019-06-03,SZ300029,stock,5.0,16.110202074050903,21.110202074050903
63,2019-06-03,SZ300321,stock,39.557976436614986,131.8599214553833,171.41789789199828
64,2019-06-03,SZ300354,stock,45.62031383514404,152.06771278381348,197.6880266189575
65,2019-06-03,SZ300442,stock,21.00763425350189,70.02544751167298,91.03308176517487
67,2019-06-03,SH600306,stock,41.65986911773681,0.0,41.65986911773681
68,2019-06-03,SH603029,stock,5.0,0.0,5.0
69,2019-06-03,SH603269,stock,5.0,0.0,5.0
70,2019-06-03,SH603286,stock,5.0,0.0,5.0
71,2019-06-03,SZ000691,stock,41.70350761413574,0.0,41.70350761413574
72,2019-06-03,SZ000835,stock,41.722475337982175,0.0,41.722475337982175
73,2019-06-03,SZ002473,stock,10.285711011886596,0.0,10.285711011886596
77,2019-07-01,SH603029,stock,43.20939502716064,144.03131675720215,187.2407117843628
78,2019-07-01,SH603269,stock,5.0,1.8406106948852539,6.840610694885254
79,2019-07-01,SH603286,stock,5.0,1.5737387657165527,6.573738765716553
80,2019-07-01,SZ000835,stock,44.236678290367124,147.45559430122375,191.6922725915909
81,2019-07-01,SZ300029,stock,5.0,5.469968414306641,10.469968414306642
82,2019-07-01,SH600401,stock,42.86399904191494,0.0,42.86399904191494
83,2019-07-01,SZ000691,stock,5.0,0.0,5.0
84,2019-07-01,SZ002473,stock,32.477860107421876,0.0,32.477860107421876
85,2019-07-01,SZ002890,stock,5.0,0.0,5.0
86,2019-07-01,SZ300321,stock,12.407282638549804,0.0,12.407282638549804
88,2019-07-01,SZ300665,stock,5.0,0.0,5.0
90,2019-08-01,SH603269,stock,43.1372848033905,143.790949344635,186.92823414802552
91,2019-08-01,SH603286,stock,42.16505184173584,140.55017280578613,182.71522464752198
92,2019-08-01,SZ000691,stock,5.0,4.398272228240967,9.398272228240966
93,2019-08-01,SZ300029,stock,5.0,1.2977089881896973,6.297708988189697
94,2019-08-01,SH600306,stock,6.614085459709167,0.0,6.614085459709167
95,2019-08-01,SZ002209,stock,40.2722835445404,0.0,40.2722835445404
96,2019-08-01,SZ002633,stock,39.87400108337402,0.0,39.87400108337402
101,2019-09-02,SZ002473,stock,5.0,8.063780784606934,13.063780784606934
102,2019-09-02,SZ002890,stock,5.0,1.8818597793579102,6.88185977935791
103,2019-09-02,SZ300029,stock,5.0,0.6321277141571046,5.632127714157105
104,2019-09-02,SZ300592,stock,34.70054921150207,115.66849737167358,150.36904658317565
105,2019-09-02,SH600306,stock,5.0,0.0,5.0
106,2019-09-02,SH603269,stock,36.18790603637695,0.0,36.18790603637695
113,2019-10-08,SZ002209,stock,5.0,1.350682258605957,6.350682258605957
114,2019-10-08,SZ002473,stock,42.60335998535156,142.01119995117188,184.61455993652345
115,2019-10-08,SZ002890,stock,40.44782535552978,134.82608451843262,175.2739098739624
116,2019-10-08,SZ300321,stock,12.141311531066894,40.47103843688965,52.61234996795655
117,2019-10-08,SH600306,stock,5.0,0.0,5.0
118,2019-10-08,SH603269,stock,5.0,0.0,5.0
119,2019-10-08,SH603286,stock,39.76443383216858,0.0,39.76443383216858
120,2019-10-08,SZ000679,stock,39.74586052179336,0.0,39.74586052179336
121,2019-10-08,SZ000691,stock,5.0,0.0,5.0
122,2019-10-08,SZ002633,stock,5.0,0.0,5.0
123,2019-10-08,SZ300029,stock,5.0,0.0,5.0
124,2019-10-08,SZ300592,stock,6.309207344055175,0.0,6.309207344055175
127,2019-11-01,SH603269,stock,5.0,1.7448881149291993,6.744888114929199
128,2019-11-01,SH603286,stock,40.49709900856018,134.99033002853395,175.48742903709413
129,2019-11-01,SZ000679,stock,41.283305947780605,137.61101982593536,178.89432577371596
130,2019-11-01,SZ300029,stock,5.0,7.175427198410034,12.175427198410034
131,2019-11-01,SZ300592,stock,6.738656616210937,22.462188720703125,29.200845336914064
132,2019-11-01,SH600306,stock,5.0,0.0,5.0
133,2019-11-01,SH600747,stock,5.0,0.0,5.0
134,2019-11-01,SH603991,stock,39.64680782318115,0.0,39.64680782318115
135,2019-11-01,SZ000691,stock,5.0,0.0,5.0
136,2019-11-01,SZ000835,stock,39.89822348356247,0.0,39.89822348356247
137,2019-11-01,SZ002209,stock,5.0,0.0,5.0
138,2019-11-01,SZ002633,stock,5.0,0.0,5.0
139,2019-11-01,SZ300665,stock,5.0,0.0,5.0
141,2019-12-02,SZ000835,stock,51.14431622028351,170.4810540676117,221.6253702878952
142,2019-12-02,SZ002209,stock,41.44233291149139,138.1411097049713,179.58344261646272
143,2019-12-02,SZ300029,stock,38.62375986099243,128.7458662033081,167.36962606430055
144,2019-12-02,SH600306,stock,5.0,0.0,5.0
145,2019-12-02,SH600747,stock,36.79857907891273,0.0,36.79857907891273
146,2019-12-02,SH603269,stock,5.0,0.0,5.0
147,2019-12-02,SH603991,stock,5.0,0.0,5.0
148,2019-12-02,SZ000691,stock,5.0,0.0,5.0
149,2019-12-02,SZ000929,stock,39.94625573158264,0.0,39.94625573158264
150,2019-12-02,SZ002633,stock,5.0,0.0,5.0
151,2019-12-02,SZ300362,stock,40.01635974884033,0.0,40.01635974884033
152,2019-12-02,SZ300431,stock,5.226861248016357,0.0,5.226861248016357
154,2020-01-02,SH600306,stock,5.0,1.1397605895996095,6.139760589599609
157,2020-01-02,SH603269,stock,5.0,2.5277478218078615,7.5277478218078615
158,2020-01-02,SH603991,stock,5.0,3.4402053833007815,8.440205383300782
159,2020-01-02,SZ000691,stock,43.28322857379913,144.27742857933046,187.5606571531296
160,2020-01-02,SZ000929,stock,5.0,2.783928108215332,7.783928108215332
161,2020-01-02,SZ002633,stock,5.0,5.993824768066406,10.993824768066407
162,2020-01-02,SZ300665,stock,37.7478499174118,125.82616639137268,163.57401630878448
163,2020-01-02,SH600240,stock,41.612170645594595,0.0,41.612170645594595
164,2020-01-02,SZ000679,stock,41.5749792265892,0.0,41.5749792265892
165,2020-01-02,SZ300029,stock,5.0,0.0,5.0
166,2020-01-02,SZ300362,stock,5.0,0.0,5.0
181,2020-02-03,SZ300362,stock,5.0,0.0,5.0
187,2020-03-02,SH603269,stock,39.648938140869134,132.16312713623046,171.81206527709958
188,2020-03-02,SZ002633,stock,38.219249281883236,127.39749760627747,165.61674688816072
189,2020-03-02,SH600241,stock,38.563907504081726,0.0,38.563907504081726
190,2020-03-02,SH600306,stock,5.0,0.0,5.0
191,2020-03-02,SH600561,stock,34.213353052139276,0.0,34.213353052139276
202,2020-04-01,SH603991,stock,46.099433898925774,153.66477966308594,199.76421356201172
203,2020-04-01,SZ000929,stock,39.23047614097595,130.76825380325317,169.99872994422913
204,2020-04-01,SZ300029,stock,5.0,8.0447021484375,13.0447021484375
205,2020-04-01,SH600241,stock,5.0,0.0,5.0
206,2020-04-01,SH600306,stock,5.0,0.0,5.0
207,2020-04-01,SH600561,stock,5.0,0.0,5.0
208,2020-04-01,SH600599,stock,38.88588592529297,0.0,38.88588592529297
209,2020-04-01,SH603389,stock,38.814413523674006,0.0,38.814413523674006
210,2020-04-01,SZ000679,stock,5.0,0.0,5.0
211,2020-04-01,SZ000691,stock,5.0,0.0,5.0
213,2020-04-01,SZ300362,stock,5.0,0.0,5.0
216,2020-05-06,SH600241,stock,31.558650705814358,105.19550235271454,136.7541530585289
219,2020-05-06,SH600561,stock,5.0,3.2132357597351073,8.213235759735108
221,2020-05-06,SH603389,stock,32.657969634532925,108.85989878177644,141.51786841630937
222,2020-05-06,SZ000679,stock,32.16144132614136,107.20480442047119,139.36624574661255
223,2020-05-06,SZ000691,stock,5.0,4.37916898727417,9.37916898727417
226,2020-05-06,SH600074,stock,35.28763723790645,0.0,35.28763723790645
227,2020-05-06,SH600599,stock,5.0,0.0,5.0
228,2020-05-06,SZ000835,stock,35.21554495811462,0.0,35.21554495811462
229,2020-05-06,SZ000929,stock,27.492763352394103,0.0,27.492763352394103
241,2020-06-01,SZ000835,stock,5.0,4.06266942024231,9.06266942024231
242,2020-06-01,SZ000929,stock,29.179114537239073,97.26371512413026,126.44282966136933
244,2020-06-01,SH600561,stock,5.0,0.0,5.0
246,2020-06-01,SZ002209,stock,29.49856567382812,0.0,29.49856567382812
249,2020-06-01,SZ300090,stock,5.0,0.0,5.0
255,2020-07-01,SH600306,stock,40.61309115886688,135.37697052955627,175.99006168842317
257,2020-07-01,SH600561,stock,5.0,7.923629093170166,12.923629093170167
258,2020-07-01,SH600599,stock,30.068142843246456,100.22714281082153,130.29528565406798
264,2020-07-01,SH600768,stock,34.0602886390686,0.0,34.0602886390686
265,2020-07-01,SH603269,stock,34.31545509338378,0.0,34.31545509338378
266,2020-07-01,SZ000929,stock,5.0,0.0,5.0
276,2020-08-03,SH600561,stock,37.34074366092682,124.46914553642273,161.80988919734955
278,2020-08-03,SH600768,stock,38.017754516601556,126.72584838867188,164.74360290527343
279,2020-08-03,SH603269,stock,38.27485536575317,127.58285121917724,165.8577065849304
280,2020-08-03,SZ000835,stock,24.869273242950438,82.89757747650147,107.76685071945191
281,2020-08-03,SZ300090,stock,5.0,0.04799999892711639,5.047999998927116
284,2020-08-03,SH600069,stock,35.35317485779524,0.0,35.35317485779524
285,2020-08-03,SH600365,stock,35.317284550666805,0.0,35.317284550666805
286,2020-08-03,SZ000502,stock,35.20845439910888,0.0,35.20845439910888
287,2020-08-03,SZ000929,stock,30.245916309356687,0.0,30.245916309356687
288,2020-08-03,SZ002209,stock,5.0,0.0,5.0
289,2020-08-03,SZ002633,stock,5.0,0.0,5.0
297,2020-09-01,SH600365,stock,30.076296715736387,100.25432238578797,130.33061910152435
300,2020-09-01,SZ000502,stock,5.0,9.892760467529298,14.892760467529298
301,2020-09-01,SZ000929,stock,5.0,3.115384864807129,8.11538486480713
302,2020-09-01,SZ002209,stock,5.0,0.7141603946685792,5.714160394668579
305,2020-09-01,SH600520,stock,34.062862129211425,0.0,34.062862129211425
306,2020-09-01,SH600561,stock,5.0,0.0,5.0
317,2020-10-09,SZ000502,stock,35.727497978210444,119.09165992736817,154.8191579055786
318,2020-10-09,SZ000929,stock,39.899283428192135,132.99761142730713,172.89689485549928
321,2020-10-09,SH600520,stock,5.905694503784179,0.0,5.905694503784179
322,2020-10-09,SH600561,stock,36.757131814956665,0.0,36.757131814956665
323,2020-10-09,SH600768,stock,32.8154984664917,0.0,32.8154984664917
335,2020-11-02,SH600561,stock,40.222197289466855,134.07399096488953,174.2961882543564
337,2020-11-02,SZ002209,stock,37.90996563434601,126.3665521144867,164.2765177488327
339,2020-11-02,SZ300431,stock,5.0,1.4560000061988831,6.456000006198883
340,2020-11-02,SH600355,stock,37.03055394172668,0.0,37.03055394172668
341,2020-11-02,SH600506,stock,36.92936794281005,0.0,36.92936794281005
342,2020-11-02,SH600520,stock,5.0,0.0,5.0
343,2020-11-02,SH600768,stock,5.0,0.0,5.0
353,2020-12-01,SH600355,stock,5.0,1.752527904510498,6.752527904510498
355,2020-12-01,SH600506,stock,39.18060562133789,130.60201873779297,169.78262435913086
356,2020-12-01,SH600520,stock,5.0,1.5464337348937989,6.546433734893799
359,2020-12-01,SH600561,stock,37.71995415687561,0.0,37.71995415687561
360,2020-12-01,SH600768,stock,5.0,0.0,5.0
387,2021-02-01,SH600520,stock,31.935454444885252,106.45151481628419,138.38696926116944
388,2021-02-01,SH600561,stock,28.209985942840575,94.03328647613526,122.24327241897583
391,2021-02-01,SH600355,stock,7.747551555633544,0.0,7.747551555633544
392,2021-02-01,SH600687,stock,34.19983187913894,0.0,34.19983187913894
393,2021-02-01,SH600766,stock,18.043659210205078,0.0,18.043659210205078
404,2021-03-01,SH600355,stock,5.0,4.577553534507752,9.577553534507752
410,2021-03-01,SH600086,stock,5.0,0.0,5.0
423,2021-04-01,SH600355,stock,5.0,3.8429301738739015,8.842930173873901
428,2021-04-01,SH600520,stock,5.0,0.0,5.0
429,2021-04-01,SH600701,stock,5.0,0.0,5.0
461,2021-06-01,SH600355,stock,39.796103997230524,132.65367999076844,172.44978398799896
466,2021-06-01,SH600766,stock,16.799989700317383,55.99996566772461,72.79995536804199
468,2021-06-01,SH600455,stock,34.863028564453124,0.0,34.863028564453124
469,2021-06-01,SH600520,stock,21.465494098663328,0.0,21.465494098663328
470,2021-06-01,SH600561,stock,5.0,0.0,5.0
483,2021-07-01,SH600520,stock,29.412528476715085,98.0417615890503,127.45429006576538
488,2021-07-01,SH600455,stock,5.0,0.0,5.0
489,2021-07-01,SH600561,stock,28.280237345695493,0.0,28.280237345695493
506,2021-08-02,SZ300362,stock,11.931300035119056,39.77100011706352,51.70230015218258
507,2021-08-02,SH600455,stock,5.0,0.0,5.0
508,2021-08-02,SH600561,stock,7.048125400543213,0.0,7.048125400543213
509,2021-08-02,SH600768,stock,5.0,0.0,5.0
510,2021-08-02,SH603029,stock,5.0,0.0,5.0
512,2021-08-02,SH603389,stock,5.0,0.0,5.0
522,2021-09-01,SH600455,stock,5.0,9.518072128295898,14.518072128295898
523,2021-09-01,SH600561,stock,43.326141843795774,144.4204728126526,187.74661465644837
527,2021-09-01,SH603029,stock,5.0,10.779459953308105,15.779459953308105
528,2021-09-01,SH603389,stock,5.0,0.5234705924987793,5.5234705924987795
529,2021-09-01,SH600768,stock,5.0,0.0,5.0
530,2021-09-01,SH603269,stock,36.21302521705627,0.0,36.21302521705627
531,2021-09-01,SH603709,stock,12.237476348876951,0.0,12.237476348876951
533,2021-09-01,SZ000702,stock,5.0,0.0,5.0
543,2021-10-08,SH600455,stock,5.0,1.9037622451782228,6.903762245178223
547,2021-10-08,SH603269,stock,36.46584219932556,121.5528073310852,158.01864953041076
548,2021-10-08,SH600520,stock,35.763259005546566,0.0,35.763259005546566
549,2021-10-08,SH600768,stock,5.0,0.0,5.0
565,2021-11-01,SH603709,stock,11.263979673385618,37.5465989112854,48.81057858467102
566,2021-11-01,SH600455,stock,5.0,0.0,5.0
567,2021-11-01,SH600520,stock,5.0,0.0,5.0
568,2021-11-01,SH600768,stock,5.0,0.0,5.0
569,2021-11-01,SH603029,stock,7.160376434326171,0.0,7.160376434326171
581,2021-12-01,SH600455,stock,43.2755419921875,144.251806640625,187.5273486328125
582,2021-12-01,SH600520,stock,43.52181106567382,145.0727035522461,188.59451461791994
586,2021-12-01,SH600768,stock,5.0,9.449859619140625,14.449859619140625
587,2021-12-01,SH600561,stock,37.56294446468353,0.0,37.56294446468353
588,2021-12-01,SH603029,stock,29.525858459472655,0.0,29.525858459472655
589,2021-12-01,SH603709,stock,22.077573165893554,0.0,22.077573165893554
591,2021-12-01,SZ000702,stock,5.0,0.0,5.0
601,2022-01-04,SH600561,stock,40.97873910427093,136.59579701423647,177.5745361185074
605,2022-01-04,SH603029,stock,5.0,4.333945846557618,9.333945846557619
606,2022-01-04,SH600768,stock,5.0,0.0,5.0
607,2022-01-04,SH600778,stock,38.32890083312988,0.0,38.32890083312988
608,2022-01-04,SH603389,stock,5.0,0.0,5.0
623,2022-02-07,SH600778,stock,37.31249422073364,124.3749807357788,161.68747495651246
624,2022-02-07,SH600768,stock,5.0,0.0,5.0
625,2022-02-07,SH603389,stock,34.35809789657593,0.0,34.35809789657593
626,2022-02-07,SH603709,stock,5.0,0.0,5.0
641,2022-03-01,SH600768,stock,5.0,8.175425720214843,13.175425720214843
642,2022-03-01,SH603029,stock,50.78162504196167,169.27208347320558,220.05370851516724
643,2022-03-01,SH600778,stock,39.758887596130364,0.0,39.758887596130364
644,2022-03-01,SH603389,stock,5.0,0.0,5.0
645,2022-03-01,SH603709,stock,12.549149036407469,0.0,12.549149036407469
660,2022-04-01,SH600778,stock,43.8870506286621,146.29016876220703,190.17721939086914
661,2022-04-01,SH603389,stock,42.057194709777825,140.19064903259277,182.2478437423706
662,2022-04-01,SZ000702,stock,5.0,1.6955790996551514,6.695579099655151
663,2022-04-01,SH600455,stock,39.74389469146728,0.0,39.74389469146728
664,2022-04-01,SH600768,stock,5.0,0.0,5.0
665,2022-04-01,SH603709,stock,5.0,0.0,5.0
666,2022-04-01,SH603958,stock,40.223527622222896,0.0,40.223527622222896
669,2022-04-01,SZ002417,stock,5.0,0.0,5.0
681,2022-05-05,SH603958,stock,32.56541469097137,108.55138230323792,141.1167969942093
682,2022-05-05,SZ002417,stock,5.0,0.48610382080078124,5.486103820800781
683,2022-05-05,SH600455,stock,5.0,0.0,5.0
684,2022-05-05,SH600768,stock,5.0,0.0,5.0
685,2022-05-05,SH603157,stock,23.782196288108825,0.0,23.782196288108825
688,2022-05-05,SH603996,stock,5.0,0.0,5.0
698,2022-06-01,SH600455,stock,5.0,9.674589157104492,14.674589157104492
702,2022-06-01,SH600768,stock,5.0,12.625991249084473,17.62599124908447
704,2022-06-01,SH603709,stock,37.665762434005735,125.5525414466858,163.21830388069154
706,2022-06-01,SZ002633,stock,5.0,1.690291976928711,6.690291976928711
707,2022-06-01,SH600091,stock,38.688003458976745,0.0,38.688003458976745
708,2022-06-01,SH600093,stock,6.096320877671241,0.0,6.096320877671241
725,2022-07-01,SH600768,stock,5.0,2.745140361785889,7.745140361785889
728,2022-07-01,SH600555,stock,5.0,0.0,5.0
743,2022-08-01,SH600455,stock,5.0,10.620585441589355,15.620585441589355
748,2022-08-01,SH600768,stock,5.0,7.926930236816406,12.926930236816407
751,2022-08-01,SH603709,stock,5.416813087463378,0.0,5.416813087463378
770,2022-09-01,SH600768,stock,5.0,2.0161752700805664,7.016175270080566
773,2022-09-01,SH600455,stock,5.0,0.0,5.0
834,2022-12-01,SH600455,stock,5.0,2.129742431640625,7.129742431640625
841,2022-12-01,SH600768,stock,5.0,0.0,5.0
857,2023-01-03,SH600455,stock,40.46887887954711,134.89626293182374,175.36514181137085
864,2023-01-03,SH600768,stock,5.0,0.0,5.0
865,2023-01-03,SH603709,stock,33.73555008888244,0.0,33.73555008888244
866,2023-01-03,SH603729,stock,5.0,0.0,5.0
885,2023-02-01,SH600768,stock,45.70899770736694,152.36332569122314,198.07232339859007
887,2023-02-01,SH603709,stock,5.0,8.387951850891113,13.387951850891113
889,2023-02-01,SH603729,stock,35.674514007568355,0.0,35.674514007568355
890,2023-02-01,SH688004,stock,11.919514617919921,0.0,11.919514617919921
891,2023-02-01,SH688067,stock,5.0,0.0,5.0
910,2023-03-01,SH603709,stock,43.617668266296384,145.3922275543213,189.0098958206177
913,2023-03-01,SH603729,stock,5.0,0.0,5.0
914,2023-03-01,SH688067,stock,39.69219806671142,0.0,39.69219806671142
915,2023-03-01,SH688096,stock,5.0,0.0,5.0
935,2023-04-03,SH603729,stock,42.51286560058593,141.70955200195314,184.22241760253908
937,2023-04-03,SH688004,stock,15.96704526901245,53.22348423004151,69.19052949905395
938,2023-04-03,SH688067,stock,39.41671337127685,131.38904457092286,170.8057579421997
939,2023-04-03,SH688096,stock,5.0,11.142455291748048,16.14245529174805
940,2023-04-03,SH600242,stock,41.101168795824044,0.0,41.101168795824044
941,2023-04-03,SH600781,stock,41.089499148130415,0.0,41.089499148130415
942,2023-04-03,SH603030,stock,18.97203093767166,0.0,18.97203093767166
982,2023-06-01,SH600242,stock,10.018554609417915,33.39518203139305,43.41373664081097
990,2023-06-01,SH600077,stock,10.022681536674499,0.0,10.022681536674499
