execution_date,observation_date,universe_count,reported_candidate_count,symbol,rank,selected
2019-01-02,2018-12-28,3453,1883,SZ000636,1,True
2019-01-02,2018-12-28,3453,1883,SH600097,2,True
2019-01-02,2018-12-28,3453,1883,SH600230,3,True
2019-01-02,2018-12-28,3453,1883,SZ300159,4,True
2019-01-02,2018-12-28,3453,1883,SH600596,5,True
2019-01-02,2018-12-28,3453,1883,SH600382,6,True
2019-01-02,2018-12-28,3453,1883,SZ300061,7,True
2019-01-02,2018-12-28,3453,1883,SZ000910,8,True
2019-01-02,2018-12-28,3453,1883,SZ000791,9,True
2019-01-02,2018-12-28,3453,1883,SH603980,10,True
2019-01-02,2018-12-28,3453,1883,SH601126,11,True
2019-01-02,2018-12-28,3453,1883,SZ002884,12,True
2019-01-02,2018-12-28,3453,1883,SZ002530,13,True
2019-01-02,2018-12-28,3453,1883,SH600383,14,True
2019-01-02,2018-12-28,3453,1883,SZ002396,15,True
2019-01-02,2018-12-28,3453,1883,SZ002541,16,True
2019-01-02,2018-12-28,3453,1883,SH603669,17,True
2019-01-02,2018-12-28,3453,1883,SH600668,18,True
2019-01-02,2018-12-28,3453,1883,SZ300145,19,True
2019-01-02,2018-12-28,3453,1883,SH600720,20,True
2019-02-01,2019-01-31,3474,1899,SH600097,1,True
2019-02-01,2019-01-31,3474,1899,SZ000636,2,True
2019-02-01,2019-01-31,3474,1899,SH600230,3,True
2019-02-01,2019-01-31,3474,1899,SZ300159,4,True
2019-02-01,2019-01-31,3474,1899,SH600596,5,True
2019-02-01,2019-01-31,3474,1899,SZ000791,6,True
2019-02-01,2019-01-31,3474,1899,SH600382,7,True
2019-02-01,2019-01-31,3474,1899,SZ002530,8,True
2019-02-01,2019-01-31,3474,1899,SZ000910,9,True
2019-02-01,2019-01-31,3474,1899,SH603980,10,True
2019-02-01,2019-01-31,3474,1899,SH600668,11,True
2019-02-01,2019-01-31,3474,1899,SZ300145,12,True
2019-02-01,2019-01-31,3474,1899,SZ002884,13,True
2019-02-01,2019-01-31,3474,1899,SZ002517,14,True
2019-02-01,2019-01-31,3474,1899,SH603669,15,True
2019-02-01,2019-01-31,3474,1899,SZ001914,16,True
2019-02-01,2019-01-31,3474,1899,SZ300061,17,True
2019-02-01,2019-01-31,3474,1899,SH600720,18,True
2019-02-01,2019-01-31,3474,1899,SZ002359,19,True
2019-02-01,2019-01-31,3474,1899,SZ002541,20,True
2019-03-01,2019-02-28,3487,1813,SH600097,1,True
2019-03-01,2019-02-28,3487,1813,SZ000636,2,True
2019-03-01,2019-02-28,3487,1813,SH600230,3,True
2019-03-01,2019-02-28,3487,1813,SH600596,4,True
2019-03-01,2019-02-28,3487,1813,SZ300159,5,True
2019-03-01,2019-02-28,3487,1813,SZ000791,6,True
2019-03-01,2019-02-28,3487,1813,SH600382,7,True
2019-03-01,2019-02-28,3487,1813,SH603980,8,True
2019-03-01,2019-02-28,3487,1813,SZ002884,9,True
2019-03-01,2019-02-28,3487,1813,SZ000910,10,True
2019-03-01,2019-02-28,3487,1813,SZ002541,11,True
2019-03-01,2019-02-28,3487,1813,SH600668,12,True
2019-03-01,2019-02-28,3487,1813,SH600383,13,True
2019-03-01,2019-02-28,3487,1813,SZ002406,14,True
2019-03-01,2019-02-28,3487,1813,SH601126,15,True
2019-03-01,2019-02-28,3487,1813,SZ002396,16,True
2019-03-01,2019-02-28,3487,1813,SH600720,17,True
2019-03-01,2019-02-28,3487,1813,SZ002530,18,True
2019-03-01,2019-02-28,3487,1813,SZ001914,19,True
2019-03-01,2019-02-28,3487,1813,SH603858,20,True
2019-04-01,2019-03-29,3495,1793,SH600097,1,True
2019-04-01,2019-03-29,3495,1793,SH600823,2,True
2019-04-01,2019-03-29,3495,1793,SH600596,3,True
2019-04-01,2019-03-29,3495,1793,SH600971,4,True
2019-04-01,2019-03-29,3495,1793,SZ000910,5,True
2019-04-01,2019-03-29,3495,1793,SH601006,6,True
2019-04-01,2019-03-29,3495,1793,SH603980,7,True
2019-04-01,2019-03-29,3495,1793,SZ300230,8,True
2019-04-01,2019-03-29,3495,1793,SZ000919,9,True
2019-04-01,2019-03-29,3495,1793,SH600668,10,True
2019-04-01,2019-03-29,3495,1793,SZ300061,11,True
2019-04-01,2019-03-29,3495,1793,SH600782,12,True
2019-04-01,2019-03-29,3495,1793,SZ002406,13,True
2019-04-01,2019-03-29,3495,1793,SZ000402,14,True
2019-04-01,2019-03-29,3495,1793,SH603858,15,True
2019-04-01,2019-03-29,3495,1793,SH600051,16,True
2019-04-01,2019-03-29,3495,1793,SH600884,17,True
2019-04-01,2019-03-29,3495,1793,SZ002541,18,True
2019-04-01,2019-03-29,3495,1793,SZ002150,19,True
2019-04-01,2019-03-29,3495,1793,SH600801,20,True
2019-05-06,2019-04-30,3506,1306,SZ002195,1,True
2019-05-06,2019-04-30,3506,1306,SH600261,2,True
2019-05-06,2019-04-30,3506,1306,SZ000919,3,True
2019-05-06,2019-04-30,3506,1306,SH600269,4,True
2019-05-06,2019-04-30,3506,1306,SH600382,5,True
2019-05-06,2019-04-30,3506,1306,SZ000581,6,True
2019-05-06,2019-04-30,3506,1306,SZ000636,7,True
2019-05-06,2019-04-30,3506,1306,SH600173,8,True
2019-05-06,2019-04-30,3506,1306,SH601006,9,True
2019-05-06,2019-04-30,3506,1306,SZ000999,10,True
2019-05-06,2019-04-30,3506,1306,SH600677,11,True
2019-05-06,2019-04-30,3506,1306,SH600694,12,True
2019-05-06,2019-04-30,3506,1306,SZ002406,13,True
2019-05-06,2019-04-30,3506,1306,SH600587,14,True
2019-05-06,2019-04-30,3506,1306,SZ002884,15,True
2019-05-06,2019-04-30,3506,1306,SZ002635,16,True
2019-05-06,2019-04-30,3506,1306,SH600603,17,True
2019-05-06,2019-04-30,3506,1306,SH603585,18,True
2019-05-06,2019-04-30,3506,1306,SH600426,19,True
2019-05-06,2019-04-30,3506,1306,SH600328,20,True
2019-06-03,2019-05-31,3513,1311,SZ002195,1,True
2019-06-03,2019-05-31,3513,1311,SH600261,2,True
2019-06-03,2019-05-31,3513,1311,SZ000919,3,True
2019-06-03,2019-05-31,3513,1311,SZ000636,4,True
2019-06-03,2019-05-31,3513,1311,SH600269,5,True
2019-06-03,2019-05-31,3513,1311,SH600382,6,True
2019-06-03,2019-05-31,3513,1311,SZ002884,7,True
2019-06-03,2019-05-31,3513,1311,SZ000999,8,True
2019-06-03,2019-05-31,3513,1311,SZ000581,9,True
2019-06-03,2019-05-31,3513,1311,SH600173,10,True
2019-06-03,2019-05-31,3513,1311,SZ002635,11,True
2019-06-03,2019-05-31,3513,1311,SH600677,12,True
2019-06-03,2019-05-31,3513,1311,SH601006,13,True
2019-06-03,2019-05-31,3513,1311,SZ002406,14,True
2019-06-03,2019-05-31,3513,1311,SZ000789,15,True
2019-06-03,2019-05-31,3513,1311,SH600516,16,True
2019-06-03,2019-05-31,3513,1311,SH600694,17,True
2019-06-03,2019-05-31,3513,1311,SH601222,18,True
2019-06-03,2019-05-31,3513,1311,SH600062,19,True
2019-06-03,2019-05-31,3513,1311,SH600603,20,True
2019-07-01,2019-06-28,3520,1315,SZ002195,1,True
2019-07-01,2019-06-28,3520,1315,SH600261,2,True
2019-07-01,2019-06-28,3520,1315,SZ000919,3,True
2019-07-01,2019-06-28,3520,1315,SZ000636,4,True
2019-07-01,2019-06-28,3520,1315,SH600269,5,True
2019-07-01,2019-06-28,3520,1315,SH600382,6,True
2019-07-01,2019-06-28,3520,1315,SH601006,7,True
2019-07-01,2019-06-28,3520,1315,SZ000581,8,True
2019-07-01,2019-06-28,3520,1315,SZ002884,9,True
2019-07-01,2019-06-28,3520,1315,SH600173,10,True
2019-07-01,2019-06-28,3520,1315,SH600694,11,True
2019-07-01,2019-06-28,3520,1315,SH600677,12,True
2019-07-01,2019-06-28,3520,1315,SZ002635,13,True
2019-07-01,2019-06-28,3520,1315,SZ002406,14,True
2019-07-01,2019-06-28,3520,1315,SH600516,15,True
2019-07-01,2019-06-28,3520,1315,SH603980,16,True
2019-07-01,2019-06-28,3520,1315,SZ000999,17,True
2019-07-01,2019-06-28,3520,1315,SH600062,18,True
2019-07-01,2019-06-28,3520,1315,SH601222,19,True
2019-07-01,2019-06-28,3520,1315,SH600603,20,True
2019-08-01,2019-07-31,3527,1332,SZ002195,1,True
2019-08-01,2019-07-31,3527,1332,SZ000919,2,True
2019-08-01,2019-07-31,3527,1332,SH600261,3,True
2019-08-01,2019-07-31,3527,1332,SZ000636,4,True
2019-08-01,2019-07-31,3527,1332,SZ002884,5,True
2019-08-01,2019-07-31,3527,1332,SH600269,6,True
2019-08-01,2019-07-31,3527,1332,SZ000789,7,True
2019-08-01,2019-07-31,3527,1332,SH600173,8,True
2019-08-01,2019-07-31,3527,1332,SZ000581,9,True
2019-08-01,2019-07-31,3527,1332,SH601006,10,True
2019-08-01,2019-07-31,3527,1332,SH603980,11,True
2019-08-01,2019-07-31,3527,1332,SH600694,12,True
2019-08-01,2019-07-31,3527,1332,SZ002635,13,True
2019-08-01,2019-07-31,3527,1332,SZ000155,14,True
2019-08-01,2019-07-31,3527,1332,SH600516,15,True
2019-08-01,2019-07-31,3527,1332,SZ000999,16,True
2019-08-01,2019-07-31,3527,1332,SZ002406,17,True
2019-08-01,2019-07-31,3527,1332,SZ300349,18,True
2019-08-01,2019-07-31,3527,1332,SH601222,19,True
2019-08-01,2019-07-31,3527,1332,SH600995,20,True
2019-09-02,2019-08-30,3530,1741,SH600449,1,True
2019-09-02,2019-08-30,3530,1741,SH600261,2,True
2019-09-02,2019-08-30,3530,1741,SH600720,3,True
2019-09-02,2019-08-30,3530,1741,SH600516,4,True
2019-09-02,2019-08-30,3530,1741,SH600823,5,True
2019-09-02,2019-08-30,3530,1741,SH600387,6,True
2019-09-02,2019-08-30,3530,1741,SH600376,7,True
2019-09-02,2019-08-30,3530,1741,SH603277,8,True
2019-09-02,2019-08-30,3530,1741,SH601567,9,True
2019-09-02,2019-08-30,3530,1741,SZ002406,10,True
2019-09-02,2019-08-30,3530,1741,SZ002195,11,True
2019-09-02,2019-08-30,3530,1741,SH600782,12,True
2019-09-02,2019-08-30,3530,1741,SZ300017,13,True
2019-09-02,2019-08-30,3530,1741,SZ000581,14,True
2019-09-02,2019-08-30,3530,1741,SH603608,15,True
2019-09-02,2019-08-30,3530,1741,SZ002444,16,True
2019-09-02,2019-08-30,3530,1741,SZ000789,17,True
2019-09-02,2019-08-30,3530,1741,SZ002150,18,True
2019-09-02,2019-08-30,3530,1741,SH600382,19,True
2019-09-02,2019-08-30,3530,1741,SH600328,20,True
2019-10-08,2019-09-30,3540,1760,SH600449,1,True
2019-10-08,2019-09-30,3540,1760,SZ002440,2,True
2019-10-08,2019-09-30,3540,1760,SH600261,3,True
2019-10-08,2019-09-30,3540,1760,SH600668,4,True
2019-10-08,2019-09-30,3540,1760,SZ002406,5,True
2019-10-08,2019-09-30,3540,1760,SZ000581,6,True
2019-10-08,2019-09-30,3540,1760,SH601019,7,True
2019-10-08,2019-09-30,3540,1760,SZ002195,8,True
2019-10-08,2019-09-30,3540,1760,SH603608,9,True
2019-10-08,2019-09-30,3540,1760,SH603898,10,True
2019-10-08,2019-09-30,3540,1760,SZ300017,11,True
2019-10-08,2019-09-30,3540,1760,SH600720,12,True
2019-10-08,2019-09-30,3540,1760,SZ002150,13,True
2019-10-08,2019-09-30,3540,1760,SH600782,14,True
2019-10-08,2019-09-30,3540,1760,SH603277,15,True
2019-10-08,2019-09-30,3540,1760,SH600382,16,True
2019-10-08,2019-09-30,3540,1760,SZ002444,17,True
2019-10-08,2019-09-30,3540,1760,SZ000719,18,True
2019-10-08,2019-09-30,3540,1760,SH600376,19,True
2019-10-08,2019-09-30,3540,1760,SH600387,20,True
2019-11-01,2019-10-31,3547,1824,SH600382,1,True
2019-11-01,2019-10-31,3547,1824,SH600449,2,True
2019-11-01,2019-10-31,3547,1824,SZ000910,3,True
2019-11-01,2019-10-31,3547,1824,SH600720,4,True
2019-11-01,2019-10-31,3547,1824,SZ002884,5,True
2019-11-01,2019-10-31,3547,1824,SZ000933,6,True
2019-11-01,2019-10-31,3547,1824,SH600510,7,True
2019-11-01,2019-10-31,3547,1824,SH600267,8,True
2019-11-01,2019-10-31,3547,1824,SZ000791,9,True
2019-11-01,2019-10-31,3547,1824,SZ002444,10,True
2019-11-01,2019-10-31,3547,1824,SH600261,11,True
2019-11-01,2019-10-31,3547,1824,SZ002150,12,True
2019-11-01,2019-10-31,3547,1824,SH601006,13,True
2019-11-01,2019-10-31,3547,1824,SH600097,14,True
2019-11-01,2019-10-31,3547,1824,SH601222,15,True
2019-11-01,2019-10-31,3547,1824,SZ000069,16,True
2019-11-01,2019-10-31,3547,1824,SZ000932,17,True
2019-11-01,2019-10-31,3547,1824,SH603886,18,True
2019-11-01,2019-10-31,3547,1824,SZ300625,19,True
2019-11-01,2019-10-31,3547,1824,SZ002664,20,True
2019-12-02,2019-11-29,3550,1825,SH600382,1,True
2019-12-02,2019-11-29,3550,1825,SH600510,2,True
2019-12-02,2019-11-29,3550,1825,SH600720,3,True
2019-12-02,2019-11-29,3550,1825,SZ002884,4,True
2019-12-02,2019-11-29,3550,1825,SZ000933,5,True
2019-12-02,2019-11-29,3550,1825,SH600449,6,True
2019-12-02,2019-11-29,3550,1825,SZ000910,7,True
2019-12-02,2019-11-29,3550,1825,SZ000791,8,True
2019-12-02,2019-11-29,3550,1825,SH600267,9,True
2019-12-02,2019-11-29,3550,1825,SH600261,10,True
2019-12-02,2019-11-29,3550,1825,SZ002444,11,True
2019-12-02,2019-11-29,3550,1825,SZ300625,12,True
2019-12-02,2019-11-29,3550,1825,SH603886,13,True
2019-12-02,2019-11-29,3550,1825,SH601222,14,True
2019-12-02,2019-11-29,3550,1825,SH600097,15,True
2019-12-02,2019-11-29,3550,1825,SZ000932,16,True
2019-12-02,2019-11-29,3550,1825,SZ000069,17,True
2019-12-02,2019-11-29,3550,1825,SZ002664,18,True
2019-12-02,2019-11-29,3550,1825,SH601006,19,True
2019-12-02,2019-11-29,3550,1825,SH603585,20,True
2020-01-02,2019-12-31,3554,1811,SH600382,1,True
2020-01-02,2019-12-31,3554,1811,SH600510,2,True
2020-01-02,2019-12-31,3554,1811,SH600449,3,True
2020-01-02,2019-12-31,3554,1811,SZ002884,4,True
2020-01-02,2019-12-31,3554,1811,SH600720,5,True
2020-01-02,2019-12-31,3554,1811,SZ000933,6,True
2020-01-02,2019-12-31,3554,1811,SH600267,7,True
2020-01-02,2019-12-31,3554,1811,SZ000910,8,True
2020-01-02,2019-12-31,3554,1811,SZ000791,9,True
2020-01-02,2019-12-31,3554,1811,SH600097,10,True
2020-01-02,2019-12-31,3554,1811,SH603886,11,True
2020-01-02,2019-12-31,3554,1811,SH600261,12,True
2020-01-02,2019-12-31,3554,1811,SZ002444,13,True
2020-01-02,2019-12-31,3554,1811,SZ300625,14,True
2020-01-02,2019-12-31,3554,1811,SH603858,15,True
2020-01-02,2019-12-31,3554,1811,SH601006,16,True
2020-01-02,2019-12-31,3554,1811,SZ000932,17,True
2020-01-02,2019-12-31,3554,1811,SH603585,18,True
2020-01-02,2019-12-31,3554,1811,SH601222,19,True
2020-01-02,2019-12-31,3554,1811,SH603458,20,True
2020-02-03,2020-01-23,3560,1799,SH600382,1,True
2020-02-03,2020-01-23,3560,1799,SH600449,2,True
2020-02-03,2020-01-23,3560,1799,SZ000933,3,True
2020-02-03,2020-01-23,3560,1799,SH600720,4,True
2020-02-03,2020-01-23,3560,1799,SZ002884,5,True
2020-02-03,2020-01-23,3560,1799,SZ000910,6,True
2020-02-03,2020-01-23,3560,1799,SH600510,7,True
2020-02-03,2020-01-23,3560,1799,SH600261,8,True
2020-02-03,2020-01-23,3560,1799,SZ000791,9,True
2020-02-03,2020-01-23,3560,1799,SH600267,10,True
2020-02-03,2020-01-23,3560,1799,SH600097,11,True
2020-02-03,2020-01-23,3560,1799,SH603585,12,True
2020-02-03,2020-01-23,3560,1799,SH603886,13,True
2020-02-03,2020-01-23,3560,1799,SZ300625,14,True
2020-02-03,2020-01-23,3560,1799,SH603858,15,True
2020-02-03,2020-01-23,3560,1799,SH601006,16,True
2020-02-03,2020-01-23,3560,1799,SZ000932,17,True
2020-02-03,2020-01-23,3560,1799,SZ300107,18,True
2020-02-03,2020-01-23,3560,1799,SH603277,19,True
2020-02-03,2020-01-23,3560,1799,SH601222,20,True
2020-03-02,2020-02-28,3574,1813,SH600382,1,True
2020-03-02,2020-02-28,3574,1813,SH600449,2,True
2020-03-02,2020-02-28,3574,1813,SZ000933,3,True
2020-03-02,2020-02-28,3574,1813,SZ300625,4,True
2020-03-02,2020-02-28,3574,1813,SZ000910,5,True
2020-03-02,2020-02-28,3574,1813,SH600261,6,True
2020-03-02,2020-02-28,3574,1813,SZ000791,7,True
2020-03-02,2020-02-28,3574,1813,SH603585,8,True
2020-03-02,2020-02-28,3574,1813,SH603886,9,True
2020-03-02,2020-02-28,3574,1813,SH600720,10,True
2020-03-02,2020-02-28,3574,1813,SH603458,11,True
2020-03-02,2020-02-28,3574,1813,SZ002724,12,True
2020-03-02,2020-02-28,3574,1813,SH600097,13,True
2020-03-02,2020-02-28,3574,1813,SZ300107,14,True
2020-03-02,2020-02-28,3574,1813,SZ002884,15,True
2020-03-02,2020-02-28,3574,1813,SZ002360,16,True
2020-03-02,2020-02-28,3574,1813,SH601006,17,True
2020-03-02,2020-02-28,3574,1813,SH600516,18,True
2020-03-02,2020-02-28,3574,1813,SH603858,19,True
2020-03-02,2020-02-28,3574,1813,SH600750,20,True
2020-04-01,2020-03-31,3583,1870,SZ000933,1,True
2020-04-01,2020-03-31,3583,1870,SZ000910,2,True
2020-04-01,2020-03-31,3583,1870,SZ000877,3,True
2020-04-01,2020-03-31,3583,1870,SH600382,4,True
2020-04-01,2020-03-31,3583,1870,SZ300625,5,True
2020-04-01,2020-03-31,3583,1870,SH600261,6,True
2020-04-01,2020-03-31,3583,1870,SZ002746,7,True
2020-04-01,2020-03-31,3583,1870,SH601006,8,True
2020-04-01,2020-03-31,3583,1870,SH600097,9,True
2020-04-01,2020-03-31,3583,1870,SZ002444,10,True
2020-04-01,2020-03-31,3583,1870,SH603858,11,True
2020-04-01,2020-03-31,3583,1870,SH603458,12,True
2020-04-01,2020-03-31,3583,1870,SH603277,13,True
2020-04-01,2020-03-31,3583,1870,SH600668,14,True
2020-04-01,2020-03-31,3583,1870,SZ002233,15,True
2020-04-01,2020-03-31,3583,1870,SZ002724,16,True
2020-04-01,2020-03-31,3583,1870,SH600516,17,True
2020-04-01,2020-03-31,3583,1870,SZ002664,18,True
2020-04-01,2020-03-31,3583,1870,SH603808,19,True
2020-04-01,2020-03-31,3583,1870,SH600987,20,True
2020-05-06,2020-04-30,3594,1045,SH600051,1,True
2020-05-06,2020-04-30,3594,1045,SH603357,2,True
2020-05-06,2020-04-30,3594,1045,SH600750,3,True
2020-05-06,2020-04-30,3594,1045,SH601000,4,True
2020-05-06,2020-04-30,3594,1045,SH600566,5,True
2020-05-06,2020-04-30,3594,1045,SZ002884,6,True
2020-05-06,2020-04-30,3594,1045,SZ000922,7,True
2020-05-06,2020-04-30,3594,1045,SH600064,8,True
2020-05-06,2020-04-30,3594,1045,SZ002270,9,True
2020-05-06,2020-04-30,3594,1045,SZ000600,10,True
2020-05-06,2020-04-30,3594,1045,SH600382,11,True
2020-05-06,2020-04-30,3594,1045,SH600352,12,True
2020-05-06,2020-04-30,3594,1045,SH600035,13,True
2020-05-06,2020-04-30,3594,1045,SZ002234,14,True
2020-05-06,2020-04-30,3594,1045,SZ002583,15,True
2020-05-06,2020-04-30,3594,1045,SH600211,16,True
2020-05-06,2020-04-30,3594,1045,SH600682,17,True
2020-05-06,2020-04-30,3594,1045,SZ002440,18,True
2020-05-06,2020-04-30,3594,1045,SZ002394,19,True
2020-05-06,2020-04-30,3594,1045,SH600261,20,True
2020-06-01,2020-05-29,3605,1036,SH600051,1,True
2020-06-01,2020-05-29,3605,1036,SH601000,2,True
2020-06-01,2020-05-29,3605,1036,SH603357,3,True
2020-06-01,2020-05-29,3605,1036,SH600750,4,True
2020-06-01,2020-05-29,3605,1036,SZ002583,5,True
2020-06-01,2020-05-29,3605,1036,SH600566,6,True
2020-06-01,2020-05-29,3605,1036,SZ002270,7,True
2020-06-01,2020-05-29,3605,1036,SZ002884,8,True
2020-06-01,2020-05-29,3605,1036,SZ002234,9,True
2020-06-01,2020-05-29,3605,1036,SZ000922,10,True
2020-06-01,2020-05-29,3605,1036,SH600035,11,True
2020-06-01,2020-05-29,3605,1036,SZ000600,12,True
2020-06-01,2020-05-29,3605,1036,SH600382,13,True
2020-06-01,2020-05-29,3605,1036,SZ002440,14,True
2020-06-01,2020-05-29,3605,1036,SH600682,15,True
2020-06-01,2020-05-29,3605,1036,SH600064,16,True
2020-06-01,2020-05-29,3605,1036,SH600777,17,True
2020-06-01,2020-05-29,3605,1036,SH600062,18,True
2020-06-01,2020-05-29,3605,1036,SH601677,19,True
2020-06-01,2020-05-29,3605,1036,SH600352,20,True
2020-07-01,2020-06-30,3617,1015,SH600051,1,True
2020-07-01,2020-06-30,3617,1015,SH601000,2,True
2020-07-01,2020-06-30,3617,1015,SH603357,3,True
2020-07-01,2020-06-30,3617,1015,SZ002270,4,True
2020-07-01,2020-06-30,3617,1015,SZ000922,5,True
2020-07-01,2020-06-30,3617,1015,SZ002884,6,True
2020-07-01,2020-06-30,3617,1015,SH600566,7,True
2020-07-01,2020-06-30,3617,1015,SH600750,8,True
2020-07-01,2020-06-30,3617,1015,SZ002234,9,True
2020-07-01,2020-06-30,3617,1015,SH600382,10,True
2020-07-01,2020-06-30,3617,1015,SZ002583,11,True
2020-07-01,2020-06-30,3617,1015,SH600777,12,True
2020-07-01,2020-06-30,3617,1015,SH600261,13,True
2020-07-01,2020-06-30,3617,1015,SZ002440,14,True
2020-07-01,2020-06-30,3617,1015,SH600064,15,True
2020-07-01,2020-06-30,3617,1015,SH601677,16,True
2020-07-01,2020-06-30,3617,1015,SZ000600,17,True
2020-07-01,2020-06-30,3617,1015,SH600496,18,True
2020-07-01,2020-06-30,3617,1015,SZ002746,19,True
2020-07-01,2020-06-30,3617,1015,SZ002394,20,True
2020-08-03,2020-07-31,3647,1025,SH601000,1,True
2020-08-03,2020-07-31,3647,1025,SH603357,2,True
2020-08-03,2020-07-31,3647,1025,SH600051,3,True
2020-08-03,2020-07-31,3647,1025,SZ002884,4,True
2020-08-03,2020-07-31,3647,1025,SZ002234,5,True
2020-08-03,2020-07-31,3647,1025,SZ002270,6,True
2020-08-03,2020-07-31,3647,1025,SH600750,7,True
2020-08-03,2020-07-31,3647,1025,SZ002664,8,True
2020-08-03,2020-07-31,3647,1025,SH600566,9,True
2020-08-03,2020-07-31,3647,1025,SH600382,10,True
2020-08-03,2020-07-31,3647,1025,SZ000922,11,True
2020-08-03,2020-07-31,3647,1025,SH600064,12,True
2020-08-03,2020-07-31,3647,1025,SZ002440,13,True
2020-08-03,2020-07-31,3647,1025,SZ000581,14,True
2020-08-03,2020-07-31,3647,1025,SZ002583,15,True
2020-08-03,2020-07-31,3647,1025,SH603586,16,True
2020-08-03,2020-07-31,3647,1025,SZ002543,17,True
2020-08-03,2020-07-31,3647,1025,SZ002394,18,True
2020-08-03,2020-07-31,3647,1025,SH600062,19,True
2020-08-03,2020-07-31,3647,1025,SH600352,20,True
2020-09-01,2020-08-31,3656,1661,SH600449,1,True
2020-09-01,2020-08-31,3656,1661,SH601677,2,True
2020-09-01,2020-08-31,3656,1661,SH601717,3,True
2020-09-01,2020-08-31,3656,1661,SH600261,4,True
2020-09-01,2020-08-31,3656,1661,SH601000,5,True
2020-09-01,2020-08-31,3656,1661,SZ002394,6,True
2020-09-01,2020-08-31,3656,1661,SZ002403,7,True
2020-09-01,2020-08-31,3656,1661,SH600668,8,True
2020-09-01,2020-08-31,3656,1661,SZ002869,9,True
2020-09-01,2020-08-31,3656,1661,SH600023,10,True
2020-09-01,2020-08-31,3656,1661,SZ000027,11,True
2020-09-01,2020-08-31,3656,1661,SZ002432,12,True
2020-09-01,2020-08-31,3656,1661,SZ300552,13,True
2020-09-01,2020-08-31,3656,1661,SH603556,14,True
2020-09-01,2020-08-31,3656,1661,SH601006,15,True
2020-09-01,2020-08-31,3656,1661,SH600026,16,True
2020-09-01,2020-08-31,3656,1661,SZ002406,17,True
2020-09-01,2020-08-31,3656,1661,SZ000922,18,True
2020-09-01,2020-08-31,3656,1661,SZ000581,19,True
2020-09-01,2020-08-31,3656,1661,SH600273,20,True
2020-10-09,2020-09-30,3666,1700,SH600449,1,True
2020-10-09,2020-09-30,3666,1700,SH600720,2,True
2020-10-09,2020-09-30,3666,1700,SH601677,3,True
2020-10-09,2020-09-30,3666,1700,SZ002869,4,True
2020-10-09,2020-09-30,3666,1700,SH600261,5,True
2020-10-09,2020-09-30,3666,1700,SZ002432,6,True
2020-10-09,2020-09-30,3666,1700,SH601000,7,True
2020-10-09,2020-09-30,3666,1700,SZ002394,8,True
2020-10-09,2020-09-30,3666,1700,SZ002403,9,True
2020-10-09,2020-09-30,3666,1700,SZ000027,10,True
2020-10-09,2020-09-30,3666,1700,SH603556,11,True
2020-10-09,2020-09-30,3666,1700,SH601717,12,True
2020-10-09,2020-09-30,3666,1700,SH600023,13,True
2020-10-09,2020-09-30,3666,1700,SZ000922,14,True
2020-10-09,2020-09-30,3666,1700,SH600668,15,True
2020-10-09,2020-09-30,3666,1700,SZ300552,16,True
2020-10-09,2020-09-30,3666,1700,SH601006,17,True
2020-10-09,2020-09-30,3666,1700,SH600026,18,True
2020-10-09,2020-09-30,3666,1700,SZ002406,19,True
2020-10-09,2020-09-30,3666,1700,SH603012,20,True
2020-11-02,2020-10-30,3676,1724,SH600720,1,True
2020-11-02,2020-10-30,3676,1724,SH600449,2,True
2020-11-02,2020-10-30,3676,1724,SZ300552,3,True
2020-11-02,2020-10-30,3676,1724,SH600261,4,True
2020-11-02,2020-10-30,3676,1724,SH603886,5,True
2020-11-02,2020-10-30,3676,1724,SZ002724,6,True
2020-11-02,2020-10-30,3676,1724,SH603277,7,True
2020-11-02,2020-10-30,3676,1724,SZ000922,8,True
2020-11-02,2020-10-30,3676,1724,SZ000883,9,True
2020-11-02,2020-10-30,3676,1724,SZ002124,10,True
2020-11-02,2020-10-30,3676,1724,SZ000910,11,True
2020-11-02,2020-10-30,3676,1724,SZ002236,12,True
2020-11-02,2020-10-30,3676,1724,SH600668,13,True
2020-11-02,2020-10-30,3676,1724,SZ002033,14,True
2020-11-02,2020-10-30,3676,1724,SH600368,15,True
2020-11-02,2020-10-30,3676,1724,SH600023,16,True
2020-11-02,2020-10-30,3676,1724,SZ000069,17,True
2020-11-02,2020-10-30,3676,1724,SZ000581,18,True
2020-11-02,2020-10-30,3676,1724,SH600067,19,True
2020-11-02,2020-10-30,3676,1724,SZ000791,20,True
2020-12-01,2020-11-30,3712,1758,SH600720,1,True
2020-12-01,2020-11-30,3712,1758,SH600449,2,True
2020-12-01,2020-11-30,3712,1758,SH600261,3,True
2020-12-01,2020-11-30,3712,1758,SH603886,4,True
2020-12-01,2020-11-30,3712,1758,SZ300552,5,True
2020-12-01,2020-11-30,3712,1758,SZ000922,6,True
2020-12-01,2020-11-30,3712,1758,SZ002236,7,True
2020-12-01,2020-11-30,3712,1758,SZ300625,8,True
2020-12-01,2020-11-30,3712,1758,SZ000883,9,True
2020-12-01,2020-11-30,3712,1758,SZ002033,10,True
2020-12-01,2020-11-30,3712,1758,SZ002124,11,True
2020-12-01,2020-11-30,3712,1758,SZ000910,12,True
2020-12-01,2020-11-30,3712,1758,SZ000069,13,True
2020-12-01,2020-11-30,3712,1758,SH600368,14,True
2020-12-01,2020-11-30,3712,1758,SZ002382,15,True
2020-12-01,2020-11-30,3712,1758,SH600067,16,True
2020-12-01,2020-11-30,3712,1758,SZ000581,17,True
2020-12-01,2020-11-30,3712,1758,SH603556,18,True
2020-12-01,2020-11-30,3712,1758,SZ002312,19,True
2020-12-01,2020-11-30,3712,1758,SH600023,20,True
2021-01-04,2020-12-31,3737,1772,SH600720,1,True
2021-01-04,2020-12-31,3737,1772,SH600449,2,True
2021-01-04,2020-12-31,3737,1772,SH603886,3,True
2021-01-04,2020-12-31,3737,1772,SH600261,4,True
2021-01-04,2020-12-31,3737,1772,SZ002124,5,True
2021-01-04,2020-12-31,3737,1772,SZ002724,6,True
2021-01-04,2020-12-31,3737,1772,SZ000883,7,True
2021-01-04,2020-12-31,3737,1772,SZ000910,8,True
2021-01-04,2020-12-31,3737,1772,SZ300625,9,True
2021-01-04,2020-12-31,3737,1772,SZ002100,10,True
2021-01-04,2020-12-31,3737,1772,SH600023,11,True
2021-01-04,2020-12-31,3737,1772,SZ000922,12,True
2021-01-04,2020-12-31,3737,1772,SH603556,13,True
2021-01-04,2020-12-31,3737,1772,SZ000581,14,True
2021-01-04,2020-12-31,3737,1772,SZ000612,15,True
2021-01-04,2020-12-31,3737,1772,SH600067,16,True
2021-01-04,2020-12-31,3737,1772,SH600368,17,True
2021-01-04,2020-12-31,3737,1772,SZ300552,18,True
2021-01-04,2020-12-31,3737,1772,SZ002381,19,True
2021-01-04,2020-12-31,3737,1772,SZ002322,20,True
2021-02-01,2021-01-29,3754,1798,SH600720,1,True
2021-02-01,2021-01-29,3754,1798,SH600449,2,True
2021-02-01,2021-01-29,3754,1798,SH603886,3,True
2021-02-01,2021-01-29,3754,1798,SZ002100,4,True
2021-02-01,2021-01-29,3754,1798,SZ000910,5,True
2021-02-01,2021-01-29,3754,1798,SH600261,6,True
2021-02-01,2021-01-29,3754,1798,SZ002724,7,True
2021-02-01,2021-01-29,3754,1798,SZ000883,8,True
2021-02-01,2021-01-29,3754,1798,SZ300625,9,True
2021-02-01,2021-01-29,3754,1798,SZ002124,10,True
2021-02-01,2021-01-29,3754,1798,SH600273,11,True
2021-02-01,2021-01-29,3754,1798,SZ002322,12,True
2021-02-01,2021-01-29,3754,1798,SH603556,13,True
2021-02-01,2021-01-29,3754,1798,SH600368,14,True
2021-02-01,2021-01-29,3754,1798,SH600067,15,True
2021-02-01,2021-01-29,3754,1798,SH600023,16,True
2021-02-01,2021-01-29,3754,1798,SH600028,17,True
2021-02-01,2021-01-29,3754,1798,SZ300552,18,True
2021-02-01,2021-01-29,3754,1798,SZ002033,19,True
2021-02-01,2021-01-29,3754,1798,SZ000069,20,True
2021-03-01,2021-02-26,3772,1818,SH600720,1,True
2021-03-01,2021-02-26,3772,1818,SH600449,2,True
2021-03-01,2021-02-26,3772,1818,SH603886,3,True
2021-03-01,2021-02-26,3772,1818,SH600261,4,True
2021-03-01,2021-02-26,3772,1818,SZ000910,5,True
2021-03-01,2021-02-26,3772,1818,SZ300552,6,True
2021-03-01,2021-02-26,3772,1818,SZ000883,7,True
2021-03-01,2021-02-26,3772,1818,SZ002724,8,True
2021-03-01,2021-02-26,3772,1818,SZ300625,9,True
2021-03-01,2021-02-26,3772,1818,SH600273,10,True
2021-03-01,2021-02-26,3772,1818,SZ002100,11,True
2021-03-01,2021-02-26,3772,1818,SZ300462,12,True
2021-03-01,2021-02-26,3772,1818,SH603556,13,True
2021-03-01,2021-02-26,3772,1818,SZ002322,14,True
2021-03-01,2021-02-26,3772,1818,SH600368,15,True
2021-03-01,2021-02-26,3772,1818,SZ002432,16,True
2021-03-01,2021-02-26,3772,1818,SZ300259,17,True
2021-03-01,2021-02-26,3772,1818,SH600067,18,True
2021-03-01,2021-02-26,3772,1818,SZ002381,19,True
2021-03-01,2021-02-26,3772,1818,SH600023,20,True
2021-04-01,2021-03-31,3785,1892,SH603886,1,True
2021-04-01,2021-03-31,3785,1892,SH600273,2,True
2021-04-01,2021-03-31,3785,1892,SH600261,3,True
2021-04-01,2021-03-31,3785,1892,SZ300625,4,True
2021-04-01,2021-03-31,3785,1892,SZ002100,5,True
2021-04-01,2021-03-31,3785,1892,SH600023,6,True
2021-04-01,2021-03-31,3785,1892,SH600390,7,True
2021-04-01,2021-03-31,3785,1892,SZ002322,8,True
2021-04-01,2021-03-31,3785,1892,SH601000,9,True
2021-04-01,2021-03-31,3785,1892,SZ300462,10,True
2021-04-01,2021-03-31,3785,1892,SH603556,11,True
2021-04-01,2021-03-31,3785,1892,SZ300552,12,True
2021-04-01,2021-03-31,3785,1892,SH600585,13,True
2021-04-01,2021-03-31,3785,1892,SH601006,14,True
2021-04-01,2021-03-31,3785,1892,SZ002724,15,True
2021-04-01,2021-03-31,3785,1892,SZ002432,16,True
2021-04-01,2021-03-31,3785,1892,SZ300259,17,True
2021-04-01,2021-03-31,3785,1892,SZ002382,18,True
2021-04-01,2021-03-31,3785,1892,SH601163,19,True
2021-04-01,2021-03-31,3785,1892,SZ000581,20,True
2021-05-06,2021-04-30,3800,1259,SH600512,1,True
2021-05-06,2021-04-30,3800,1259,SZ002382,2,True
2021-05-06,2021-04-30,3800,1259,SZ000848,3,True
2021-05-06,2021-04-30,3800,1259,SZ002022,4,True
2021-05-06,2021-04-30,3800,1259,SH601678,5,True
2021-05-06,2021-04-30,3800,1259,SH600750,6,True
2021-05-06,2021-04-30,3800,1259,SH600618,7,True
2021-05-06,2021-04-30,3800,1259,SH600694,8,True
2021-05-06,2021-04-30,3800,1259,SH600075,9,True
2021-05-06,2021-04-30,3800,1259,SH600089,10,True
2021-05-06,2021-04-30,3800,1259,SH600035,11,True
2021-05-06,2021-04-30,3800,1259,SZ002154,12,True
2021-05-06,2021-04-30,3800,1259,SH603685,13,True
2021-05-06,2021-04-30,3800,1259,SH600033,14,True
2021-05-06,2021-04-30,3800,1259,SZ002664,15,True
2021-05-06,2021-04-30,3800,1259,SH601126,16,True
2021-05-06,2021-04-30,3800,1259,SH603900,17,True
2021-05-06,2021-04-30,3800,1259,SZ002406,18,True
2021-05-06,2021-04-30,3800,1259,SH601000,19,True
2021-05-06,2021-04-30,3800,1259,SZ002531,20,True
2021-06-01,2021-05-31,3820,1260,SH600512,1,True
2021-06-01,2021-05-31,3820,1260,SZ002382,2,True
2021-06-01,2021-05-31,3820,1260,SZ300677,3,True
2021-06-01,2021-05-31,3820,1260,SH600075,4,True
2021-06-01,2021-05-31,3820,1260,SH600694,5,True
2021-06-01,2021-05-31,3820,1260,SH600566,6,True
2021-06-01,2021-05-31,3820,1260,SH600089,7,True
2021-06-01,2021-05-31,3820,1260,SH601000,8,True
2021-06-01,2021-05-31,3820,1260,SZ002753,9,True
2021-06-01,2021-05-31,3820,1260,SZ002406,10,True
2021-06-01,2021-05-31,3820,1260,SZ002664,11,True
2021-06-01,2021-05-31,3820,1260,SH600483,12,True
2021-06-01,2021-05-31,3820,1260,SH600035,13,True
2021-06-01,2021-05-31,3820,1260,SH603685,14,True
2021-06-01,2021-05-31,3820,1260,SH601678,15,True
2021-06-01,2021-05-31,3820,1260,SH600033,16,True
2021-06-01,2021-05-31,3820,1260,SZ002531,17,True
2021-06-01,2021-05-31,3820,1260,SH601515,18,True
2021-06-01,2021-05-31,3820,1260,SZ002128,19,True
2021-06-01,2021-05-31,3820,1260,SZ002567,20,True
2021-07-01,2021-06-30,3844,1248,SH600512,1,True
2021-07-01,2021-06-30,3844,1248,SZ002382,2,True
2021-07-01,2021-06-30,3844,1248,SZ300677,3,True
2021-07-01,2021-06-30,3844,1248,SH600075,4,True
2021-07-01,2021-06-30,3844,1248,SH600089,5,True
2021-07-01,2021-06-30,3844,1248,SH600694,6,True
2021-07-01,2021-06-30,3844,1248,SH600566,7,True
2021-07-01,2021-06-30,3844,1248,SH601000,8,True
2021-07-01,2021-06-30,3844,1248,SZ002128,9,True
2021-07-01,2021-06-30,3844,1248,SH600033,10,True
2021-07-01,2021-06-30,3844,1248,SZ300443,11,True
2021-07-01,2021-06-30,3844,1248,SZ002753,12,True
2021-07-01,2021-06-30,3844,1248,SZ002531,13,True
2021-07-01,2021-06-30,3844,1248,SH600368,14,True
2021-07-01,2021-06-30,3844,1248,SH603685,15,True
2021-07-01,2021-06-30,3844,1248,SZ002567,16,True
2021-07-01,2021-06-30,3844,1248,SZ002763,17,True
2021-07-01,2021-06-30,3844,1248,SH600618,18,True
2021-07-01,2021-06-30,3844,1248,SZ002406,19,True
2021-07-01,2021-06-30,3844,1248,SH603900,20,True
2021-08-02,2021-07-30,3874,1287,SH600512,1,True
2021-08-02,2021-07-30,3874,1287,SZ002382,2,True
2021-08-02,2021-07-30,3874,1287,SZ300677,3,True
2021-08-02,2021-07-30,3874,1287,SZ002022,4,True
2021-08-02,2021-07-30,3874,1287,SZ002606,5,True
2021-08-02,2021-07-30,3874,1287,SH600694,6,True
2021-08-02,2021-07-30,3874,1287,SZ002128,7,True
2021-08-02,2021-07-30,3874,1287,SH600012,8,True
2021-08-02,2021-07-30,3874,1287,SH600089,9,True
2021-08-02,2021-07-30,3874,1287,SZ002763,10,True
2021-08-02,2021-07-30,3874,1287,SH600035,11,True
2021-08-02,2021-07-30,3874,1287,SZ002753,12,True
2021-08-02,2021-07-30,3874,1287,SH601006,13,True
2021-08-02,2021-07-30,3874,1287,SH601678,14,True
2021-08-02,2021-07-30,3874,1287,SH600075,15,True
2021-08-02,2021-07-30,3874,1287,SH603900,16,True
2021-08-02,2021-07-30,3874,1287,SZ002406,17,True
2021-08-02,2021-07-30,3874,1287,SZ002035,18,True
2021-08-02,2021-07-30,3874,1287,SH603089,19,True
2021-08-02,2021-07-30,3874,1287,SH600707,20,True
2021-09-01,2021-08-31,3927,1881,SH600097,1,True
2021-09-01,2021-08-31,3927,1881,SH600707,2,True
2021-09-01,2021-08-31,3927,1881,SZ002270,3,True
2021-09-01,2021-08-31,3927,1881,SZ000690,4,True
2021-09-01,2021-08-31,3927,1881,SZ300677,5,True
2021-09-01,2021-08-31,3927,1881,SZ002382,6,True
2021-09-01,2021-08-31,3927,1881,SZ002774,7,True
2021-09-01,2021-08-31,3927,1881,SH600720,8,True
2021-09-01,2021-08-31,3927,1881,SZ000923,9,True
2021-09-01,2021-08-31,3927,1881,SH600535,10,True
2021-09-01,2021-08-31,3927,1881,SH600449,11,True
2021-09-01,2021-08-31,3927,1881,SZ000581,12,True
2021-09-01,2021-08-31,3927,1881,SZ002543,13,True
2021-09-01,2021-08-31,3927,1881,SZ000612,14,True
2021-09-01,2021-08-31,3927,1881,SZ300443,15,True
2021-09-01,2021-08-31,3927,1881,SZ000910,16,True
2021-09-01,2021-08-31,3927,1881,SZ002467,17,True
2021-09-01,2021-08-31,3927,1881,SZ002763,18,True
2021-09-01,2021-08-31,3927,1881,SH601019,19,True
2021-09-01,2021-08-31,3927,1881,SZ002233,20,True
2021-10-08,2021-09-30,3989,1927,SZ300677,1,True
2021-10-08,2021-09-30,3989,1927,SH600097,2,True
2021-10-08,2021-09-30,3989,1927,SZ000923,3,True
2021-10-08,2021-09-30,3989,1927,SH600707,4,True
2021-10-08,2021-09-30,3989,1927,SZ002270,5,True
2021-10-08,2021-09-30,3989,1927,SZ002382,6,True
2021-10-08,2021-09-30,3989,1927,SH600449,7,True
2021-10-08,2021-09-30,3989,1927,SH600720,8,True
2021-10-08,2021-09-30,3989,1927,SZ002774,9,True
2021-10-08,2021-09-30,3989,1927,SZ000690,10,True
2021-10-08,2021-09-30,3989,1927,SH600535,11,True
2021-10-08,2021-09-30,3989,1927,SZ000581,12,True
2021-10-08,2021-09-30,3989,1927,SZ002543,13,True
2021-10-08,2021-09-30,3989,1927,SZ000949,14,True
2021-10-08,2021-09-30,3989,1927,SZ000910,15,True
2021-10-08,2021-09-30,3989,1927,SZ000612,16,True
2021-10-08,2021-09-30,3989,1927,SZ002109,17,True
2021-10-08,2021-09-30,3989,1927,SZ000725,18,True
2021-10-08,2021-09-30,3989,1927,SZ002467,19,True
2021-10-08,2021-09-30,3989,1927,SZ002110,20,True
2021-11-01,2021-10-29,4028,1836,SZ000666,1,True
2021-11-01,2021-10-29,4028,1836,SZ000949,2,True
2021-11-01,2021-10-29,4028,1836,SZ002022,3,True
2021-11-01,2021-10-29,4028,1836,SZ002109,4,True
2021-11-01,2021-10-29,4028,1836,SZ300677,5,True
2021-11-01,2021-10-29,4028,1836,SZ002322,6,True
2021-11-01,2021-10-29,4028,1836,SZ300360,7,True
2021-11-01,2021-10-29,4028,1836,SH600746,8,True
2021-11-01,2021-10-29,4028,1836,SH600668,9,True
2021-11-01,2021-10-29,4028,1836,SH688298,10,True
2021-11-01,2021-10-29,4028,1836,SH603886,11,True
2021-11-01,2021-10-29,4028,1836,SH601000,12,True
2021-11-01,2021-10-29,4028,1836,SZ300259,13,True
2021-11-01,2021-10-29,4028,1836,SH600449,14,True
2021-11-01,2021-10-29,4028,1836,SH600012,15,True
2021-11-01,2021-10-29,4028,1836,SZ002131,16,True
2021-11-01,2021-10-29,4028,1836,SH601019,17,True
2021-11-01,2021-10-29,4028,1836,SH600033,18,True
2021-11-01,2021-10-29,4028,1836,SH600097,19,True
2021-11-01,2021-10-29,4028,1836,SZ000026,20,True
2021-12-01,2021-11-30,4060,1775,SZ000666,1,True
2021-12-01,2021-11-30,4060,1775,SZ000949,2,True
2021-12-01,2021-11-30,4060,1775,SZ002022,3,True
2021-12-01,2021-11-30,4060,1775,SZ002109,4,True
2021-12-01,2021-11-30,4060,1775,SH600746,5,True
2021-12-01,2021-11-30,4060,1775,SH601000,6,True
2021-12-01,2021-11-30,4060,1775,SH600449,7,True
2021-12-01,2021-11-30,4060,1775,SH600566,8,True
2021-12-01,2021-11-30,4060,1775,SZ002322,9,True
2021-12-01,2021-11-30,4060,1775,SZ300677,10,True
2021-12-01,2021-11-30,4060,1775,SZ000026,11,True
2021-12-01,2021-11-30,4060,1775,SH603886,12,True
2021-12-01,2021-11-30,4060,1775,SZ300259,13,True
2021-12-01,2021-11-30,4060,1775,SZ000883,14,True
2021-12-01,2021-11-30,4060,1775,SH603898,15,True
2021-12-01,2021-11-30,4060,1775,SH600585,16,True
2021-12-01,2021-11-30,4060,1775,SZ002255,17,True
2021-12-01,2021-11-30,4060,1775,SZ000807,18,True
2021-12-01,2021-11-30,4060,1775,SH600327,19,True
2021-12-01,2021-11-30,4060,1775,SZ000725,20,True
2022-01-04,2021-12-31,4096,1795,SZ000949,1,True
2022-01-04,2021-12-31,4096,1795,SZ002322,2,True
2022-01-04,2021-12-31,4096,1795,SZ002022,3,True
2022-01-04,2021-12-31,4096,1795,SH600746,4,True
2022-01-04,2021-12-31,4096,1795,SZ300677,5,True
2022-01-04,2021-12-31,4096,1795,SH601000,6,True
2022-01-04,2021-12-31,4096,1795,SH688399,7,True
2022-01-04,2021-12-31,4096,1795,SZ002109,8,True
2022-01-04,2021-12-31,4096,1795,SZ300259,9,True
2022-01-04,2021-12-31,4096,1795,SZ000666,10,True
2022-01-04,2021-12-31,4096,1795,SH603886,11,True
2022-01-04,2021-12-31,4096,1795,SH600449,12,True
2022-01-04,2021-12-31,4096,1795,SZ000883,13,True
2022-01-04,2021-12-31,4096,1795,SH600089,14,True
2022-01-04,2021-12-31,4096,1795,SZ000725,15,True
2022-01-04,2021-12-31,4096,1795,SH603898,16,True
2022-01-04,2021-12-31,4096,1795,SH600097,17,True
2022-01-04,2021-12-31,4096,1795,SH600327,18,True
2022-01-04,2021-12-31,4096,1795,SZ002818,19,True
2022-01-04,2021-12-31,4096,1795,SZ000833,20,True
2022-02-07,2022-01-28,4131,1875,SZ000949,1,True
2022-02-07,2022-01-28,4131,1875,SZ002322,2,True
2022-02-07,2022-01-28,4131,1875,SZ002022,3,True
2022-02-07,2022-01-28,4131,1875,SH600746,4,True
2022-02-07,2022-01-28,4131,1875,SZ300677,5,True
2022-02-07,2022-01-28,4131,1875,SZ002109,6,True
2022-02-07,2022-01-28,4131,1875,SZ300259,7,True
2022-02-07,2022-01-28,4131,1875,SH688399,8,True
2022-02-07,2022-01-28,4131,1875,SZ000666,9,True
2022-02-07,2022-01-28,4131,1875,SH601000,10,True
2022-02-07,2022-01-28,4131,1875,SZ000883,11,True
2022-02-07,2022-01-28,4131,1875,SH600449,12,True
2022-02-07,2022-01-28,4131,1875,SH603886,13,True
2022-02-07,2022-01-28,4131,1875,SH600089,14,True
2022-02-07,2022-01-28,4131,1875,SH603898,15,True
2022-02-07,2022-01-28,4131,1875,SZ000833,16,True
2022-02-07,2022-01-28,4131,1875,SH600097,17,True
2022-02-07,2022-01-28,4131,1875,SZ002255,18,True
2022-02-07,2022-01-28,4131,1875,SZ000725,19,True
2022-02-07,2022-01-28,4131,1875,SH603012,20,True
2022-03-01,2022-02-28,4172,1882,SZ000949,1,True
2022-03-01,2022-02-28,4172,1882,SZ002322,2,True
2022-03-01,2022-02-28,4172,1882,SZ002022,3,True
2022-03-01,2022-02-28,4172,1882,SH600746,4,True
2022-03-01,2022-02-28,4172,1882,SZ300677,5,True
2022-03-01,2022-02-28,4172,1882,SZ002109,6,True
2022-03-01,2022-02-28,4172,1882,SH688399,7,True
2022-03-01,2022-02-28,4172,1882,SZ300259,8,True
2022-03-01,2022-02-28,4172,1882,SH601000,9,True
2022-03-01,2022-02-28,4172,1882,SZ000666,10,True
2022-03-01,2022-02-28,4172,1882,SZ000883,11,True
2022-03-01,2022-02-28,4172,1882,SH603886,12,True
2022-03-01,2022-02-28,4172,1882,SH603898,13,True
2022-03-01,2022-02-28,4172,1882,SZ002759,14,True
2022-03-01,2022-02-28,4172,1882,SZ000833,15,True
2022-03-01,2022-02-28,4172,1882,SH600089,16,True
2022-03-01,2022-02-28,4172,1882,SH600449,17,True
2022-03-01,2022-02-28,4172,1882,SH600097,18,True
2022-03-01,2022-02-28,4172,1882,SZ000725,19,True
2022-03-01,2022-02-28,4172,1882,SZ002818,20,True
2022-04-01,2022-03-31,4199,1964,SZ000949,1,True
2022-04-01,2022-03-31,4199,1964,SZ002322,2,True
2022-04-01,2022-03-31,4199,1964,SZ300677,3,True
2022-04-01,2022-03-31,4199,1964,SH600585,4,True
2022-04-01,2022-03-31,4199,1964,SH600535,5,True
2022-04-01,2022-03-31,4199,1964,SH600618,6,True
2022-04-01,2022-03-31,4199,1964,SZ002109,7,True
2022-04-01,2022-03-31,4199,1964,SH688289,8,True
2022-04-01,2022-03-31,4199,1964,SZ000883,9,True
2022-04-01,2022-03-31,4199,1964,SH600636,10,True
2022-04-01,2022-03-31,4199,1964,SZ300771,11,True
2022-04-01,2022-03-31,4199,1964,SH603898,12,True
2022-04-01,2022-03-31,4199,1964,SZ300259,13,True
2022-04-01,2022-03-31,4199,1964,SH601000,14,True
2022-04-01,2022-03-31,4199,1964,SZ002233,15,True
2022-04-01,2022-03-31,4199,1964,SZ300360,16,True
2022-04-01,2022-03-31,4199,1964,SZ002255,17,True
2022-04-01,2022-03-31,4199,1964,SH601811,18,True
2022-04-01,2022-03-31,4199,1964,SH600097,19,True
2022-04-01,2022-03-31,4199,1964,SZ000598,20,True
2022-05-05,2022-04-29,4247,1510,SH688606,1,True
2022-05-05,2022-04-29,4247,1510,SH688068,2,True
2022-05-05,2022-04-29,4247,1510,SH688317,3,True
2022-05-05,2022-04-29,4247,1510,SH600089,4,True
2022-05-05,2022-04-29,4247,1510,SZ002109,5,True
2022-05-05,2022-04-29,4247,1510,SH600643,6,True
2022-05-05,2022-04-29,4247,1510,SZ002267,7,True
2022-05-05,2022-04-29,4247,1510,SZ002064,8,True
2022-05-05,2022-04-29,4247,1510,SH603183,9,True
2022-05-05,2022-04-29,4247,1510,SH600618,10,True
2022-05-05,2022-04-29,4247,1510,SH600780,11,True
2022-05-05,2022-04-29,4247,1510,SH600035,12,True
2022-05-05,2022-04-29,4247,1510,SH603508,13,True
2022-05-05,2022-04-29,4247,1510,SH601668,14,True
2022-05-05,2022-04-29,4247,1510,SZ002763,15,True
2022-05-05,2022-04-29,4247,1510,SH600368,16,True
2022-05-05,2022-04-29,4247,1510,SH601339,17,True
2022-05-05,2022-04-29,4247,1510,SH600585,18,True
2022-05-05,2022-04-29,4247,1510,SZ002759,19,True
2022-05-05,2022-04-29,4247,1510,SH688057,20,True
2022-06-01,2022-05-31,4295,1381,SH688606,1,True
2022-06-01,2022-05-31,4295,1381,SH688068,2,True
2022-06-01,2022-05-31,4295,1381,SZ002932,3,True
2022-06-01,2022-05-31,4295,1381,SH603508,4,True
2022-06-01,2022-05-31,4295,1381,SZ002759,5,True
2022-06-01,2022-05-31,4295,1381,SH600089,6,True
2022-06-01,2022-05-31,4295,1381,SH600643,7,True
2022-06-01,2022-05-31,4295,1381,SZ002109,8,True
2022-06-01,2022-05-31,4295,1381,SH600585,9,True
2022-06-01,2022-05-31,4295,1381,SH688057,10,True
2022-06-01,2022-05-31,4295,1381,SH603077,11,True
2022-06-01,2022-05-31,4295,1381,SH603012,12,True
2022-06-01,2022-05-31,4295,1381,SH600596,13,True
2022-06-01,2022-05-31,4295,1381,SZ002818,14,True
2022-06-01,2022-05-31,4295,1381,SZ002267,15,True
2022-06-01,2022-05-31,4295,1381,SH600694,16,True
2022-06-01,2022-05-31,4295,1381,SH603766,17,True
2022-06-01,2022-05-31,4295,1381,SH601827,18,True
2022-06-01,2022-05-31,4295,1381,SH600368,19,True
2022-06-01,2022-05-31,4295,1381,SH600035,20,True
2022-07-01,2022-06-30,4312,1371,SH688606,1,True
2022-07-01,2022-06-30,4312,1371,SH688068,2,True
2022-07-01,2022-06-30,4312,1371,SZ002932,3,True
2022-07-01,2022-06-30,4312,1371,SH603508,4,True
2022-07-01,2022-06-30,4312,1371,SZ002759,5,True
2022-07-01,2022-06-30,4312,1371,SZ002109,6,True
2022-07-01,2022-06-30,4312,1371,SH600089,7,True
2022-07-01,2022-06-30,4312,1371,SH600643,8,True
2022-07-01,2022-06-30,4312,1371,SZ002267,9,True
2022-07-01,2022-06-30,4312,1371,SH600585,10,True
2022-07-01,2022-06-30,4312,1371,SH600746,11,True
2022-07-01,2022-06-30,4312,1371,SH600426,12,True
2022-07-01,2022-06-30,4312,1371,SH603766,13,True
2022-07-01,2022-06-30,4312,1371,SH603012,14,True
2022-07-01,2022-06-30,4312,1371,SH600694,15,True
2022-07-01,2022-06-30,4312,1371,SH688057,16,True
2022-07-01,2022-06-30,4312,1371,SH601857,17,True
2022-07-01,2022-06-30,4312,1371,SH601919,18,True
2022-07-01,2022-06-30,4312,1371,SH600368,19,True
2022-07-01,2022-06-30,4312,1371,SH601339,20,True
2022-08-01,2022-07-29,4347,1389,SH688606,1,True
2022-08-01,2022-07-29,4347,1389,SH688068,2,True
2022-08-01,2022-07-29,4347,1389,SZ002759,3,True
2022-08-01,2022-07-29,4347,1389,SH688298,4,True
2022-08-01,2022-07-29,4347,1389,SH603508,5,True
2022-08-01,2022-07-29,4347,1389,SH603077,6,True
2022-08-01,2022-07-29,4347,1389,SH600089,7,True
2022-08-01,2022-07-29,4347,1389,SH600643,8,True
2022-08-01,2022-07-29,4347,1389,SZ002109,9,True
2022-08-01,2022-07-29,4347,1389,SH688057,10,True
2022-08-01,2022-07-29,4347,1389,SH600426,11,True
2022-08-01,2022-07-29,4347,1389,SH600585,12,True
2022-08-01,2022-07-29,4347,1389,SH603012,13,True
2022-08-01,2022-07-29,4347,1389,SZ002267,14,True
2022-08-01,2022-07-29,4347,1389,SH603766,15,True
2022-08-01,2022-07-29,4347,1389,SH601339,16,True
2022-08-01,2022-07-29,4347,1389,SH600694,17,True
2022-08-01,2022-07-29,4347,1389,SH601827,18,True
2022-08-01,2022-07-29,4347,1389,SZ000848,19,True
2022-08-01,2022-07-29,4347,1389,SH600368,20,True
2022-09-01,2022-08-31,4401,2112,SZ002432,1,True
2022-09-01,2022-08-31,4401,2112,SZ002932,2,True
2022-09-01,2022-08-31,4401,2112,SH688606,3,True
2022-09-01,2022-08-31,4401,2112,SZ000731,4,True
2022-09-01,2022-08-31,4401,2112,SH600089,5,True
2022-09-01,2022-08-31,4401,2112,SH603077,6,True
2022-09-01,2022-08-31,4401,2112,SH601857,7,True
2022-09-01,2022-08-31,4401,2112,SZ300771,8,True
2022-09-01,2022-08-31,4401,2112,SH601919,9,True
2022-09-01,2022-08-31,4401,2112,SZ000910,10,True
2022-09-01,2022-08-31,4401,2112,SZ300259,11,True
2022-09-01,2022-08-31,4401,2112,SZ002109,12,True
2022-09-01,2022-08-31,4401,2112,SZ000930,13,True
2022-09-01,2022-08-31,4401,2112,SH600449,14,True
2022-09-01,2022-08-31,4401,2112,SZ300726,15,True
2022-09-01,2022-08-31,4401,2112,SH688303,16,True
2022-09-01,2022-08-31,4401,2112,SH601019,17,True
2022-09-01,2022-08-31,4401,2112,SZ003019,18,True
2022-09-01,2022-08-31,4401,2112,SH603889,19,True
2022-09-01,2022-08-31,4401,2112,SH601339,20,True
2022-10-10,2022-09-30,4437,2159,SZ002432,1,True
2022-10-10,2022-09-30,4437,2159,SZ002932,2,True
2022-10-10,2022-09-30,4437,2159,SH688606,3,True
2022-10-10,2022-09-30,4437,2159,SZ000731,4,True
2022-10-10,2022-09-30,4437,2159,SH601919,5,True
2022-10-10,2022-09-30,4437,2159,SH600089,6,True
2022-10-10,2022-09-30,4437,2159,SH603077,7,True
2022-10-10,2022-09-30,4437,2159,SH601857,8,True
2022-10-10,2022-09-30,4437,2159,SZ000910,9,True
2022-10-10,2022-09-30,4437,2159,SZ300726,10,True
2022-10-10,2022-09-30,4437,2159,SZ300259,11,True
2022-10-10,2022-09-30,4437,2159,SZ300771,12,True
2022-10-10,2022-09-30,4437,2159,SZ000930,13,True
2022-10-10,2022-09-30,4437,2159,SZ002109,14,True
2022-10-10,2022-09-30,4437,2159,SH688303,15,True
2022-10-10,2022-09-30,4437,2159,SZ000663,16,True
2022-10-10,2022-09-30,4437,2159,SH600449,17,True
2022-10-10,2022-09-30,4437,2159,SZ000833,18,True
2022-10-10,2022-09-30,4437,2159,SH600720,19,True
2022-10-10,2022-09-30,4437,2159,SH601019,20,True
2022-11-01,2022-10-31,4467,2078,SZ002432,1,True
2022-11-01,2022-10-31,4467,2078,SZ002932,2,True
2022-11-01,2022-10-31,4467,2078,SH688068,3,True
2022-11-01,2022-10-31,4467,2078,SH600008,4,True
2022-11-01,2022-10-31,4467,2078,SH600089,5,True
2022-11-01,2022-10-31,4467,2078,SH601919,6,True
2022-11-01,2022-10-31,4467,2078,SH603898,7,True
2022-11-01,2022-10-31,4467,2078,SH603077,8,True
2022-11-01,2022-10-31,4467,2078,SZ002955,9,True
2022-11-01,2022-10-31,4467,2078,SZ300726,10,True
2022-11-01,2022-10-31,4467,2078,SH688303,11,True
2022-11-01,2022-10-31,4467,2078,SZ000666,12,True
2022-11-01,2022-10-31,4467,2078,SH603886,13,True
2022-11-01,2022-10-31,4467,2078,SZ003019,14,True
2022-11-01,2022-10-31,4467,2078,SZ000598,15,True
2022-11-01,2022-10-31,4467,2078,SZ300230,16,True
2022-11-01,2022-10-31,4467,2078,SZ000726,17,True
2022-11-01,2022-10-31,4467,2078,SH600141,18,True
2022-11-01,2022-10-31,4467,2078,SH600777,19,True
2022-11-01,2022-10-31,4467,2078,SH600438,20,True
2022-12-01,2022-11-30,4506,2086,SZ002432,1,True
2022-12-01,2022-11-30,4506,2086,SZ002932,2,True
2022-12-01,2022-11-30,4506,2086,SH688399,3,True
2022-12-01,2022-11-30,4506,2086,SH600008,4,True
2022-12-01,2022-11-30,4506,2086,SZ002955,5,True
2022-12-01,2022-11-30,4506,2086,SH600089,6,True
2022-12-01,2022-11-30,4506,2086,SH601919,7,True
2022-12-01,2022-11-30,4506,2086,SH603898,8,True
2022-12-01,2022-11-30,4506,2086,SH688303,9,True
2022-12-01,2022-11-30,4506,2086,SH603077,10,True
2022-12-01,2022-11-30,4506,2086,SZ300726,11,True
2022-12-01,2022-11-30,4506,2086,SH600777,12,True
2022-12-01,2022-11-30,4506,2086,SZ000666,13,True
2022-12-01,2022-11-30,4506,2086,SZ003019,14,True
2022-12-01,2022-11-30,4506,2086,SZ300761,15,True
2022-12-01,2022-11-30,4506,2086,SZ000598,16,True
2022-12-01,2022-11-30,4506,2086,SZ300230,17,True
2022-12-01,2022-11-30,4506,2086,SH603886,18,True
2022-12-01,2022-11-30,4506,2086,SZ000726,19,True
2022-12-01,2022-11-30,4506,2086,SH600438,20,True
2023-01-03,2022-12-30,4540,2109,SZ002432,1,True
2023-01-03,2022-12-30,4540,2109,SZ002932,2,True
2023-01-03,2022-12-30,4540,2109,SH688399,3,True
2023-01-03,2022-12-30,4540,2109,SH601919,4,True
2023-01-03,2022-12-30,4540,2109,SH600008,5,True
2023-01-03,2022-12-30,4540,2109,SZ002955,6,True
2023-01-03,2022-12-30,4540,2109,SH600089,7,True
2023-01-03,2022-12-30,4540,2109,SH603898,8,True
2023-01-03,2022-12-30,4540,2109,SH603077,9,True
2023-01-03,2022-12-30,4540,2109,SH688303,10,True
2023-01-03,2022-12-30,4540,2109,SH600777,11,True
2023-01-03,2022-12-30,4540,2109,SZ003019,12,True
2023-01-03,2022-12-30,4540,2109,SZ000726,13,True
2023-01-03,2022-12-30,4540,2109,SH603886,14,True
2023-01-03,2022-12-30,4540,2109,SH600438,15,True
2023-01-03,2022-12-30,4540,2109,SZ000598,16,True
2023-01-03,2022-12-30,4540,2109,SZ300761,17,True
2023-01-03,2022-12-30,4540,2109,SZ300121,18,True
2023-01-03,2022-12-30,4540,2109,SZ300726,19,True
2023-01-03,2022-12-30,4540,2109,SZ300230,20,True
2023-02-01,2023-01-31,4578,2108,SZ002432,1,True
2023-02-01,2023-01-31,4578,2108,SZ002932,2,True
2023-02-01,2023-01-31,4578,2108,SH688399,3,True
2023-02-01,2023-01-31,4578,2108,SH601919,4,True
2023-02-01,2023-01-31,4578,2108,SH600008,5,True
2023-02-01,2023-01-31,4578,2108,SH600089,6,True
2023-02-01,2023-01-31,4578,2108,SZ002955,7,True
2023-02-01,2023-01-31,4578,2108,SH603898,8,True
2023-02-01,2023-01-31,4578,2108,SH688303,9,True
2023-02-01,2023-01-31,4578,2108,SH603077,10,True
2023-02-01,2023-01-31,4578,2108,SZ300726,11,True
2023-02-01,2023-01-31,4578,2108,SZ003019,12,True
2023-02-01,2023-01-31,4578,2108,SZ000598,13,True
2023-02-01,2023-01-31,4578,2108,SH603886,14,True
2023-02-01,2023-01-31,4578,2108,SH600777,15,True
2023-02-01,2023-01-31,4578,2108,SH600438,16,True
2023-02-01,2023-01-31,4578,2108,SZ000726,17,True
2023-02-01,2023-01-31,4578,2108,SZ300230,18,True
2023-02-01,2023-01-31,4578,2108,SH600720,19,True
2023-02-01,2023-01-31,4578,2108,SH600780,20,True
2023-03-01,2023-02-28,4598,2102,SZ002432,1,True
2023-03-01,2023-02-28,4598,2102,SZ002932,2,True
2023-03-01,2023-02-28,4598,2102,SH688399,3,True
2023-03-01,2023-02-28,4598,2102,SH688303,4,True
2023-03-01,2023-02-28,4598,2102,SH601919,5,True
2023-03-01,2023-02-28,4598,2102,SH600008,6,True
2023-03-01,2023-02-28,4598,2102,SH600089,7,True
2023-03-01,2023-02-28,4598,2102,SH603898,8,True
2023-03-01,2023-02-28,4598,2102,SZ300726,9,True
2023-03-01,2023-02-28,4598,2102,SZ002955,10,True
2023-03-01,2023-02-28,4598,2102,SH600438,11,True
2023-03-01,2023-02-28,4598,2102,SZ000666,12,True
2023-03-01,2023-02-28,4598,2102,SH600777,13,True
2023-03-01,2023-02-28,4598,2102,SZ000598,14,True
2023-03-01,2023-02-28,4598,2102,SZ300230,15,True
2023-03-01,2023-02-28,4598,2102,SZ003019,16,True
2023-03-01,2023-02-28,4598,2102,SZ000726,17,True
2023-03-01,2023-02-28,4598,2102,SZ002048,18,True
2023-03-01,2023-02-28,4598,2102,SZ002884,19,True
2023-03-01,2023-02-28,4598,2102,SH603886,20,True
2023-04-03,2023-03-31,4619,2118,SZ002432,1,True
2023-04-03,2023-03-31,4619,2118,SZ002932,2,True
2023-04-03,2023-03-31,4619,2118,SH688068,3,True
2023-04-03,2023-03-31,4619,2118,SH600089,4,True
2023-04-03,2023-03-31,4619,2118,SH600008,5,True
2023-04-03,2023-03-31,4619,2118,SH688303,6,True
2023-04-03,2023-03-31,4619,2118,SH601919,7,True
2023-04-03,2023-03-31,4619,2118,SH603898,8,True
2023-04-03,2023-03-31,4619,2118,SZ002955,9,True
2023-04-03,2023-03-31,4619,2118,SZ000666,10,True
2023-04-03,2023-03-31,4619,2118,SH600271,11,True
2023-04-03,2023-03-31,4619,2118,SZ002611,12,True
2023-04-03,2023-03-31,4619,2118,SZ002466,13,True
2023-04-03,2023-03-31,4619,2118,SH600438,14,True
2023-04-03,2023-03-31,4619,2118,SH600971,15,True
2023-04-03,2023-03-31,4619,2118,SZ000726,16,True
2023-04-03,2023-03-31,4619,2118,SH601811,17,True
2023-04-03,2023-03-31,4619,2118,SZ002756,18,True
2023-04-03,2023-03-31,4619,2118,SZ002497,19,True
2023-04-03,2023-03-31,4619,2118,SZ002048,20,True
2023-05-04,2023-04-28,4645,1659,SZ002432,1,True
2023-05-04,2023-04-28,4645,1659,SZ002955,2,True
2023-05-04,2023-04-28,4645,1659,SH600089,3,True
2023-05-04,2023-04-28,4645,1659,SH688303,4,True
2023-05-04,2023-04-28,4645,1659,SH600525,5,True
2023-05-04,2023-04-28,4645,1659,SZ000731,6,True
2023-05-04,2023-04-28,4645,1659,SH601919,7,True
2023-05-04,2023-04-28,4645,1659,SZ002938,8,True
2023-05-04,2023-04-28,4645,1659,SH600271,9,True
2023-05-04,2023-04-28,4645,1659,SZ300970,10,True
2023-05-04,2023-04-28,4645,1659,SH600141,11,True
2023-05-04,2023-04-28,4645,1659,SH600328,12,True
2023-05-04,2023-04-28,4645,1659,SH603508,13,True
2023-05-04,2023-04-28,4645,1659,SH600757,14,True
2023-05-04,2023-04-28,4645,1659,SZ002497,15,True
2023-05-04,2023-04-28,4645,1659,SZ002466,16,True
2023-05-04,2023-04-28,4645,1659,SH600133,17,True
2023-05-04,2023-04-28,4645,1659,SH600566,18,True
2023-05-04,2023-04-28,4645,1659,SZ000915,19,True
2023-05-04,2023-04-28,4645,1659,SZ002353,20,True
2023-06-01,2023-05-31,4674,1551,SH600089,1,True
2023-06-01,2023-05-31,4674,1551,SH688303,2,True
2023-06-01,2023-05-31,4674,1551,SH600438,3,True
2023-06-01,2023-05-31,4674,1551,SZ002432,4,True
2023-06-01,2023-05-31,4674,1551,SZ000731,5,True
2023-06-01,2023-05-31,4674,1551,SH603508,6,True
2023-06-01,2023-05-31,4674,1551,SH600328,7,True
2023-06-01,2023-05-31,4674,1551,SZ300729,8,True
2023-06-01,2023-05-31,4674,1551,SZ300970,9,True
2023-06-01,2023-05-31,4674,1551,SH600512,10,True
2023-06-01,2023-05-31,4674,1551,SH600256,11,True
2023-06-01,2023-05-31,4674,1551,SH600566,12,True
2023-06-01,2023-05-31,4674,1551,SZ002884,13,True
2023-06-01,2023-05-31,4674,1551,SH600273,14,True
2023-06-01,2023-05-31,4674,1551,SZ003019,15,True
2023-06-01,2023-05-31,4674,1551,SZ002497,16,True
2023-06-01,2023-05-31,4674,1551,SZ000848,17,True
2023-06-01,2023-05-31,4674,1551,SZ000915,18,True
2023-06-01,2023-05-31,4674,1551,SH600938,19,True
2023-06-01,2023-05-31,4674,1551,SZ002466,20,True
