comparison,execution_date,local_count,joinquant_count,intersection_count,overlap_ratio,local_only,joinquant_only
selected_candidates,2019-01-02,20,20,17,0.85,"SZ000415,SZ000519,SZ002394","SH600668,SH600720,SZ300159"
selected_candidates,2019-02-01,20,20,14,0.7,"SH600383,SZ000415,SZ000519,SZ000922,SZ002394,SZ002396","SH600720,SZ001914,SZ002359,SZ002541,SZ300061,SZ300159"
selected_candidates,2019-03-01,20,20,16,0.8,"SH600782,SH600801,SZ000415,SZ000922","SH600720,SZ001914,SZ002530,SZ300159"
selected_candidates,2019-04-01,20,20,18,0.9,"SH603277,SZ002394","SH600823,SZ300061"
selected_candidates,2019-05-06,20,20,18,0.9,"SH600327,SH601222","SH600677,SH603585"
selected_candidates,2019-06-03,20,20,19,0.95,SH600426,SH600677
selected_candidates,2019-07-01,20,20,19,0.95,SH603167,SH600677
selected_candidates,2019-08-01,20,20,20,1.0,,
selected_candidates,2019-09-02,20,20,16,0.8,"SH601006,SH601677,SZ000719,SZ002048","SH600328,SH600376,SH600387,SH600823"
selected_candidates,2019-10-08,20,20,17,0.85,"SH600516,SH601006,SZ002884","SH600376,SH600387,SZ002444"
selected_candidates,2019-11-01,20,20,18,0.9,"SH600252,SH600328","SZ000932,SZ300625"
selected_candidates,2019-12-02,20,20,18,0.9,"SH600252,SH600328","SH603585,SZ000932"
selected_candidates,2020-01-02,20,20,18,0.9,"SH600328,SZ000069","SH603458,SH603585"
selected_candidates,2020-02-03,20,20,17,0.85,"SH603458,SZ000069,SZ002664","SH601222,SH603277,SH603585"
selected_candidates,2020-03-02,20,20,17,0.85,"SH600252,SZ000069,SZ002793","SH600516,SH600750,SZ002884"
selected_candidates,2020-04-01,20,20,16,0.8,"SH600051,SH600971,SZ002793,SZ002884","SH600516,SH603277,SH603808,SZ002664"
selected_candidates,2020-05-06,20,20,18,0.9,"SH600643,SZ002128","SH600035,SH600682"
selected_candidates,2020-06-01,20,20,18,0.9,"SH600273,SH600643","SH600035,SH600682"
selected_candidates,2020-07-01,20,20,19,0.95,SH600643,SZ002746
selected_candidates,2020-08-03,20,20,20,1.0,,
selected_candidates,2020-09-01,20,20,20,1.0,,
selected_candidates,2020-10-09,20,20,19,0.95,SH600987,SH603012
selected_candidates,2020-11-02,20,20,18,0.9,"SH600287,SH603556","SH600067,SZ000791"
selected_candidates,2020-12-01,20,20,19,0.95,SH600287,SH600023
selected_candidates,2021-01-04,20,20,18,0.9,"SH600287,SH600643","SH600067,SH600368"
selected_candidates,2021-02-01,20,20,17,0.85,"SH600287,SH600643,SZ002157","SH600023,SZ002033,SZ300552"
selected_candidates,2021-03-01,20,20,17,0.85,"SH600287,SH600643,SZ002154","SH600023,SH600067,SZ002432"
selected_candidates,2021-04-01,20,20,18,0.9,"SH600287,SH600668","SZ000581,SZ300259"
selected_candidates,2021-05-06,20,20,18,0.9,"SZ002763,SZ300677","SH600750,SZ002531"
selected_candidates,2021-06-01,20,20,19,0.95,SZ300403,SZ002128
selected_candidates,2021-07-01,20,20,20,1.0,,
selected_candidates,2021-08-02,20,20,14,0.7,"SH600566,SH600966,SH603199,SH603238,SZ000698,SZ300192","SH600089,SH600707,SH603089,SH603900,SZ002022,SZ002035"
selected_candidates,2021-09-01,20,20,16,0.8,"SH600668,SH600966,SH603766,SZ000731","SH601019,SZ000923,SZ002467,SZ002763"
selected_candidates,2021-10-08,20,20,16,0.8,"SH600075,SH600368,SH600668,SZ002233","SZ000725,SZ000923,SZ002110,SZ002467"
selected_candidates,2021-11-01,20,20,15,0.75,"SH601233,SZ002214,SZ002801,SZ300371,SZ300888","SH600033,SH601019,SZ000026,SZ000666,SZ002131"
selected_candidates,2021-12-01,20,20,16,0.8,"SH600012,SH600089,SH600461,SH601900","SZ000026,SZ000666,SZ000725,SZ002255"
selected_candidates,2022-01-04,20,20,15,0.75,"SH600461,SH601900,SZ000807,SZ002932,SZ300371","SH688399,SZ000666,SZ000725,SZ000833,SZ002818"
selected_candidates,2022-02-07,20,20,15,0.75,"SH600461,SH601900,SZ000807,SZ002759,SZ002932","SH603012,SH688399,SZ000666,SZ000725,SZ002255"
selected_candidates,2022-03-01,20,20,16,0.8,"SH600461,SH600585,SH601900,SZ002932","SH600097,SH688399,SZ000666,SZ000725"
selected_candidates,2022-04-01,20,20,16,0.8,"SH600461,SH601900,SZ000715,SZ002064","SH600097,SH601811,SZ002109,SZ002255"
selected_candidates,2022-05-05,20,20,18,0.9,"SZ002408,SZ300360","SH601668,SH688057"
selected_candidates,2022-06-01,20,20,19,0.95,SZ300360,SH600035
selected_candidates,2022-07-01,20,20,17,0.85,"SZ000731,SZ000848,SZ002763","SH600746,SH601339,SH688057"
selected_candidates,2022-08-01,20,20,18,0.9,"SH601919,SZ002932","SH601827,SH688298"
selected_candidates,2022-09-01,20,20,19,0.95,SH600643,SH603889
selected_candidates,2022-10-10,20,20,18,0.9,"SH600643,SZ300371","SH601019,SZ000833"
selected_candidates,2022-11-01,20,20,19,0.95,SZ002772,SZ000666
selected_candidates,2022-12-01,20,20,18,0.9,"SH600141,SZ002772","SZ000666,SZ000726"
selected_candidates,2023-01-03,20,20,20,1.0,,
selected_candidates,2023-02-01,20,20,20,1.0,,
selected_candidates,2023-03-01,20,20,18,0.9,"SZ002938,SZ300121","SZ000666,SZ002048"
selected_candidates,2023-04-03,20,20,17,0.85,"SH688399,SZ000598,SZ003019","SH688068,SZ000666,SZ002048"
selected_candidates,2023-05-04,20,20,18,0.9,"SZ002030,SZ002884","SH600133,SZ000915"
selected_candidates,2023-06-01,20,20,18,0.9,"SZ002233,SZ300146","SZ000915,SZ003019"
holdings,2019-01-02,20,20,17,0.85,"SZ000415,SZ000519,SZ002394","SH600668,SH600720,SZ300159"
holdings,2019-02-01,20,20,14,0.7,"SH600383,SZ000415,SZ000519,SZ000922,SZ002394,SZ002396","SH600720,SZ001914,SZ002359,SZ002541,SZ300061,SZ300159"
holdings,2019-03-01,20,20,16,0.8,"SH600782,SH600801,SZ000415,SZ000922","SH600720,SZ001914,SZ002530,SZ300159"
holdings,2019-04-01,20,20,18,0.9,"SH603277,SZ002394","SH600823,SZ300061"
holdings,2019-05-06,21,20,18,0.8571428571428571,"SH600327,SH600328,SH601222","SH600677,SH603585"
holdings,2019-06-03,20,20,19,0.95,SH600426,SH600677
holdings,2019-07-01,20,20,19,0.95,SH603167,SH600677
holdings,2019-08-01,20,20,20,1.0,,
holdings,2019-09-02,20,20,16,0.8,"SH601006,SH601677,SZ000719,SZ002048","SH600328,SH600376,SH600387,SH600823"
holdings,2019-10-08,20,20,17,0.85,"SH600516,SH601006,SZ002884","SH600376,SH600387,SZ002444"
holdings,2019-11-01,20,20,18,0.9,"SH600252,SH600328","SZ000932,SZ300625"
holdings,2019-12-02,20,20,18,0.9,"SH600252,SH600328","SH603585,SZ000932"
holdings,2020-01-02,20,20,18,0.9,"SH600328,SZ000069","SH603458,SH603585"
holdings,2020-02-03,20,21,19,0.9047619047619048,SZ000069,"SH603585,SZ300107"
holdings,2020-03-02,20,20,17,0.85,"SH600252,SZ000069,SZ002793","SH600516,SH600750,SZ002884"
holdings,2020-04-01,20,20,16,0.8,"SH600051,SH600971,SZ002793,SZ002884","SH600516,SH603277,SH603808,SZ002664"
holdings,2020-05-06,20,20,18,0.9,"SH600643,SZ002128","SH600035,SH600682"
holdings,2020-06-01,20,20,18,0.9,"SH600273,SH600643","SH600035,SH600682"
holdings,2020-07-01,20,20,19,0.95,SH600643,SZ002746
holdings,2020-08-03,20,20,20,1.0,,
holdings,2020-09-01,20,20,20,1.0,,
holdings,2020-10-09,20,20,19,0.95,SH600987,SH603012
holdings,2020-11-02,20,20,18,0.9,"SH600287,SH603556","SH600067,SZ000791"
holdings,2020-12-01,20,20,19,0.95,SH600287,SH600023
holdings,2021-01-04,20,20,18,0.9,"SH600287,SH600643","SH600067,SH600368"
holdings,2021-02-01,20,20,17,0.85,"SH600287,SH600643,SZ002157","SH600023,SZ002033,SZ300552"
holdings,2021-03-01,20,20,17,0.85,"SH600287,SH600643,SZ002154","SH600023,SH600067,SZ002432"
holdings,2021-04-01,20,20,18,0.9,"SH600287,SH600668","SZ000581,SZ300259"
holdings,2021-05-06,20,20,18,0.9,"SZ002763,SZ300677","SH600750,SZ002531"
holdings,2021-06-01,20,20,19,0.95,SZ300403,SZ002128
holdings,2021-07-01,20,20,20,1.0,,
holdings,2021-08-02,20,20,14,0.7,"SH600566,SH600966,SH603199,SH603238,SZ000698,SZ300192","SH600089,SH600707,SH603089,SH603900,SZ002022,SZ002035"
holdings,2021-09-01,20,20,16,0.8,"SH600668,SH600966,SH603766,SZ000731","SH601019,SZ000923,SZ002467,SZ002763"
holdings,2021-10-08,20,20,16,0.8,"SH600075,SH600368,SH600668,SZ002233","SZ000725,SZ000923,SZ002110,SZ002467"
holdings,2021-11-01,20,20,15,0.75,"SH601233,SZ002214,SZ002801,SZ300371,SZ300888","SH600033,SH601019,SZ000026,SZ000666,SZ002131"
holdings,2021-12-01,20,20,16,0.8,"SH600012,SH600089,SH600461,SH601900","SZ000026,SZ000666,SZ000725,SZ002255"
holdings,2022-01-04,20,20,15,0.75,"SH600461,SH601900,SZ000807,SZ002932,SZ300371","SH688399,SZ000666,SZ000725,SZ000833,SZ002818"
holdings,2022-02-07,20,20,15,0.75,"SH600461,SH601900,SZ000807,SZ002759,SZ002932","SH603012,SH688399,SZ000666,SZ000725,SZ002255"
holdings,2022-03-01,20,20,16,0.8,"SH600461,SH600585,SH601900,SZ002932","SH600097,SH688399,SZ000666,SZ000725"
holdings,2022-04-01,20,20,16,0.8,"SH600461,SH601900,SZ000715,SZ002064","SH600097,SH601811,SZ002109,SZ002255"
holdings,2022-05-05,20,20,18,0.9,"SZ002408,SZ300360","SH601668,SH688057"
holdings,2022-06-01,20,20,19,0.95,SZ300360,SH600035
holdings,2022-07-01,20,20,17,0.85,"SZ000731,SZ000848,SZ002763","SH600746,SH601339,SH688057"
holdings,2022-08-01,20,20,18,0.9,"SH601919,SZ002932","SH601827,SH688298"
holdings,2022-09-01,20,20,19,0.95,SH600643,SH603889
holdings,2022-10-10,20,20,18,0.9,"SH600643,SZ300371","SH601019,SZ000833"
holdings,2022-11-01,20,20,19,0.95,SZ002772,SZ000666
holdings,2022-12-01,20,20,18,0.9,"SH600141,SZ002772","SZ000666,SZ000726"
holdings,2023-01-03,20,20,20,1.0,,
holdings,2023-02-01,20,20,20,1.0,,
holdings,2023-03-01,20,20,18,0.9,"SZ002938,SZ300121","SZ000666,SZ002048"
holdings,2023-04-03,20,20,17,0.85,"SH688399,SZ000598,SZ003019","SH688068,SZ000666,SZ002048"
holdings,2023-05-04,19,19,17,0.8947368421052632,"SZ002030,SZ002884","SH600133,SZ000915"
holdings,2023-06-01,20,20,18,0.9,"SZ002233,SZ300146","SZ000915,SZ003019"
ordered_symbols,2019-01-02,20,20,17,0.85,"SZ000415,SZ000519,SZ002394","SH600668,SH600720,SZ300159"
ordered_symbols,2019-02-01,23,23,19,0.8260869565217391,"SZ000415,SZ000519,SZ000922,SZ002394","SH600720,SZ001914,SZ002359,SZ300159"
ordered_symbols,2019-03-01,26,25,20,0.7692307692307693,"SH600782,SH600801,SZ000415,SZ000519,SZ000922,SZ002394","SH600720,SZ001914,SZ002359,SZ300061,SZ300159"
ordered_symbols,2019-04-01,30,32,26,0.8125,"SH603277,SZ000415,SZ000922,SZ002394","SH600720,SH600823,SZ001914,SZ002530,SZ300061,SZ300159"
ordered_symbols,2019-05-06,37,37,33,0.8918918918918919,"SH600327,SH601222,SH603277,SZ002394","SH600677,SH600823,SH603585,SZ300061"
ordered_symbols,2019-06-03,24,24,22,0.9166666666666666,"SH600327,SH600328","SH600677,SH603585"
ordered_symbols,2019-07-01,22,21,20,0.9090909090909091,"SH600426,SH603167",SH600677
ordered_symbols,2019-08-01,24,24,23,0.9583333333333334,SH603167,SH600677
ordered_symbols,2019-09-02,33,34,30,0.8823529411764706,"SH601677,SZ000719,SZ002048","SH600328,SH600376,SH600387,SH600823"
ordered_symbols,2019-10-08,25,25,21,0.84,"SH601006,SH601677,SZ002048,SZ002884","SH600328,SH600376,SH600387,SH600823"
ordered_symbols,2019-11-01,33,34,30,0.8823529411764706,"SH600252,SH600328,SH600516","SH600376,SH600387,SZ000932,SZ300625"
ordered_symbols,2019-12-02,21,21,19,0.9047619047619048,"SH600252,SH600328","SH603585,SZ000932"
ordered_symbols,2020-01-02,22,22,20,0.9090909090909091,"SH600252,SH600328","SH603458,SH603585"
ordered_symbols,2020-02-03,23,22,20,0.8695652173913043,"SH600328,SZ000069,SZ002664","SH603277,SH603585"
ordered_symbols,2020-03-02,26,25,23,0.8846153846153846,"SH600252,SZ000069,SZ002793","SH600516,SH600750"
ordered_symbols,2020-04-01,29,29,24,0.8275862068965517,"SH600051,SH600252,SH600971,SZ000069,SZ002793","SH600516,SH600750,SH603277,SH603808,SZ002664"
ordered_symbols,2020-05-06,36,38,32,0.8421052631578947,"SH600643,SH600971,SZ002128,SZ002793","SH600035,SH600516,SH600682,SH603277,SH603808,SZ002664"
ordered_symbols,2020-06-01,24,23,21,0.875,"SH600273,SH600643,SZ002128","SH600035,SH600682"
ordered_symbols,2020-07-01,22,24,20,0.8333333333333334,"SH600273,SH600643","SH600035,SH600682,SZ000600,SZ002746"
ordered_symbols,2020-08-03,26,26,25,0.9615384615384616,SH600643,SZ002746
ordered_symbols,2020-09-01,36,36,36,1.0,,
ordered_symbols,2020-10-09,22,22,21,0.9545454545454546,SH600987,SH603012
ordered_symbols,2020-11-02,32,33,30,0.9090909090909091,"SH600287,SH600987","SH600067,SH603012,SZ000791"
ordered_symbols,2020-12-01,23,24,22,0.9166666666666666,SH600287,"SZ000069,SZ000791"
ordered_symbols,2021-01-04,27,25,25,0.9259259259259259,"SH600287,SH600643",
ordered_symbols,2021-02-01,25,24,22,0.88,"SH600287,SH600643,SZ002157","SH603886,SZ002033"
ordered_symbols,2021-03-01,25,24,21,0.84,"SH600287,SH600643,SZ002154,SZ002157","SH600023,SZ002033,SZ002432"
ordered_symbols,2021-04-01,29,27,25,0.8620689655172413,"SH600287,SH600643,SH600668,SZ002154","SH600067,SZ000581"
ordered_symbols,2021-05-06,38,38,34,0.8947368421052632,"SH600287,SH600668,SZ002763,SZ300677","SH600750,SZ000581,SZ002531,SZ300259"
ordered_symbols,2021-06-01,27,27,25,0.9259259259259259,"SZ002763,SZ300403","SH600750,SZ002128"
ordered_symbols,2021-07-01,26,25,25,0.9615384615384616,SZ300403,
ordered_symbols,2021-08-02,30,29,25,0.8333333333333334,"SH600966,SH603199,SH603238,SZ000698,SZ300192","SH600707,SH603089,SZ002022,SZ002035"
ordered_symbols,2021-09-01,37,36,28,0.7567567567567568,"SH600566,SH600668,SH600966,SH603199,SH603238,SH603766,SZ000698,SZ000731,SZ300192","SH600089,SH601019,SH603089,SH603900,SZ000923,SZ002022,SZ002035,SZ002467"
ordered_symbols,2021-10-08,24,24,18,0.75,"SH600075,SH600368,SH600668,SH600966,SH603766,SZ000731","SH601019,SZ000725,SZ000923,SZ002110,SZ002467,SZ002763"
ordered_symbols,2021-11-01,34,35,26,0.7428571428571429,"SH600075,SH600368,SH601233,SZ002214,SZ002233,SZ002801,SZ300371,SZ300888","SH600033,SH601019,SZ000026,SZ000666,SZ000725,SZ000923,SZ002110,SZ002131,SZ002467"
ordered_symbols,2021-12-01,29,28,21,0.7241379310344828,"SH600089,SH600461,SH601233,SH601900,SZ002214,SZ002801,SZ300371,SZ300888","SH600033,SH601019,SZ000026,SZ000666,SZ000725,SZ002131,SZ002255"
ordered_symbols,2022-01-04,23,25,18,0.72,"SH600012,SH600461,SH601900,SZ002932,SZ300371","SH688399,SZ000026,SZ000666,SZ000725,SZ000833,SZ002255,SZ002818"
ordered_symbols,2022-02-07,22,22,16,0.7272727272727273,"SH600461,SH601900,SZ000807,SZ002759,SZ002932,SZ300371","SH603012,SH688399,SZ000666,SZ000725,SZ002255,SZ002818"
ordered_symbols,2022-03-01,22,22,17,0.7727272727272727,"SH600461,SH600585,SH601900,SZ000807,SZ002932","SH603012,SH688399,SZ000666,SZ000725,SZ002255"
ordered_symbols,2022-04-01,30,31,25,0.8064516129032258,"SH600461,SH601900,SZ000715,SZ002064,SZ002932","SH600097,SH601811,SH688399,SZ000666,SZ000725,SZ002255"
ordered_symbols,2022-05-05,36,37,32,0.8648648648648649,"SH600461,SH601900,SZ000715,SZ002408","SH600097,SH601668,SH601811,SH688057,SZ002255"
ordered_symbols,2022-06-01,29,28,27,0.9310344827586207,"SZ002408,SZ300360",SH601668
ordered_symbols,2022-07-01,26,25,22,0.8461538461538461,"SZ000731,SZ000848,SZ002763,SZ300360","SH600035,SH600746,SH601339"
ordered_symbols,2022-08-01,23,24,21,0.875,"SZ000731,SZ002763","SH600746,SH601827,SH688298"
ordered_symbols,2022-09-01,32,35,32,0.9142857142857143,,"SH601827,SH603889,SH688298"
ordered_symbols,2022-10-10,22,23,21,0.9130434782608695,SZ300371,"SH603889,SZ000833"
ordered_symbols,2022-11-01,33,33,30,0.9090909090909091,"SH600643,SZ002772,SZ300371","SH601019,SZ000666,SZ000833"
ordered_symbols,2022-12-01,21,22,20,0.9090909090909091,SZ002772,"SH600141,SZ000666"
ordered_symbols,2023-01-03,22,21,20,0.9090909090909091,"SH600141,SZ002772",SZ000666
ordered_symbols,2023-02-01,22,22,22,1.0,,
ordered_symbols,2023-03-01,23,23,21,0.9130434782608695,"SZ002938,SZ300121","SZ000666,SZ002048"
ordered_symbols,2023-04-03,27,28,25,0.8928571428571429,"SZ002938,SZ300121","SH688068,SZ000666,SZ002048"
ordered_symbols,2023-05-04,32,32,27,0.84375,"SH688399,SZ000598,SZ002030,SZ002884,SZ003019","SH600133,SH688068,SZ000666,SZ000915,SZ002048"
ordered_symbols,2023-06-01,28,28,25,0.8928571428571429,"SZ002030,SZ002233,SZ300146","SH600133,SZ000915,SZ003019"
