execution_date,symbol,shares,market_value_at_open
2019-01-02,SZ000929,15700,99837.18662261963
2019-01-02,SZ002072,16000,99865.99731445312
2019-01-02,SZ002200,17800,99834.5253944397
2019-01-02,SZ300069,10300,99310.10704040527
2019-01-02,SZ300106,18900,99691.46361351013
2019-01-02,SZ300321,8300,99889.65969085693
2019-01-02,SZ300354,12600,99949.40843582153
2019-01-02,SZ300405,26000,99701.83086395264
2019-01-02,SZ300489,12800,99685.90087890625
2019-01-02,SZ300592,11000,99845.8948135376
2019-02-01,SZ000929,15500,93914.88456726074
2019-02-01,SZ002072,19400,94017.65813827515
2019-02-01,SZ002200,17900,94316.00570678711
2019-02-01,SZ002633,12900,93800.12469291687
2019-02-01,SZ002890,11300,93876.18198394775
2019-02-01,SZ300106,18200,94219.882106781
2019-02-01,SZ300321,8000,93303.13110351562
2019-02-01,SZ300405,26500,94181.02264404297
2019-02-01,SZ300489,12500,94023.47803115845
2019-02-01,SZ300592,11200,93641.70532226562
2019-03-01,SH603286,7600,113939.41459655762
2019-03-01,SZ000929,15900,113874.43056106567
2019-03-01,SZ002072,17400,114312.62655258179
2019-03-01,SZ002200,18100,114077.17051506042
2019-03-01,SZ002633,13100,114255.66549301147
2019-03-01,SZ300106,18600,114284.01517868042
2019-03-01,SZ300321,8100,113626.15785598755
2019-03-01,SZ300405,26600,114283.83598327637
2019-03-01,SZ300489,12700,113806.05001449585
2019-03-01,SZ300592,11200,113759.17510986328
2019-04-01,SZ002072,20700,125591.0635471344
2019-04-01,SZ002200,18300,125425.26097297668
2019-04-01,SZ300069,10200,125659.74597930908
2019-04-01,SZ300106,18900,125629.35132980347
2019-04-01,SZ300321,8100,124577.07395553589
2019-04-01,SZ300405,27000,125647.61781692505
2019-04-01,SZ300489,12200,125355.97267150879
2019-04-01,SZ300592,11000,125438.05503845215
2019-04-01,SZ300665,15400,125348.23608398438
2019-04-01,SZ300680,16900,125113.65542411804
2019-05-06,SH603029,12500,131583.86945724487
2019-05-06,SH603031,10700,131222.65644073486
2019-05-06,SH603269,14800,131392.6959991455
2019-05-06,SH603286,9100,131993.03636550903
2019-05-06,SZ002072,20700,102281.8977355957
2019-05-06,SZ002890,13900,131435.0507736206
2019-05-06,SZ300321,9200,131352.08892822266
2019-05-06,SZ300354,14400,131856.70166015625
2019-05-06,SZ300442,10300,75478.36632728577
2019-05-06,SZ300592,11000,108617.30003356934
2019-05-06,SZ300665,15400,111414.29500579834
2019-06-03,SH600137,10100,140116.8872833252
2019-06-03,SH603029,13100,140883.85515213013
2019-06-03,SH603269,15900,140271.64278030396
2019-06-03,SH603286,9200,140200.6191253662
2019-06-03,SZ000679,35700,140993.04192066193
2019-06-03,SZ000691,34500,141055.98163604736
2019-06-03,SZ002209,5500,39382.18379020691
2019-06-03,SZ002890,13900,140184.9868774414
2019-06-03,SZ300321,9200,136304.63790893555
2019-06-03,SZ300592,11000,132215.67249298096
2019-06-03,SZ300665,15400,118401.03368759155
2019-07-01,SH603029,12800,142914.794921875
2019-07-01,SH603269,15500,142647.32885360718
2019-07-01,SH603286,9100,143210.2276802063
2019-07-01,SZ000679,35800,143186.54823303223
2019-07-01,SZ000691,34700,142987.85572052002
2019-07-01,SZ002209,19900,143041.64052009583
2019-07-01,SZ002890,13900,142730.76267242432
2019-07-01,SZ300321,9700,143274.57332611084
2019-07-01,SZ300592,12800,142430.13916015625
2019-07-01,SZ300665,17700,143299.54948425293
2019-08-01,SH603029,12500,137444.4603919983
2019-08-01,SH603286,8800,137426.83563232422
2019-08-01,SZ000679,35500,138093.77646446228
2019-08-01,SZ000691,34600,138345.6537246704
2019-08-01,SZ002209,20400,138308.85257720947
2019-08-01,SZ002633,15400,138301.71546936035
2019-08-01,SZ002890,14300,137968.3331489563
2019-08-01,SZ300321,9500,137192.20876693726
2019-08-01,SZ300592,13100,137986.92235946655
2019-08-01,SZ300665,18400,137927.730178833
2019-09-02,SH603029,12600,131061.05976104736
2019-09-02,SH603269,15700,131516.23258590698
2019-09-02,SH603286,8900,131310.33430099487
2019-09-02,SZ000679,36300,131783.18903446198
2019-09-02,SZ000691,34500,131744.22311782837
2019-09-02,SZ002209,20700,131658.98122787476
2019-09-02,SZ002633,16100,131190.73429107666
2019-09-02,SZ002890,14000,131730.1845550537
2019-09-02,SZ300321,9400,130597.48668670654
2019-09-02,SZ300665,18300,131732.87572860718
2019-10-08,SH603269,15800,135763.24367523193
2019-10-08,SH603286,9100,135526.72204971313
2019-10-08,SZ000679,37200,135770.98360061646
2019-10-08,SZ000691,35800,135698.12197685242
2019-10-08,SZ000929,19000,135656.48221969604
2019-10-08,SZ002209,20100,135743.56698989868
2019-10-08,SZ002633,15700,135537.13264465332
2019-10-08,SZ002890,13800,135810.2165222168
2019-10-08,SZ300592,12900,135647.95789718628
2019-10-08,SZ300665,18800,135851.92546844482
2019-11-01,SH603269,15700,136973.71702194214
2019-11-01,SH603286,9000,136507.07530975342
2019-11-01,SH603729,9600,135929.9102783203
2019-11-01,SH603991,8000,137304.96215820312
2019-11-01,SZ000609,30500,137227.96654701233
2019-11-01,SZ000691,36300,137172.5780725479
2019-11-01,SZ000929,19300,137220.7386493683
2019-11-01,SZ002209,21100,137151.59974098206
2019-11-01,SZ002633,16500,136665.6289100647
2019-11-01,SZ300665,18700,136723.46415519714
2019-12-02,SH603029,13500,134556.2767982483
2019-12-02,SH603269,16900,134628.28631401062
2019-12-02,SH603286,9500,134576.11560821533
2019-12-02,SH603991,8300,134592.0684814453
2019-12-02,SZ000691,36500,135364.58039283752
2019-12-02,SZ000929,20600,135121.98162078857
2019-12-02,SZ002633,17000,135039.04676437378
2019-12-02,SZ300069,12400,134899.5018005371
2019-12-02,SZ300321,9700,134098.23360443115
2019-12-02,SZ300665,19100,134991.3833618164
2020-01-02,SH603029,13800,150901.16329193115
2020-01-02,SH603269,17900,150822.2867012024
2020-01-02,SH603286,9600,150144.01245117188
2020-01-02,SH603991,8800,151369.03686523438
2020-01-02,SZ000679,42300,151474.73051548004
2020-01-02,SZ000691,37700,151511.39435768127
2020-01-02,SZ000929,21700,151028.09987068176
2020-01-02,SZ002209,21600,150930.8795928955
2020-01-02,SZ002633,17600,150701.8798828125
2020-01-02,SZ300665,19800,150991.39966964722
2020-02-03,SH600561,1000,4779.184341430664
2020-02-03,SH603029,13800,132164.5694732666
2020-02-03,SH603269,17900,134900.70362091064
2020-02-03,SH603286,9600,145904.23278808594
2020-02-03,SH603991,8800,132712.76092529297
2020-02-03,SZ000679,42300,131979.27281856537
2020-02-03,SZ000691,37700,127474.68538284302
2020-02-03,SZ000929,21700,130827.81610488892
2020-02-03,SZ002209,21600,129843.60809326172
2020-02-03,SZ002633,17600,135562.34436035156
2020-02-03,SZ300665,19800,129046.49848937988
2020-03-02,SH600241,35300,138767.169713974
2020-03-02,SH600561,29500,139021.2004184723
2020-03-02,SH603991,8900,138374.6651649475
2020-03-02,SZ000679,42700,138794.1596508026
2020-03-02,SZ000691,38000,138703.27425003052
2020-03-02,SZ000929,22400,138457.6416015625
2020-03-02,SZ002633,17500,138475.54087638855
2020-03-02,SZ300106,25400,138897.95351028442
2020-03-02,SZ300665,20400,138961.06052398682
2020-03-02,SZ300736,15000,138178.08151245117
2020-04-01,SH600241,39700,148118.94681453705
2020-04-01,SH600561,30100,148143.8733100891
2020-04-01,SH603269,18300,147877.27975845337
2020-04-01,SH603389,35600,148102.15663909912
2020-04-01,SZ000679,47400,148330.09128570557
2020-04-01,SZ000691,40300,148299.1120815277
2020-04-01,SZ000929,22500,147853.5532951355
2020-04-01,SZ002633,18700,148169.3887233734
2020-04-01,SZ300665,20900,148027.79746055603
2020-04-01,SZ300736,16300,147998.20051193237
2020-05-06,SH600520,18600,138238.6619567871
2020-05-06,SH600561,30200,138628.17134857178
2020-05-06,SH600768,14900,138257.57312774658
2020-05-06,SH603269,17500,138042.54531860352
2020-05-06,SZ000929,22800,138374.17316436768
2020-05-06,SZ002209,24600,138263.68045806885
2020-05-06,SZ002633,18700,138331.62784576416
2020-05-06,SZ300405,34000,138385.50186157227
2020-05-06,SZ300665,20500,138630.92350959778
2020-05-06,SZ300736,15900,138310.86072921753
2020-06-01,SH600561,32700,147811.42144203186
2020-06-01,SH603269,18700,147730.33170700073
2020-06-01,SZ000638,36200,148048.23551177979
2020-06-01,SZ000929,22900,147505.89909553528
2020-06-01,SZ002209,25300,148078.11737060547
2020-06-01,SZ002633,19000,147392.21334457397
2020-06-01,SZ300405,33600,147780.77087402344
2020-06-01,SZ300535,12600,147430.07926940918
2020-06-01,SZ300665,21500,147697.8108882904
2020-06-01,SZ300736,16800,147842.53463745117
2020-07-01,SH600520,19200,154582.9833984375
2020-07-01,SH600561,33300,155209.91106033325
2020-07-01,SH600768,16200,154559.2929840088
2020-07-01,SH603269,19200,154661.2060546875
2020-07-01,SZ000929,24000,155266.4794921875
2020-07-01,SZ002209,25500,154888.89384269714
2020-07-01,SZ002633,19700,155195.1584815979
2020-07-01,SZ300405,35400,154941.65925979614
2020-07-01,SZ300535,12900,154800.04920959473
2020-07-01,SZ300665,21800,155370.92533111572
2020-08-03,SH600365,49800,171423.0770587921
2020-08-03,SH600520,18900,171402.53648757935
2020-08-03,SH600561,33700,171208.57977867126
2020-08-03,SH600768,16100,171452.61840820312
2020-08-03,SZ000929,24100,171109.52653884888
2020-08-03,SZ002209,25600,171024.5361328125
2020-08-03,SZ002633,19900,170982.33737945557
2020-08-03,SZ300535,13300,171444.7036743164
2020-08-03,SZ300665,21900,171397.51868247986
2020-08-03,SZ300736,15800,170667.9391860962
2020-09-01,SH600520,19800,178424.515914917
2020-09-01,SH600561,34100,179052.28452682495
2020-09-01,SH600768,16800,178929.25415039062
2020-09-01,SH600778,34100,168137.90469169617
2020-09-01,SZ000929,22900,178355.78351020813
2020-09-01,SZ002209,25000,178540.09866714478
2020-09-01,SZ002633,18400,178437.82958984375
2020-09-01,SZ300535,12600,178431.33087158203
2020-09-01,SZ300665,21900,195252.88925170898
2020-09-01,SZ300736,15800,176620.12195587158
2020-10-09,SH600520,21200,173889.89372253418
2020-10-09,SH600561,35600,174473.85234832764
2020-10-09,SH600768,18000,174241.58477783203
2020-10-09,SH603029,15100,174145.76539993286
2020-10-09,SH603269,19800,174070.1156616211
2020-10-09,SH603286,10600,173033.24127197266
2020-10-09,SZ000702,31700,174381.48608207703
2020-10-09,SZ002209,26100,174050.00166893005
2020-10-09,SZ002633,20200,174282.69634246826
2020-10-09,SZ300665,20400,174485.23635864258
2020-11-02,SH600355,61900,175243.98233890533
2020-11-02,SH600506,18600,174780.2146911621
2020-11-02,SH600520,23300,175025.8577823639
2020-11-02,SH600768,18700,174676.6390800476
2020-11-02,SH600778,40000,175233.6311340332
2020-11-02,SH603029,15900,175188.55991363525
2020-11-02,SH603958,27200,175468.32122802734
2020-11-02,SZ000695,27300,175053.879404068
2020-11-02,SZ000702,33900,175222.21884727478
2020-11-02,SZ002633,19800,175254.25300598145
2020-12-01,SH600355,63300,184891.69392585754
2020-12-01,SH600455,8000,184115.95153808594
2020-12-01,SH600520,23900,184798.83131980896
2020-12-01,SH600561,37300,184639.67061042786
2020-12-01,SH600768,18600,184523.40717315674
2020-12-01,SH600778,41100,184916.1346435547
2020-12-01,SH603029,16100,184372.0202445984
2020-12-01,SH603269,21500,184990.06175994873
2020-12-01,SZ002633,22100,185011.73105239868
2020-12-01,SZ300478,16700,184372.0446586609
2021-01-04,SH600355,63900,163591.3852930069
2021-01-04,SH600455,8000,163155.5633544922
2021-01-04,SH600520,24000,163201.8585205078
2021-01-04,SH600561,36700,163694.23384666443
2021-01-04,SH600615,24400,163480.83305358887
2021-01-04,SH600768,18600,163324.29656982422
2021-01-04,SH600778,40900,163632.17935562134
2021-01-04,SH603029,16400,162874.65209960938
2021-01-04,SZ002633,22700,163694.9381351471
2021-01-04,SZ300478,16700,166324.62673187256
2021-02-01,SH600355,67700,138759.05828475952
2021-02-01,SH600520,21100,138649.8125076294
2021-02-01,SH600768,18200,138338.57011795044
2021-02-01,SH600778,41600,138534.56268310547
2021-02-01,SH603029,16300,138684.10577774048
2021-02-01,SZ000007,53500,138547.80113697052
2021-02-01,SZ002633,23500,138658.87713432312
2021-02-01,SZ002862,16700,138654.15105819702
2021-02-01,SZ300478,16600,138638.3596420288
2021-02-01,SZ300736,19800,138785.54191589355
2021-03-01,SH600355,71200,155200.86269378662
2021-03-01,SH600520,22000,154864.22157287598
2021-03-01,SH600768,20400,154613.6037826538
2021-03-01,SH600778,42800,154888.72871398926
2021-03-01,SH603029,18000,154373.53134155273
2021-03-01,SH603269,22600,155167.32568740845
2021-03-01,SH603813,12500,154033.75625610352
2021-03-01,SZ002633,24100,154672.25394248962
2021-03-01,SZ300478,18200,154388.02757263184
2021-03-01,SZ300736,20000,154992.63763427734
2021-04-01,SH600355,69800,157786.1918449402
2021-04-01,SH600520,23100,157806.0540676117
2021-04-01,SH600768,19100,157376.1631011963
2021-04-01,SH600778,43200,157673.30932617188
2021-04-01,SH603269,22700,157725.7038116455
2021-04-01,SZ000609,43000,157815.93918800354
2021-04-01,SZ002633,24800,157255.25283813477
2021-04-01,SZ002862,16400,157248.24104309082
2021-04-01,SZ300478,19300,157549.5280265808
2021-04-01,SZ300736,21400,157549.42226409912
2021-05-06,SH600355,70300,155337.5094652176
2021-05-06,SH600455,8800,154215.17944335938
2021-05-06,SH600520,22900,154812.65354156494
2021-05-06,SH600768,19400,155405.82675933838
2021-05-06,SH603029,16700,155091.79611206055
2021-05-06,SH603269,22600,154844.5689201355
2021-05-06,SH603813,2600,32465.68546295166
2021-05-06,SZ000609,43000,126451.57861709595
2021-05-06,SZ002633,23100,155021.25735282898
2021-05-06,SZ300478,19000,154896.071434021
2021-05-06,SZ300736,21000,154764.20974731445
2021-06-01,SH600455,9300,168867.79460906982
2021-06-01,SH600520,23300,170117.69132614136
2021-06-01,SH600561,41200,169775.15335083008
2021-06-01,SH600768,20500,169736.51456832886
2021-06-01,SH603029,18100,169982.98244476318
2021-06-01,SH603269,23800,169427.3190498352
2021-06-01,SH603389,38900,170058.02822113037
2021-06-01,SH603813,12800,168848.03466796875
2021-06-01,SZ002633,24400,169643.4865951538
2021-06-01,SZ300478,18600,169238.01155090332
2021-07-01,SH600455,10000,179518.71871948242
2021-07-01,SH600561,43500,180644.68789100647
2021-07-01,SH600768,21200,180851.3599395752
2021-07-01,SH603029,18100,180485.71071624756
2021-07-01,SH603269,24500,180857.17678070068
2021-07-01,SH603389,38500,180905.60245513916
2021-07-01,SH603813,13800,180342.85926818848
2021-07-01,SZ002633,23500,180305.97186088562
2021-07-01,SZ300478,19000,180355.4401397705
2021-08-02,SH600455,10300,173861.358833313
2021-08-02,SH600561,43300,175393.00565719604
2021-08-02,SH600768,19500,174928.7667274475
2021-08-02,SH603029,17900,174851.3077735901
2021-08-02,SH603269,24600,174854.41389083862
2021-08-02,SH603389,38200,175060.0968360901
2021-08-02,SH603813,14500,174748.85654449463
2021-08-02,SZ000702,40900,175110.69202423096
2021-08-02,SZ002633,24000,174735.43167114258
2021-08-02,SZ002830,19500,174550.92000961304
2021-09-01,SH600455,10200,194168.67141723633
2021-09-01,SH600768,21400,195793.2159423828
2021-09-01,SH603029,18100,195108.2251548767
2021-09-01,SH603269,24100,195242.4849510193
2021-09-01,SH603709,12000,195799.62158203125
2021-09-01,SH603813,14700,195428.27196121216
2021-09-01,SZ000702,43000,195702.92901992798
2021-09-01,SZ002633,24300,195397.0736503601
2021-09-01,SZ002836,35600,195533.1636428833
2021-09-01,SZ300478,20700,195871.35343551636
2021-10-08,SH600455,9800,186568.70002746582
2021-10-08,SH600520,24000,186997.43270874023
2021-10-08,SH600768,22400,187008.79821777344
2021-10-08,SH603029,19100,186931.93111419678
2021-10-08,SH603709,11800,187293.0067062378
2021-10-08,SH603813,14400,186310.97259521484
2021-10-08,SZ000702,41400,187131.3946723938
2021-10-08,SZ002209,28400,187111.27452850342
2021-10-08,SZ002633,24800,186740.9423828125
2021-10-08,SZ300478,22400,187022.6837158203
2021-11-01,SH600455,9900,181640.7205581665
2021-11-01,SH600520,25000,182544.68441009521
2021-11-01,SH600768,22000,182384.1953277588
2021-11-01,SH603029,19800,181763.4017944336
2021-11-01,SH603709,12100,181725.53873062134
2021-11-01,SH603813,14600,182145.39260864258
2021-11-01,SZ000702,41600,182196.0433959961
2021-11-01,SZ002209,31200,182496.89254760742
2021-11-01,SZ002633,25300,181928.04102897644
2021-11-01,SZ002830,20700,181907.67374038696
2021-12-01,SH600561,44300,204678.77488136292
2021-12-01,SH600768,21600,204116.9677734375
2021-12-01,SH600778,48400,204741.71714782715
2021-12-01,SH603029,19900,204015.4803276062
2021-12-01,SH603709,12800,204777.490234375
2021-12-01,SH603813,15100,204645.29542922974
2021-12-01,SZ000702,42800,204516.96662902832
2021-12-01,SZ002209,32600,204734.22479629517
2021-12-01,SZ002633,26100,204412.60557174683
2021-12-01,SZ300478,20300,204395.43914794922
2022-01-04,SH600520,25000,219282.60326385498
2022-01-04,SH600768,23000,219887.51125335693
2022-01-04,SH600778,48900,219986.29703521729
2022-01-04,SH603029,20300,219947.75171279907
2022-01-04,SH603389,41500,219643.2626247406
2022-01-04,SH603709,13000,219997.46704101562
2022-01-04,SZ000702,44000,219988.2297515869
2022-01-04,SZ002209,31800,219449.75366592407
2022-01-04,SZ002633,25700,219937.3547554016
2022-01-04,SZ300478,21600,219888.7481689453
2022-02-07,SH600768,23700,216156.5188407898
2022-02-07,SH603029,20200,216156.10103607178
2022-02-07,SH603389,41900,216156.80208206177
2022-02-07,SH603709,13300,215245.8303451538
2022-02-07,SH603813,15200,215907.17086791992
2022-02-07,SH688215,6400,214027.9541015625
2022-02-07,SH688309,13800,216069.54231262207
2022-02-07,SZ000702,45100,216093.6863899231
2022-02-07,SZ002209,32200,215967.34285354614
2022-02-07,SZ002633,24700,216215.17143249512
2022-03-01,SH600768,23000,235043.48945617676
2022-03-01,SH600778,51800,235103.924369812
2022-03-01,SH603389,44400,235309.33799743652
2022-03-01,SH603709,14000,234250.78201293945
2022-03-01,SH603958,36300,235102.4555683136
2022-03-01,SH688215,6700,234664.80102539062
2022-03-01,SH688309,14600,234984.3723297119
2022-03-01,SZ000702,45400,235114.3208503723
2022-03-01,SZ002209,32300,234883.3460330963
2022-03-01,SZ002633,26300,235075.8638381958
2022-04-01,SH600455,11100,237181.30702972412
2022-04-01,SH600768,24800,239284.96322631836
2022-04-01,SH603709,14500,238402.93502807617
2022-04-01,SH603958,36500,238725.00133514404
2022-04-01,SH688215,7100,236605.33866882324
2022-04-01,SH688309,16100,238302.0209312439
2022-04-01,SZ002633,25500,238923.27547073364
2022-04-01,SZ002862,19900,238764.8904800415
2022-04-01,SZ300478,22300,238447.0697402954
2022-04-01,SZ300736,22300,238841.80536270142
2022-05-05,SH600455,11400,198293.39447021484
2022-05-05,SH600520,26800,199167.17643737793
2022-05-05,SH600768,25100,199267.41914749146
2022-05-05,SH603389,45100,199322.9066848755
2022-05-05,SH603709,14000,198670.00770568848
2022-05-05,SH603958,37700,199628.63965034485
2022-05-05,SH688215,7500,199148.52619171143
2022-05-05,SZ002633,26900,199406.1113357544
2022-05-05,SZ002856,24000,199404.57916259766
2022-05-05,SZ002862,20300,199155.51481246948
2022-06-01,SH600455,11800,228320.30410766602
2022-06-01,SH600768,25400,229071.555519104
2022-06-01,SH603389,46600,229709.12742614746
2022-06-01,SH603709,14800,229404.64363098145
2022-06-01,SH603958,38900,229836.2985610962
2022-06-01,SH688215,7800,228758.77990722656
2022-06-01,SZ002633,27200,229879.7088623047
2022-06-01,SZ300417,23900,229244.46954727173
2022-06-01,SZ300554,16600,229449.6726989746
2022-06-01,SZ300736,24200,229196.32377624512
2022-07-01,SH600455,12500,241584.84935760498
2022-07-01,SH600768,26400,241572.3518371582
2022-07-01,SH603269,29100,241682.22484588623
2022-07-01,SH603709,15100,241632.54508972168
2022-07-01,SH603729,18000,241082.8514099121
2022-07-01,SH603813,16200,240965.8847808838
2022-07-01,SH688215,7900,241770.12405395508
2022-07-01,SZ002209,35500,242075.50740242004
2022-07-01,SZ300736,24400,242030.89866638184
2022-07-01,SZ300779,18000,241704.48875427246
2022-08-01,SH600137,18200,265899.0430831909
2022-08-01,SH600455,12500,265514.6360397339
2022-08-01,SH600768,26800,265552.1629333496
2022-08-01,SH603709,16200,265916.2788391113
2022-08-01,SH603729,18700,265353.099155426
2022-08-01,SH603958,41700,265542.439699173
2022-08-01,SH688215,7900,264414.06440734863
2022-08-01,SZ002719,35900,266057.30562210083
2022-08-01,SZ300478,25300,265371.82874679565
2022-08-01,SZ300736,25800,265488.86375427246
2022-09-01,SH600455,13000,269205.3909301758
2022-09-01,SH600768,26700,269159.3985557556
2022-09-01,SH603709,16400,268610.55908203125
2022-09-01,SH603729,18700,269115.65523147583
2022-09-01,SH688004,12200,268429.85496520996
2022-09-01,SH688081,20200,268639.33334350586
2022-09-01,SH688096,29900,269114.3714904785
2022-09-01,SH688215,8600,269469.3458557129
2022-09-01,SZ002719,34300,268939.7605419159
2022-09-01,SZ300478,25400,269486.2882614136
2022-10-10,SH600455,12800,241722.412109375
2022-10-10,SH600768,27200,242615.6234741211
2022-10-10,SH603709,16200,241460.71758270264
2022-10-10,SH603729,19100,242153.7977218628
2022-10-10,SH688004,12000,241728.74450683594
2022-10-10,SH688081,20900,242789.05353546143
2022-10-10,SH688096,29700,242102.68650054932
2022-10-10,SH688215,8600,242554.732131958
2022-10-10,SZ002719,34200,242505.7285308838
2022-10-10,SZ300899,12300,241698.3736038208
2022-11-01,SH600455,12600,259478.0776977539
2022-11-01,SH600768,28400,259325.01907348633
2022-11-01,SH603709,17100,258641.18556976318
2022-11-01,SH603729,20100,259303.2380104065
2022-11-01,SH688004,11100,257511.17992401123
2022-11-01,SH688081,19900,258552.6728630066
2022-11-01,SH688215,8200,259497.85614013672
2022-11-01,SH688701,26500,259259.96255874634
2022-11-01,SZ002719,35800,259331.78434371948
2022-11-01,SZ300478,26500,259461.53497695923
2022-12-01,SH600455,12700,270477.2888183594
2022-12-01,SH600768,27600,271308.7875366211
2022-12-01,SH603709,16400,270780.1445007324
2022-12-01,SH603729,19300,270448.4246253967
2022-12-01,SH688004,12100,271334.1592788696
2022-12-01,SH688215,8400,270040.0817871094
2022-12-01,SH688701,28400,271379.6947479248
2022-12-01,SZ002719,34600,271016.5762901306
2022-12-01,SZ300478,26200,271451.63021087646
2022-12-01,SZ300899,12600,271474.37896728516
2023-01-03,SH600768,30600,281485.47134399414
2023-01-03,SH603709,18200,280359.3660354614
2023-01-03,SH603729,21200,281133.6177825928
2023-01-03,SH688004,13600,281450.9582519531
2023-01-03,SH688081,23900,281497.79834747314
2023-01-03,SH688215,9300,281526.17053985596
2023-01-03,SH688701,34400,281567.032623291
2023-01-03,SZ002816,22300,281202.8009414673
2023-01-03,SZ300478,30500,281170.2752113342
2023-01-03,SZ300899,14400,281006.4880371094
2023-02-01,SH603709,18800,315386.98959350586
2023-02-01,SH603729,22500,314775.1235961914
2023-02-01,SH688004,13500,315516.56341552734
2023-02-01,SH688067,15600,315014.501953125
2023-02-01,SH688096,35300,315644.80352401733
2023-02-01,SH688215,9300,315195.5841064453
2023-02-01,SH688565,35700,315594.06566619873
2023-02-01,SH688701,36800,315788.2522583008
2023-02-01,SZ300478,31700,315448.58112335205
2023-02-01,SZ300899,14600,316013.2194519043
2023-03-01,SH603729,23500,332992.9175376892
2023-03-01,SH688004,13500,382062.0403289795
2023-03-01,SH688067,15600,332902.3063659668
2023-03-01,SH688096,35700,333116.03078842163
2023-03-01,SH688215,9500,332198.9936828613
2023-03-01,SH688565,36400,333038.8801574707
2023-03-01,SH688701,37600,333502.17056274414
2023-03-01,SZ002816,21700,310455.7571411133
2023-03-01,SZ300478,31700,319616.53423309326
2023-03-01,SZ300899,14600,325356.0688018799
2023-04-03,SH603030,148100,328626.64115428925
2023-04-03,SH603709,19600,327665.7051086426
2023-04-03,SH603729,22200,327703.3390045166
2023-04-03,SH688215,9700,326588.6215209961
2023-04-03,SH688565,39100,328035.3657722473
2023-04-03,SH688701,38000,328403.21922302246
2023-04-03,SZ002652,124000,328617.01107025146
2023-04-03,SZ002816,25100,328085.66913604736
2023-04-03,SZ002856,32200,328096.61350250244
2023-04-03,SZ300478,33600,327993.78204345703
2023-05-04,SH600122,369600,314127.0080566406
2023-05-04,SH600290,180700,314097.8360772133
2023-05-04,SH600671,41100,313628.1439304352
2023-05-04,SH603030,148100,343376.07073783875
2023-05-04,SH603389,62700,313755.4458618164
2023-05-04,SH603709,19300,314044.3971633911
2023-05-04,SH688565,40100,313559.0806007385
2023-05-04,SH688701,36500,313986.1316680908
2023-05-04,SZ300169,71000,284711.0996246338
2023-05-04,SZ300478,32700,313356.93340301514
2023-06-01,SH600077,468100,285378.17684412
2023-06-01,SH600122,369600,140448.00925254822
2023-06-01,SH600290,230100,285293.5274004936
2023-06-01,SH600589,163000,285232.84232616425
2023-06-01,SH600671,38200,285371.47855758667
2023-06-01,SH603030,152500,285224.5032787323
2023-06-01,SH688565,34900,284619.04296875
2023-06-01,SH688701,31000,284867.75493621826
2023-06-01,SZ000691,69400,285116.72945022583
2023-06-01,SZ002652,56600,145492.7906513214
2023-06-01,SZ300478,30400,285189.95361328125
