symbol,net_contribution
SZ300390,1601428.912352277
SZ300014,1499599.5224603512
SZ300763,1462122.8681116647
SZ002475,1117142.6605962059
SZ300595,1019516.4967067919
SH601012,923271.7451350023
SH603127,885698.5795467069
SH603613,833411.3597221551
SH601888,796223.1213185369
SH603010,741773.001644658
SZ300072,737736.2004420261
SZ300593,734294.0133562244
SZ002236,720270.8806275928
SZ300122,714732.5720163631
SH603208,662905.6368238752
SH603444,617309.269270048
SZ300296,614887.3071810283
SH600816,599898.7320150036
SH600132,589012.4081342724
SH688298,575986.1285994179
SZ002085,571658.4071181437
SZ002180,561468.7722267772
SZ000671,523546.18823383027
SH603489,508913.2953445383
SZ002916,504003.9744096061
SZ300850,503703.66642274277
SH600507,481739.175777292
SH601669,478315.47780742345
SH603160,458579.1074351779
SH600309,458484.48600374674
SZ002847,454391.2909935983
SZ000718,451390.32844760746
SZ000977,439166.18721427396
SZ002153,437414.31277975143
SH603986,434350.2717714229
SZ000333,422360.2639931838
SZ300751,417474.4970857396
SZ000661,399808.51746333693
SZ300726,399678.6132993682
SZ002581,396690.094740826
SZ300677,395451.0674654732
SZ300782,392641.8575450578
SZ002241,391181.14286180324
SZ300715,389929.70160851255
SH601766,381860.49659196276
SZ002074,377485.53874097014
SH688036,372281.7741697016
SH600876,369010.5823910644
SH600886,368493.21395617095
SZ000732,366894.33502038603
SZ300661,366658.0675400377
SH600340,362898.5763291672
SZ300529,354600.87180587696
SH600763,339188.7155477047
SZ002508,335718.7941385829
SZ002869,335383.7738664502
SZ002271,333697.98038300587
SZ000151,331713.8218951608
SH603338,321126.9589262733
SH600233,319138.80087802844
SZ000708,318891.7098445397
SZ000902,312737.2472980333
SH600702,312366.97783269105
SZ300136,311331.67656139575
SH603185,305834.6211557881
SH601100,304268.4069801142
SZ000065,300902.4157201195
SZ300702,296597.71568970743
SZ002901,293357.2392906903
SH601919,286694.14888689737
SH600571,283442.6975166055
SH688516,280678.1498268971
SZ002081,279664.8318562382
SZ300638,271495.4240782921
SH600991,271280.67698175204
SH603737,271238.86489443236
SZ000156,256804.39329196277
SZ000957,254738.928472346
SH603233,251687.40901146235
SH688356,250475.67654234753
SH600297,247743.53820044443
SZ002597,242345.994187697
SZ002008,241792.8310118923
SZ002673,240670.08260044327
SZ002709,240363.5277826148
SZ000531,236242.75671666418
SH600027,227232.89393915987
SH600131,225876.5759108927
SZ000600,225594.2380571955
SH603707,223637.94342063786
SZ300025,221115.6951139659
SH600398,217478.0964600703
SZ002643,214123.8650727017
SZ300024,213529.16495867504
SH600396,209902.833809686
SZ000672,209191.01817227743
SZ002458,208552.17608406697
SH600687,202017.70225914143
SZ000563,198779.37222019833
SZ300202,193905.7024962806
SZ000960,188322.50882580312
SZ300015,187066.7406445581
SH603806,185391.97217843495
SZ300628,184270.34092601098
SH600477,182098.14422424417
SZ300132,181577.67374910688
SZ002572,180519.08471255965
SH603605,177643.3294445112
SZ000887,177583.20721657138
SH600288,175122.78868858964
SH601003,174645.77967772604
SH600021,174064.11995091668
SH600483,173840.68601153768
SH600807,171263.07511387725
SZ300100,170634.6392950983
SZ000522,167434.96591640642
SH600487,164412.36244838795
SZ300760,164134.69464204798
SH600690,163122.93006361526
SH600415,161557.51906672792
SH600801,158757.8336243363
SZ002069,158170.62347386032
SZ002841,157219.79073766735
SZ002030,155985.55703311763
SZ002648,153673.4459425304
SH601633,153253.89493156993
SZ000656,151923.18246963958
SH601818,151905.13559118862
SZ002932,151608.13813897618
SZ300017,151098.7784330381
SZ002605,147615.9115670987
SZ300462,145735.66640517244
SZ300324,144726.1245418972
SH600519,144506.11407986173
SZ002100,141623.0657913274
SZ300058,140329.76704544868
SZ002504,140201.6196277031
SZ300182,138277.66909017268
SZ300673,138159.3886762521
SH600383,138004.36876399285
SZ000997,137927.22654095764
SZ300285,132982.2816130009
SZ300208,131708.99306163442
SH601567,131369.9426815876
SZ000157,131280.13522844113
SH600755,129136.36306045268
SZ002043,128757.82995607785
SZ002179,126893.70147855469
SH600662,126737.55621064478
SZ300724,121692.35794216499
SZ002146,120673.86042359672
SH600382,118584.49009739334
SH600863,115029.98440805066
SH601636,114200.15312848822
SH688169,111531.87548730476
SH600266,111197.6890783793
SZ002470,109141.14572431549
SZ002036,108593.29273246374
SH603039,108574.842544841
SH600503,108018.14296493944
SH601318,107843.11564649461
SZ000049,107719.92440222576
SH600020,107065.41417011246
SH603638,105553.78362220188
SZ002049,105350.7620711925
SZ002050,104054.70586021955
SH600566,103736.7571015401
SZ300572,103094.6575710082
SZ002092,102575.60333694902
SZ300432,102278.43771761341
SZ300590,102166.25602352654
SH603887,101603.70769864321
SH600315,101312.85356156487
SH600553,100929.0022344907
SZ000796,100844.80765215901
SH603520,100192.4923650329
SZ000785,99742.1385405726
SZ002208,99461.83809530482
SZ002038,97950.77951580216
SZ300300,97344.87677438633
SZ002718,97329.91441380628
SZ000681,96544.57791584317
SZ002607,95287.49714055331
SZ002467,95116.08175808779
SZ300145,93777.27986548445
SZ300662,91917.01786999911
SZ000527,91473.83799626608
SZ000753,90940.76137482212
SZ300316,90796.9560981018
SZ002681,89732.04513833992
SZ300393,89702.18865065317
SZ300587,89233.26654781587
SH603898,89146.66128266591
SH601000,89136.73945681006
SZ000848,88986.45359695912
SZ002171,87167.09770141367
SZ002411,85752.18562815705
SH600782,85432.27850157523
SZ002042,82754.18922697051
SZ002812,82170.62771838345
SZ002214,81936.67703306046
SZ000838,80478.21072943136
SZ300365,79510.33184949786
SZ002210,78518.67263905553
SZ300357,78083.33429601998
SH600419,77512.4567376796
SZ000930,77511.8738104942
SH603899,77199.18544705561
SZ002285,75943.20301597775
SZ002217,75357.79513529851
SH600057,75262.13142868527
SH601009,74861.29120092205
SZ002029,73554.4679826065
SZ000982,73293.33558443421
SH600502,71772.18481273213
SH601865,70653.75346241286
SH600039,69949.91663774505
SZ300273,69450.64982095757
SZ300197,67910.48511220305
SZ002189,66903.56789855752
SH600253,65996.59927435662
SZ300267,65781.43744095962
SH600684,63997.80751997349
SZ000626,62252.075618942035
SZ300426,61788.12645317908
SZ002507,60146.085951619316
SH603218,57787.084221576806
SZ000553,56460.3313844793
SZ002353,55765.33624909667
SZ001979,55707.58404036274
SZ002595,55395.74077344872
SZ002919,55368.4911751817
SZ000568,55201.40667190205
SZ300026,54631.71454301773
SZ002244,54557.61272889655
SZ002335,53536.08676994522
SH600981,52943.08027950197
SH600081,52882.30097907642
SZ300352,52405.41422831407
SH601238,51336.50763924967
SZ000413,50872.03009767854
SZ000301,50741.663440329605
SH600293,50598.664226267836
SZ002213,50319.54214848374
SZ002061,49744.22319276305
SH688188,49571.69486451952
SZ002410,49476.016033086344
SZ000876,49195.02839059709
SZ002769,47566.564397821785
SZ300454,47486.120482235565
SZ000700,46430.98847200838
SZ002468,45156.967710870435
SZ000673,44866.95965186402
SZ002714,44554.91043454583
SH600550,44489.308671611245
SH601689,43815.24986228009
SH603568,43013.96647567849
SZ000540,42665.546438922815
SZ300115,42225.706054939306
SH600535,41952.92273866758
SZ300009,41112.83529092395
SZ300124,40505.857470724965
SZ002469,39944.376591805136
SZ000799,39212.529308018275
SH600422,38542.313965760375
SH600230,38056.4998241642
SZ002859,37958.07728320535
SZ000029,37837.70394107269
SH603882,37612.98896754719
SZ002055,37415.312579774225
SZ300274,36969.072956114425
SH600258,36898.35592974571
SH600570,36756.791069242754
SZ002867,36340.124531059
SZ300567,36164.519464526034
SZ002273,35772.77927397814
SH600983,35610.131495003414
SH600629,34806.200396579574
SZ000043,34665.10473600292
SZ300232,34455.004468930885
SZ002294,34371.32384383719
SZ000538,34052.2791635539
SZ000963,33629.53245356638
SH600201,33554.62203703844
SZ001914,33029.350525833666
SZ300428,32631.93481563026
SZ000826,32380.230281499622
SH600557,32191.060475646693
SZ300302,32022.317800929188
SZ002304,31877.901632563007
SZ002223,31830.040744303493
SH688301,31316.97629286698
SZ300237,31172.597964476096
SZ300188,30197.930965358566
SH603658,30090.545785700902
SH600287,29925.79581751686
SH601515,29837.17814725428
SZ000968,29817.772887479514
SH600547,29687.86280686414
SH600546,29361.3001558634
SH600985,29218.73308595596
SZ000423,28926.342271329777
SH600323,28786.19466739433
SH600157,28764.29459829518
SH600556,28416.661035088357
SH600180,28396.828866626427
SH603486,28249.47486921656
SH600582,27576.324600331835
SZ002352,27429.285993728205
SZ000895,27400.206448077806
SZ300383,26415.110250033613
SZ002323,24812.27969809319
SZ002065,24777.72296514531
SZ300286,24721.645426164614
SH603659,24367.581676340662
SZ300253,24014.231095054653
SZ000961,23855.94609366526
SZ300349,23504.011450971215
SZ000905,22259.382309507346
SH600567,21878.33965374308
SH688598,21857.031427211128
SZ000062,21428.333982718294
SH600562,21385.478528618813
SZ002123,20943.611351805157
SZ002158,20559.393999182386
SZ002035,19936.65156591125
SH600489,18518.860998760152
SZ300571,18147.474370263866
SZ002430,17391.081846683926
SZ300156,16848.717293045833
SZ000631,16296.150726493273
SZ000550,16004.918496711005
SZ002635,15944.193818886182
SZ000788,15352.80047153501
SZ002226,15262.213009496627
SH600784,14545.616822495416
SZ000892,14005.283268712636
SH600452,13722.486780623673
SH600263,13413.735516838671
SZ000736,13182.659490497783
SZ002250,13009.359775121382
SZ000688,12902.363433210645
SZ002268,12068.987951218209
SZ002344,11674.399122432107
SZ300251,11330.9702200701
SZ002602,11203.597138895479
SZ300455,10937.181200880892
SZ300265,10683.1346841919
SH600338,10537.64033243584
SZ000858,10284.234342772106
SZ002004,10081.004474515503
SH600873,10015.951163764868
SH600850,9613.825217968144
SZ002697,9431.992941259523
SZ002045,9406.453405270819
SZ002450,9382.020822253136
SZ000338,9221.730333284067
SZ002166,9052.012377930572
SZ300450,8954.586400368717
SH600794,8920.871252795681
SH600016,8687.06934090401
SZ002311,8335.872211680922
SH600048,8186.090792359086
SH600054,7959.480141288834
SZ000703,7741.681082258816
SH601933,7677.741987556161
SZ000861,7053.604861398577
SZ300070,6746.940119845967
SH603337,6719.485471002059
SZ002077,6538.326159433695
SZ000650,6493.291834811505
SH600585,6086.086190533242
SZ002487,5998.460141072748
SZ002462,5843.1907163850265
SH600025,5798.69654941035
SZ300327,4992.841509656049
SZ002699,4714.850219683838
SZ300033,4608.988303985097
SZ300294,4559.113305578125
SH600077,4357.394946761138
SZ002360,4319.0245843819575
SZ000069,3821.121440752526
SH600641,3512.836384742288
SZ000932,3510.2080364880385
SH600810,3149.0312282419764
SH600298,2688.129411280155
SH601155,1974.9199010476004
SH600527,1928.632660199306
SZ002293,1848.242559616585
SH600742,1580.7815208876273
SZ002440,1235.4243079270818
SZ300288,569.3077007692336
SZ300315,403.0649628963472
SH601127,159.8476431380259
SZ300342,64.06077689995766
SZ300008,-47.75345827388753
SZ300603,-55.12537304382295
SZ300506,-272.1578822757724
SZ300204,-934.0849455342432
SH600982,-1128.146175344009
SH600332,-1391.7139930457342
SZ002106,-2223.1857936985907
SH600420,-2748.4287388299126
SZ002174,-3264.7740574710188
SH601166,-3369.634568171343
SH600436,-3667.528938329371
SZ300212,-4205.087973156653
SZ000430,-6367.075316350325
SZ002182,-6639.297230288852
SH600568,-6750.137316843437
SZ000050,-6757.538769281993
SH600607,-7753.510953189863
SH600166,-8049.846478679392
SZ000028,-8058.12143199431
SZ000567,-8699.49570161046
SH600375,-8858.721001643687
SZ000607,-9460.98835640389
SH600067,-9508.78270189563
SH600525,-10102.243664965965
SH603606,-10259.799812044716
SH600710,-10355.43476108706
SZ002170,-10554.748189539649
SZ300347,-10976.418225140776
SH600276,-11450.964243673836
SZ002646,-11600.129607103765
SZ002230,-11639.60391415871
SZ002007,-11738.03966524708
SH600887,-11800.224229837593
SH600779,-11883.671198233555
SZ002664,-12200.215604018944
SZ300725,-12528.36989023925
SH600595,-12582.93845616997
SH600805,-13358.017995417293
SH600083,-13674.378277773852
SZ002653,-13817.870407610957
SZ300293,-13908.785764154338
SH603040,-14701.757582993712
SH600658,-14850.58308630425
SZ000933,-14922.930293569574
SH600809,-15186.897442622809
SH600877,-15349.09741793177
SZ300230,-15440.389483481995
SH600728,-15645.820402574376
SH601021,-15662.47989913862
SZ300142,-15898.300616703113
SH600076,-15904.763776409905
SZ000048,-15976.943234356993
SZ002051,-16177.276419619448
SH600637,-17176.27952793392
SZ300216,-17385.006528975675
SZ000791,-17831.303177662543
SZ000789,-18185.108241312322
SZ000602,-18503.944774743577
SZ002975,-18753.614972012234
SH600900,-19636.237888543343
SH600681,-19645.758168085944
SZ300607,-19678.79606969678
SZ002037,-20649.521258514433
SZ002014,-20946.186459299934
SZ002400,-21272.81179980893
SZ000422,-21401.47053136467
SZ000680,-21540.49683496292
SZ300027,-21599.695221466653
SH600259,-22054.77984856104
SH600715,-22087.331440034905
SH600053,-22090.456140214927
SH605399,-22522.829497745493
SZ300234,-22945.489428070723
SZ000001,-23072.241538971663
SZ300415,-23135.6736058791
SZ300367,-23279.41721468279
SZ000411,-23295.48059932288
SZ000921,-23394.109350157087
SZ000677,-23572.61788989423
SH600182,-24066.490251455863
SH600426,-24171.979153267865
SZ000717,-24225.081292430405
SH600216,-24982.422082343255
SH600988,-25367.56784721784
SZ300575,-26304.172005088127
SZ002104,-26315.52672172652
SZ002091,-26380.69851516944
SZ000552,-26489.818345878622
SH600318,-26632.735182079254
SZ002456,-26878.668814614182
SH600080,-27484.795798977895
SZ000809,-28120.513443012314
SZ000536,-28179.66605247598
SZ000400,-28182.101709092618
SH600188,-28323.578454465198
SZ002793,-28338.344492113567
SZ000002,-28530.913070887444
SH600403,-28936.901142693532
SZ300176,-28994.314494011865
SZ002558,-29053.858620078187
SH600885,-29163.510366415256
SZ002185,-29224.955655777943
SZ000908,-29792.169347120274
SZ000036,-29912.964102789643
SH600703,-30341.190365129383
SH600499,-30527.55852939986
SZ000011,-30611.002366369008
SH600176,-30635.667101771687
SZ002415,-30668.44825795351
SZ002258,-30974.748841136287
SH600563,-31707.121236348466
SZ000915,-31779.24573840946
SZ000006,-31798.71429862152
SZ002018,-31989.184609186952
SZ300231,-32064.863638298702
SZ300632,-32274.499879483483
SH600559,-32688.84729830062
SH600612,-33209.983021978056
SZ300598,-33726.314892425784
SH600339,-34075.289047487604
SH600346,-34154.495626933116
SZ300392,-34220.48773719481
SZ300284,-34428.38740894722
SZ000586,-34488.76932848763
SZ300735,-34552.44669334311
SZ300144,-34853.22205093829
SZ002221,-34960.33726986835
SZ002772,-34967.60848980106
SH603601,-35923.66389979323
SZ000506,-36755.69237766502
SZ300482,-37638.69665433781
SH600199,-37748.52799051488
SH600381,-38154.36685096187
SH600505,-38492.096404783544
SZ002116,-38977.87710985425
SH600771,-39208.58963732631
SZ002568,-39414.09484110138
SH600106,-39776.97247348941
SZ002204,-40159.211729193165
SH600958,-40564.43503291829
SH600458,-40770.4660133617
SH601699,-41976.86565187923
SZ002722,-42239.58786169521
SZ002140,-42558.817517410265
SZ002118,-42870.543992896826
SZ000988,-42948.532572524215
SH601628,-43187.68124921713
SZ002002,-43582.22798031912
SH600661,-43787.18065454735
SH600351,-43981.11871291278
SZ000425,-44220.568784265546
SH601101,-44800.91545282747
SZ300303,-45251.19251117186
SZ000813,-45446.7072080503
SH600111,-45693.62536910002
SZ300559,-46114.801278136205
SH601002,-46756.758956326
SZ000655,-46870.70604457951
SH600282,-47091.9933316299
SZ300738,-47159.06426272658
SH600236,-47668.073450611264
SH600486,-47679.57535552292
SZ002249,-47834.95731689624
SZ000581,-48642.589826971
SZ000651,-49523.10977969214
SH600745,-49611.18552688614
SH603501,-49765.367237126746
SH600894,-49949.29750604811
SZ002108,-50328.85160185862
SZ002310,-50572.82199099229
SZ002006,-51292.086462024105
SZ002283,-51976.60452099034
SH600835,-52187.16831038619
SZ002063,-52610.57768044411
SZ002434,-52787.95548381796
SZ002200,-53222.20021443884
SH603043,-53990.637111525284
SZ002364,-54405.820074943476
SZ300263,-55172.627150900604
SZ002299,-55879.66271927883
SZ002130,-58063.73020168382
SZ000776,-58644.890148956445
SH600569,-59314.9815383564
SH600197,-59891.12131792016
SZ002126,-60190.42635346041
SZ000951,-61363.04433769034
SZ002913,-61828.00404598244
SH600532,-62367.455383101944
SH600123,-62448.6991427248
SZ002198,-63028.281535037444
SZ300080,-63213.55639585678
SZ300896,-63247.11352540273
SH600970,-63411.31619907328
SZ300531,-66388.35540424066
SH600815,-66439.79873145476
SH601360,-66696.10899267078
SH688536,-68503.43216160266
SZ002749,-69035.99227074586
SH600392,-69168.53324247093
SZ002761,-69751.28923000238
SZ300219,-70653.62631368428
SZ000596,-71389.74251664127
SH600406,-72070.30544006848
SH603305,-72107.38033221057
SZ002912,-72462.48840583122
SH600139,-73134.58286985877
SZ002120,-73903.28556409059
SZ000828,-74174.02459655917
SZ300113,-76198.53099652386
SZ002658,-76300.36170008662
SZ002701,-76598.35395865655
SZ300005,-77510.23073688836
SZ002110,-77774.11373818526
SZ300552,-77897.99104764801
SZ002755,-78518.693780398
SH600183,-78964.22237730958
SZ300207,-80087.42006823584
SZ300073,-80788.71490985202
SH600651,-80890.52296974015
SZ300633,-81020.61795123108
SZ300121,-81495.41750275827
SZ000528,-81529.21200399648
SH600161,-85961.35258396267
SH600177,-86024.53018746234
SH600160,-86864.25113279509
SH600781,-87359.13917251758
SZ300601,-87552.73968414753
SH600518,-89079.97475412424
SH603788,-90580.57097053854
SZ002305,-90619.23697834485
SH600171,-90884.76301860227
SZ000590,-91103.13446352186
SH600348,-91791.63594967884
SH600666,-92134.27830630488
SZ300602,-92806.10878135066
SH600545,-92807.19673493213
SZ300423,-94028.14179891133
SZ000720,-94066.23320886178
SZ300487,-94782.17105499993
SZ002252,-95487.79864861327
SZ000922,-96011.7795344431
SH603317,-96698.84158758586
SZ000055,-96781.01763014664
SZ300032,-98472.50364781037
SH600738,-99696.4647466978
SZ000881,-101382.89421326318
SZ300319,-102691.12580918404
SZ002950,-103253.01940633694
SZ002056,-104443.5128094682
SZ002555,-106005.33445332153
SZ300228,-107724.89467122272
SZ002219,-107952.934404751
SZ002161,-109646.52843189286
SZ300630,-109746.8315727521
SH600622,-110101.18098007323
SZ300133,-110698.45383330726
SH600389,-111189.53589845868
SZ002746,-111388.85508386907
SZ002373,-112118.10405342293
SZ002127,-112770.01666024094
SH600369,-113593.57618863933
SH600978,-114105.20526491886
SZ002706,-114446.17871909798
SH600366,-116108.48082253191
SZ002041,-116155.91270703654
SH600376,-116484.1915882621
SZ300355,-116812.98039056384
SH600031,-117444.92442446994
SZ000958,-117836.79449789447
SH600675,-121466.93999099336
SZ002139,-121649.84888109937
SZ002354,-121667.3250314939
SH600631,-122434.43161940615
SH600211,-122794.92971828056
SH603392,-122940.04260816798
SZ002242,-124229.07906685246
SZ000783,-125740.58968014171
SZ000034,-126039.04364449019
SH603165,-126337.95334742789
SH600066,-127195.77794678835
SH600516,-128389.98752130353
SZ002234,-128448.48713574989
SH600999,-128531.09262709075
SH603023,-129772.24326615629
SZ002312,-130011.48897918174
SZ000016,-130264.38097114395
SZ002082,-130664.16107522161
SZ000877,-130752.4028226888
SH603360,-130902.51124944782
SZ000039,-136720.09746031987
SH603505,-137887.88667729346
SH603306,-139220.08085091558
SH600179,-140517.0360918662
SZ300376,-140973.74206610164
SZ300497,-150692.5050484076
SH600856,-153388.85767758172
SZ002343,-154429.54783170775
SZ300244,-154536.3833271347
SZ002803,-154989.33887612063
SZ300684,-159138.05937315244
SZ300107,-161358.40338148794
SH600705,-162251.62867680273
SH603267,-162522.12264895893
SZ002631,-165392.0158616149
SH605111,-166498.99320397794
SH600633,-168658.86929056596
SH603129,-170162.690655233
SZ002447,-173620.05471331294
SZ300287,-176495.24705452082
SZ300418,-178522.0122215649
SZ000408,-181060.42910045845
SH600252,-184675.6761833927
SZ002366,-187591.44975171948
SZ000627,-188187.1193708385
SZ002553,-189701.15600888
SH603416,-189748.2664547671
SZ300770,-192197.2496871889
SH603387,-193066.23652453558
SZ300401,-198003.88389797963
SZ000970,-198398.8190653933
SZ000578,-198673.64138798253
SH600446,-204002.51393509674
SH600086,-206028.99002012605
SZ300443,-211525.19965312537
SH603019,-212227.71158850088
SZ000737,-215754.7627153804
SZ002626,-215775.07254487678
SH600837,-216991.85921073414
SZ300166,-229458.75503548817
SZ300554,-235111.26946518384
SZ002768,-237668.16703841626
SZ000031,-238192.9430431404
SZ002001,-239154.39590716956
SH600743,-239584.15699261118
SZ002717,-241248.13750012044
SZ300502,-243635.64069808496
SH603877,-249124.06901817664
SH688399,-252478.00712326705
SZ000516,-253776.59095940914
SZ000537,-254773.06646547146
SH603301,-254808.6830143768
SZ300348,-254817.24371301412
SH601555,-255895.04935182142
SZ300618,-258145.67647492856
SZ002466,-264053.84070241556
SZ002019,-265159.6223956243
SZ300729,-270169.31368808146
SZ002677,-270255.1001914649
SZ002016,-285123.7205837005
SH600826,-292158.9060567919
SH601099,-295320.9497519257
SH600030,-302543.1633260698
SZ002270,-302828.19766619924
SH600732,-306688.30354045774
SZ000786,-311982.55644406565
SZ002838,-321714.0915252452
SZ000830,-329673.7751172536
SZ300525,-340265.7843393745
SZ002460,-346997.05630666495
SZ000686,-352480.8011612081
SZ300059,-357551.22798911424
SZ002064,-385780.5388761291
SZ002280,-390438.98942124215
SH688068,-391239.7518400154
SH688111,-392762.33810254827
SZ000046,-397048.1979315998
SH603260,-400489.14280568645
SZ002463,-404687.5488584596
SZ002959,-418822.8783819596
SH603799,-420399.733932217
SH601688,-474364.60280185915
SH601377,-517875.17707359727
SZ002027,-784465.0425206075
